id	package	tool	opt_tag	corpora	has_debug_elf	has_stripped_elf	n_debug_elfs	n_stripped_elfs	has_bir	bir_size	has_labels	n_labels	label_schema	n_xproj_ground_truth	n_external_fns	n_sub_graphs	n_nonsub_graphs	n_matched	n_matched_dangling	n_matched_clang_mi	local_split	wulver_split_v1	wulver_split_paper_clean	wulver_split_paper_clean_strict_idx	wulver_data_split	wulver_has_bir	wulver_bir_size	wulver_has_labels	wulver_has_external	wulver_n_sub_graphs	wulver_n_nonsub_graphs	wulver_n_matched	wulver_has_debug_elf	wulver_has_stripped_elf	build_id_stripped	build_id_debug	build_id_match	build_id_any_match	elf_type	has_eh_frame	n_fde	n_fde_debug	elfcheck_ratio	elfcheck_src	duplicate_of	eligible_v2	ineligible_reasons	role_hint	notes
acct_ac_O0	acct	ac	O0	local_main;wulver	data/raw/acct_ac_O0_sym	data/stripped/acct_ac_O0_stripped	1	1	data/bir/acct_ac_O0.bir	428791	1	53	schemaA:functions=name->addr		191	104	45	103	0		train	train	train	train	train	0		1	1	104	45	103	0	1	96fed4493cfc044ff97618acda5c268dc551c700	96fed4493cfc044ff97618acda5c268dc551c700	1	1	DYN	1	56	56	1.0	archive		1			
acct_ac_O1	acct	ac	O1	local_main;wulver	data/raw/acct_ac_O1	data/stripped/acct_ac_O1_stripped	1	1	data/bir/acct_ac_O1.bir	383157	1	58	flat:addr->name		132	44	45	42	0			train	train	train		0		1	1	44	45	42	0	1	5713ee3bcb999c0550bab3020ecaac7bc4da3d9d	5713ee3bcb999c0550bab3020ecaac7bc4da3d9d	1	1	EXEC	1	54	54	1.0	archive		1			
acct_ac_O2	acct	ac	O2	local_main;wulver	data/raw/acct_ac_O2_sym	data/stripped/acct_ac_O2_stripped	1	1	data/bir/acct_ac_O2.bir	393535	1	50	schemaA:functions=name->addr		130	42	46	40	0		train	train	train	train	train	0		1	1	42	46	40	0	1	2312d378e766404e96746c758c79b16c1607fca8	2312d378e766404e96746c758c79b16c1607fca8	1	1	DYN	1	54	54	1.0	archive		1			
acct_ac_O3	acct	ac	O3	local_main;wulver	data/raw/acct_ac_O3	data/stripped/acct_ac_O3_stripped	1	1	data/bir/acct_ac_O3.bir	440225	1	58	flat:addr->name		130	42	45	40	0			train	train	train		0		1	1	42	45	40	0	1	433f16daa2665f2e8154eebcb01216a3d1865bea	433f16daa2665f2e8154eebcb01216a3d1865bea	1	1	EXEC	1	54	54	1.0	archive		1			
acct_accton_O0	acct	accton	O0	local_main;wulver	data/raw/acct_accton_O0_sym	data/stripped/acct_accton_O0_stripped	1	1	data/bir/acct_accton_O0.bir	49827	1	10	schemaA:functions=name->addr		57	20	16	19	0		train	train	train	train	train	0		1	1	20	16	19	0	1	a703f63ae90b4193c07632ac3dbb2b8fc9c60929	a703f63ae90b4193c07632ac3dbb2b8fc9c60929	1	1	DYN	1	14	14	1.0	archive		1			
acct_accton_O1	acct	accton	O1	local_main;wulver	data/raw/acct_accton_O1	data/stripped/acct_accton_O1_stripped	1	1	data/bir/acct_accton_O1.bir	41876	1	18	flat:addr->name		44	9	15	7	0			train	train	train		0		1	1	9	15	7	0	1	6cf47aa4a02dd210ef2fcdcd69b9803de55e5fa7	6cf47aa4a02dd210ef2fcdcd69b9803de55e5fa7	1	1	EXEC	1	14	14	1.0	archive		1			
acct_accton_O2	acct	accton	O2	local_main;wulver	data/raw/acct_accton_O2_sym	data/stripped/acct_accton_O2_stripped	1	1	data/bir/acct_accton_O2.bir	37925	1	10	schemaA:functions=name->addr		42	9	15	7	0		train	train	train	train	train	0		1	1	9	15	7	0	1	235c95a064be371c71972da09dade260a88692b7	235c95a064be371c71972da09dade260a88692b7	1	1	DYN	1	14	14	1.0	archive		1			
acct_accton_O3	acct	accton	O3	local_main;wulver	data/raw/acct_accton_O3	data/stripped/acct_accton_O3_stripped	1	1	data/bir/acct_accton_O3.bir	38155	1	18	flat:addr->name		39	7	14	5	0			train	train	train		0		1	1	7	14	5	0	1	edcd3247784f3769b5191687977152e5c05e3254	edcd3247784f3769b5191687977152e5c05e3254	1	1	EXEC	1	14	14	1.0	archive		1			
acct_dump-utmp_O0	acct	dump-utmp	O0	local_main;wulver	data/raw/acct_dump-utmp_O0_sym	data/stripped/acct_dump-utmp_O0_stripped	1	1	data/bir/acct_dump-utmp_O0.bir	338210	1	47	schemaA:functions=name->addr		178	92	43	91	0		train	train	train	train	train	0		1	1	92	43	91	0	1	813bf32e478da4dac628cc9c7a0442a3ce7eadf5	813bf32e478da4dac628cc9c7a0442a3ce7eadf5	1	1	DYN	1	50	50	1.0	archive		1			
acct_dump-utmp_O1	acct	dump-utmp	O1	local_main;wulver	data/raw/acct_dump-utmp_O1	data/stripped/acct_dump-utmp_O1_stripped	1	1	data/bir/acct_dump-utmp_O1.bir	267092	1	51	flat:addr->name		119	32	43	30	0			train	train	train		0		1	1	32	43	30	0	1	a3511ea0ce0adff23fe2ebdc88394398fe0ede02	a3511ea0ce0adff23fe2ebdc88394398fe0ede02	1	1	EXEC	1	47	47	1.0	archive		1			
acct_dump-utmp_O2	acct	dump-utmp	O2	local_main;wulver	data/raw/acct_dump-utmp_O2_sym	data/stripped/acct_dump-utmp_O2_stripped	1	1	data/bir/acct_dump-utmp_O2.bir	270783	1	43	schemaA:functions=name->addr		119	31	44	29	0		train	train	train	train	train	0		1	1	31	44	29	0	1	31a612e53573ccfb1c8e8a929b7e1b39e30787b6	31a612e53573ccfb1c8e8a929b7e1b39e30787b6	1	1	DYN	1	47	47	1.0	archive		1			
acct_dump-utmp_O3	acct	dump-utmp	O3	local_main;wulver	data/raw/acct_dump-utmp_O3	data/stripped/acct_dump-utmp_O3_stripped	1	1	data/bir/acct_dump-utmp_O3.bir	265888	1	50	flat:addr->name		115	28	43	26	0			train	train	train		0		1	1	28	43	26	0	1	feeb69fb0881b4d16bdbe37e16f0c6e24e187968	feeb69fb0881b4d16bdbe37e16f0c6e24e187968	1	1	EXEC	1	46	46	1.0	archive		1			
acct_last_O0	acct	last	O0	local_main;wulver	data/raw/acct_last_O0_sym	data/stripped/acct_last_O0_stripped	1	1	data/bir/acct_last_O0.bir	400516	1	52	schemaA:functions=name->addr		188	102	43	101	0		train	train	train	train	train	0		1	1	102	43	101	0	1	81a02c5812c0542d00aa4b5cf34991ac6a968d0b	81a02c5812c0542d00aa4b5cf34991ac6a968d0b	1	1	DYN	1	55	55	1.0	archive		1			
acct_last_O1	acct	last	O1	local_main;wulver	data/raw/acct_last_O1	data/stripped/acct_last_O1_stripped	1	1	data/bir/acct_last_O1.bir	332524	1	57	flat:addr->name		129	42	43	40	0			train	train	train		0		1	1	42	43	40	0	1	6799362440d854a3ccd60b8de6cf37851e76aa19	6799362440d854a3ccd60b8de6cf37851e76aa19	1	1	EXEC	1	53	53	1.0	archive		1			
acct_last_O2	acct	last	O2	local_main;wulver	data/raw/acct_last_O2_sym	data/stripped/acct_last_O2_stripped	1	1	data/bir/acct_last_O2.bir	342451	1	49	schemaA:functions=name->addr		127	40	44	38	0		train	train	train	train	train	0		1	1	40	44	38	0	1	62a64720dfb78383a37b1b61b32c1b3078615878	62a64720dfb78383a37b1b61b32c1b3078615878	1	1	DYN	1	53	53	1.0	archive		1			
acct_last_O3	acct	last	O3	local_main;wulver	data/raw/acct_last_O3	data/stripped/acct_last_O3_stripped	1	1	data/bir/acct_last_O3.bir	351855	1	56	flat:addr->name		127	40	43	38	0			train	train	train		0		1	1	40	43	38	0	1	7144696f58bdd0336a984ca0627b130fb998bf4c	7144696f58bdd0336a984ca0627b130fb998bf4c	1	1	EXEC	1	52	52	1.0	archive		1			
acct_lastcomm_O0	acct	lastcomm	O0	local_main;wulver	data/raw/acct_lastcomm_O0_sym	data/stripped/acct_lastcomm_O0_stripped	1	1	data/bir/acct_lastcomm_O0.bir	513638	1	55	schemaA:functions=name->addr		210	108	50	107	0		train	train	train	train	train	0		1	1	108	50	107	0	1	68510038868980995a5c1ffc7c9363906c2ca3cb	68510038868980995a5c1ffc7c9363906c2ca3cb	1	1	DYN	1	58	58	1.0	archive		1			
acct_lastcomm_O1	acct	lastcomm	O1	local_main;wulver	data/raw/acct_lastcomm_O1	data/stripped/acct_lastcomm_O1_stripped	1	1	data/bir/acct_lastcomm_O1.bir	426476	1	57	flat:addr->name		146	41	51	39	0			train	train	train		0		1	1	41	51	39	0	1	56263cd0f9d7ed1294cda49a8d22a6acfca45109	56263cd0f9d7ed1294cda49a8d22a6acfca45109	1	1	EXEC	1	53	53	1.0	archive		1			
acct_lastcomm_O2	acct	lastcomm	O2	local_main;wulver	data/raw/acct_lastcomm_O2_sym	data/stripped/acct_lastcomm_O2_stripped	1	1	data/bir/acct_lastcomm_O2.bir	452196	1	49	schemaA:functions=name->addr		144	38	52	36	0		train	train	train	train	train	0		1	1	38	52	36	0	1	5cced07353f3f5e439301d48b826d05c309e83bc	5cced07353f3f5e439301d48b826d05c309e83bc	1	1	DYN	1	53	53	1.0	archive		1			
acct_lastcomm_O3	acct	lastcomm	O3	local_main;wulver	data/raw/acct_lastcomm_O3	data/stripped/acct_lastcomm_O3_stripped	1	1	data/bir/acct_lastcomm_O3.bir	486032	1	55	flat:addr->name		142	37	51	35	0			train	train	train		0		1	1	37	51	35	0	1	81b46cd2063328932a314cb07b674e0a39a3e7ed	81b46cd2063328932a314cb07b674e0a39a3e7ed	1	1	EXEC	1	51	51	1.0	archive		1			
acct_sa_O0	acct	sa	O0	local_main;wulver	data/raw/acct_sa_O0_sym	data/stripped/acct_sa_O0_stripped	1	1	data/bir/acct_sa_O0.bir	710855	1	71	schemaA:functions=name->addr		256	140	58	139	0		train	train	train	train	train	0		1	1	140	58	139	0	1	de84581f81f228f747380e62e19787043fe6575d	de84581f81f228f747380e62e19787043fe6575d	1	1	DYN	1	74	74	1.0	archive		1			
acct_sa_O1	acct	sa	O1	local_main;wulver	data/raw/acct_sa_O1	data/stripped/acct_sa_O1_stripped	1	1	data/bir/acct_sa_O1.bir	599243	1	72	flat:addr->name		178	58	59	54	0			train	train	train		0		1	1	58	59	54	0	1	137e123e269a880f48772a0065d415f75f7c0d11	137e123e269a880f48772a0065d415f75f7c0d11	1	1	EXEC	1	68	68	0.9827586206896551	archive		1			
acct_sa_O2	acct	sa	O2	local_main;wulver	data/raw/acct_sa_O2_sym	data/stripped/acct_sa_O2_stripped	1	1	data/bir/acct_sa_O2.bir	618062	1	64	schemaA:functions=name->addr		174	54	60	52	0		train	train	train	train	train	0		1	1	54	60	52	0	1	14c7487cf5601ec8c956330aab067244d09e79bf	14c7487cf5601ec8c956330aab067244d09e79bf	1	1	DYN	1	68	68	0.9814814814814815	archive		1			
acct_sa_O3	acct	sa	O3	local_main;wulver	data/raw/acct_sa_O3	data/stripped/acct_sa_O3_stripped	1	1	data/bir/acct_sa_O3.bir	657058	1	69	flat:addr->name		169	50	59	46	0			train	train	train		0		1	1	50	59	46	0	1	9f9cf25dbb2cf51b42c2ef915fe9767f8625eb3c	9f9cf25dbb2cf51b42c2ef915fe9767f8625eb3c	1	1	EXEC	1	65	65	1.0	archive		1			
angie_angie_O0	angie	angie	O0	local_main;local_main:cross_project;wulver		data/stripped/angie_angie_O0_stripped	0	2	data/bir/angie_angie_O0.bir	23158207	0			1588	3359	0		0				excluded	xproject	excluded		0		1	1	2552	657		0	1	329e88015892d70c80b0802a55f5311e1b03a995				DYN	1	1584		1.0	archive		0	no_debug_elf;no_matched_functions	xproject_holdout(wulver_paper_clean);local_cross_project_dir	
angie_angie_O1	angie	angie	O1	local_main;local_main:cross_project;wulver		data/stripped/angie_angie_O1_stripped	0	2	data/bir/angie_angie_O1.bir	14258288	0			1295	1327	0		0				excluded	xproject	excluded		0		1	1	530	651		0	1	1f107d08f865cb7e91f5d1123579c877f6ace061				EXEC	1	1290		0.9966666666666667	archive		0	no_debug_elf;no_matched_functions	xproject_holdout(wulver_paper_clean);local_cross_project_dir	
angie_angie_O2	angie	angie	O2	local_main;local_main:cross_project;wulver		data/stripped/angie_angie_O2_stripped	0	2	data/bir/angie_angie_O2.bir	14794335	0			1297	1315	0		0				excluded	xproject	excluded		0		1	1	513	653		0	1	eda729b59488fd39755d47b5b34b9135fa3fee5e				EXEC	1	1292		0.9966666666666667	archive		0	no_debug_elf;no_matched_functions	xproject_holdout(wulver_paper_clean);local_cross_project_dir	
angie_angie_O3	angie	angie	O3	local_main;local_main:cross_project;wulver		data/stripped/angie_angie_O3_stripped	0	2			0			1257	1296	0		0				excluded	xproject	excluded		0		1	1	495	653		0	1	452cab28566fcdd4da40cb68298b92eac83d48d8				EXEC	0	0					0	no_debug_elf;no_bir;no_matched_functions	xproject_holdout(wulver_paper_clean);local_cross_project_dir	
angie_angie_clang_O1	angie	angie_clang	O1	clang_o1o3	clang_o1o3/bins/angie_angie_clang_O1.debug	clang_o1o3/bins/angie_angie_clang_O1	1	1	clang_o1o3/bir/angie_angie_clang_O1.bir	11098832	1	1462	schemaA:functions=name->addr		1514	230	931																						DYN	1	1466	1466	0.9956521739130435	computed		0	no_matched_functions		
angie_angie_clang_O3	angie	angie_clang	O3	clang_o1o3	clang_o1o3/bins/angie_angie_clang_O3.debug	clang_o1o3/bins/angie_angie_clang_O3	1	1	clang_o1o3/bir/angie_angie_clang_O3.bir	11955447	1	1450	schemaA:functions=name->addr		1505	219	932																						DYN	1	1454	1454	0.9954337899543378	computed		0	no_matched_functions		
atop_atop_O0	atop	atop	O0	local_main:_p0_0_6_round3;wulver		data/stripped/_p0_0_6_round3/atop_atop_O0_stripped	0	1	data/bir/_p0_0_6_round3/atop_atop_O0.bir	3962932	0											excluded		excluded		1	3962932	1	1	138	189	136	1	1					EXEC	1	694		0.9782608695652174	computed		1		excluded_in_wulver_v1(not in paper_clean)	
atop_atop_O1	atop	atop	O1	local_main:_p0_0_6_round3;wulver		data/stripped/_p0_0_6_round3/atop_atop_O1_stripped	0	1	data/bir/_p0_0_6_round3/atop_atop_O1.bir	3962932	0											excluded		excluded		1	3962932	1	1	138	189	136	1	1					EXEC	1	694		0.9782608695652174	computed		1		excluded_in_wulver_v1(not in paper_clean)	
atop_atop_O2	atop	atop	O2	local_main:_p0_0_6_round3;wulver		data/stripped/_p0_0_6_round3/atop_atop_O2_stripped	0	1	data/bir/_p0_0_6_round3/atop_atop_O2.bir	3962932	0											excluded		excluded		1	3962932	1	1	138	189	136	1	1					EXEC	1	694		0.9782608695652174	computed		1		excluded_in_wulver_v1(not in paper_clean)	
atop_atop_O3	atop	atop	O3	local_main:_p0_0_6_round3;wulver		data/stripped/_p0_0_6_round3/atop_atop_O3_stripped	0	1	data/bir/_p0_0_6_round3/atop_atop_O3.bir	3962932	0											excluded		excluded		1	3962932	1	1	138	189	136	1	1					EXEC	1	694		0.9782608695652174	computed		1		excluded_in_wulver_v1(not in paper_clean)	
atop_atopacctd_O0	atop	atopacctd	O0	local_main:_p0_0_6_round3;wulver		data/stripped/_p0_0_6_round3/atop_atopacctd_O0_stripped	0	1	data/bir/_p0_0_6_round3/atop_atopacctd_O0.bir	191653	0											excluded		excluded		1	191653	1	1	15	63	13	1	1					EXEC	1	18		1.0	computed		1		excluded_in_wulver_v1(not in paper_clean)	
atop_atopacctd_O1	atop	atopacctd	O1	local_main:_p0_0_6_round3;wulver		data/stripped/_p0_0_6_round3/atop_atopacctd_O1_stripped	0	1	data/bir/_p0_0_6_round3/atop_atopacctd_O1.bir	191653	0											excluded		excluded		1	191653	1	1	15	63	13	1	1					EXEC	1	18		1.0	computed		1		excluded_in_wulver_v1(not in paper_clean)	
atop_atopacctd_O2	atop	atopacctd	O2	local_main:_p0_0_6_round3;wulver		data/stripped/_p0_0_6_round3/atop_atopacctd_O2_stripped	0	1	data/bir/_p0_0_6_round3/atop_atopacctd_O2.bir	191653	0											excluded		excluded		1	191653	1	1	15	63	13	1	1					EXEC	1	18		1.0	computed		1		excluded_in_wulver_v1(not in paper_clean)	
atop_atopacctd_O3	atop	atopacctd	O3	local_main:_p0_0_6_round3;wulver		data/stripped/_p0_0_6_round3/atop_atopacctd_O3_stripped	0	1	data/bir/_p0_0_6_round3/atop_atopacctd_O3.bir	191653	0											excluded		excluded		1	191653	1	1	15	63	13	1	1					EXEC	1	18		1.0	computed		1		excluded_in_wulver_v1(not in paper_clean)	
bash_bash	bash	bash	default	local_main;wulver	data/raw/bash_bash_sym	data/stripped/bash_bash_stripped	1	1	data/bir/bash_bash.bir	22594073	1	2309	schemaA:functions=name->addr		2681	528	1920	521	0		train	train	train	train	train	0		1	1	527	1920	521	0	1	7fef4c2fb0b11e46cdddffac02f9f960472ee3e8	7fef4c2fb0b11e46cdddffac02f9f960472ee3e8	1	1	DYN	1	2314	2314	0.9933333333333333	archive	bash_bash_O2:0.998	1			audit_sub=528!=ls_sub=527;dup_group_keeper:bash_bash_O2
bash_bash_O0	bash	bash	O0	local_main;wulver	data/raw/bash_bash_O0_sym	data/stripped/bash_bash_O0_stripped	1	1	data/bir/bash_bash_O0.bir	30066235	1	2859	schemaA:functions=name->addr		6174	4029	1916	4012	0		val	val	val	val	val	0		1	1	4028	1916	4012	0	1	6bf475f117db7e1b8fddc23b835afff3a358c657	6bf475f117db7e1b8fddc23b835afff3a358c657	1	1	DYN	1	2879	2879	1.0	archive		1			audit_sub=4029!=ls_sub=4028
bash_bash_O1	bash	bash	O1	local_main;wulver	data/raw/bash_bash_O1_sym	data/stripped/bash_bash_O1_stripped	1	1	data/bir/bash_bash_O1.bir	21007684	1	2364	schemaA:functions=name->addr		2727	578	1923	576	0		train	train	train	train	train	0		1	1	577	1923	576	0	1	692e8c109b72ee39d724fefbe2a93b931d86ea58	692e8c109b72ee39d724fefbe2a93b931d86ea58	1	1	DYN	1	2369	2369	0.9933333333333333	archive		1			audit_sub=578!=ls_sub=577
bash_bash_O2	bash	bash	O2	local_main;wulver	data/raw/bash_bash_O2_sym	data/stripped/bash_bash_O2_stripped	1	1	data/bir/bash_bash_O2.bir	22594073	1	2309	schemaA:functions=name->addr		2681	528	1920	520	0		train	train	train	train	train	0		1	1	527	1920	520	0	1	7fef4c2fb0b11e46cdddffac02f9f960472ee3e8	7fef4c2fb0b11e46cdddffac02f9f960472ee3e8	1	1	DYN	1	2314	2314	0.9933333333333333	archive	bash_bash:0.998	0	duplicate_build_of:bash_bash		audit_sub=528!=ls_sub=527
bash_bash_O3	bash	bash	O3	local_main;wulver	data/raw/bash_bash_O3_sym	data/stripped/bash_bash_O3_stripped	1	1	data/bir/bash_bash_O3.bir	26614868	1	2249	schemaA:functions=name->addr		2631	478	1926	460	0		train	train	train	train	train	0		1	1	477	1926	460	0	1	a06a7daf7546bdcd3979ede968178fd34dbe6818	a06a7daf7546bdcd3979ede968178fd34dbe6818	1	1	DYN	1	2254	2254	0.99	archive		1			audit_sub=478!=ls_sub=477
bc_bc_O0	bc	bc	O0	local_main;wulver	data/raw/bc_bc_O0_sym	data/stripped/bc_bc_O0_stripped	1	1	data/bir/bc_bc_O0.bir	1295683	1	145	schemaA:functions=name->addr		374	290	39	289	0		train	train	train	train	train	0		1	1	290	39	289	0	1	5008f44c66cc2170f974ef67902df7f1a44e292e	5008f44c66cc2170f974ef67902df7f1a44e292e	1	1	DYN	1	149	149	1.0	archive		1			
bc_bc_O1	bc	bc	O1	local_main;wulver	data/raw/bc_bc_O1	data/stripped/bc_bc_O1_stripped	1	1	data/bir/bc_bc_O1.bir	955734	1	147	flat:addr->name		208	123	39	122	0			train	train	train		0		1	1	123	39	122	0	1	4bd08d1e1cd6e587ed4adf60bea39b93b650698e	4bd08d1e1cd6e587ed4adf60bea39b93b650698e	1	1	EXEC	1	143	143	1.0	archive		1			
bc_bc_O2	bc	bc	O2	local_main;wulver	data/raw/bc_bc_O2_sym	data/stripped/bc_bc_O2_stripped	1	1	data/bir/bc_bc_O2.bir	1072566	1	139	schemaA:functions=name->addr		208	121	40	114	0		train	train	train	train	train	0		1	1	121	40	114	0	1	0ba8b5b0d81e236fbf9601218b5bf2343a4f71b6	0ba8b5b0d81e236fbf9601218b5bf2343a4f71b6	1	1	DYN	1	143	143	1.0	archive		1			
bc_bc_O3	bc	bc	O3	local_main;wulver	data/raw/bc_bc_O3	data/stripped/bc_bc_O3_stripped	1	1	data/bir/bc_bc_O3.bir	1490168	1	155	flat:addr->name		221	135	39	123	0			train	train	train		0		1	1	135	39	123	0	1	d912138b8904354b922a2f00e5dc9c686a06d497	d912138b8904354b922a2f00e5dc9c686a06d497	1	1	EXEC	1	151	151	1.0	archive		1			
bc_dc_O1	bc	dc	O1	local_main;wulver	data/raw/bc_dc_O1	data/stripped/bc_dc_O1_stripped	1	1	data/bir/bc_dc_O1.bir	678287	1	113	flat:addr->name		191	102	41	101	0			train	train	train		0		1	1	102	41	101	0	1	9ff48490d8c1a2d3e367741ac5eb49ed54f0f35c	9ff48490d8c1a2d3e367741ac5eb49ed54f0f35c	1	1	EXEC	1	109	109	1.0	archive		1			
bc_dc_O3	bc	dc	O3	local_main;wulver	data/raw/bc_dc_O3	data/stripped/bc_dc_O3_stripped	1	1	data/bir/bc_dc_O3.bir	1114650	1	122	flat:addr->name		207	119	40	106	0			train	train	train		0		1	1	119	40	106	0	1	549dc498cc4b301d24b78551074bd8d49fd3e923	549dc498cc4b301d24b78551074bd8d49fd3e923	1	1	EXEC	1	118	118	1.0	archive		1			
bdb_db_archive_O0	bdb	db_archive	O0	local_main:_p0_0_6_round3;wulver		data/stripped/_p0_0_6_round3/bdb_db_archive_O0_stripped	0	1			0															0		1	0				1	1					EXEC	1	3073					0	no_bir;no_sub_graphs;no_matched_functions		
bdb_db_archive_O1	bdb	db_archive	O1	local_main:_p0_0_6_round3;wulver		data/stripped/_p0_0_6_round3/bdb_db_archive_O1_stripped	0	1			0															0		1	0				1	1					EXEC	1	2411					0	no_bir;no_sub_graphs;no_matched_functions		
bdb_db_archive_O2	bdb	db_archive	O2	local_main:_p0_0_6_round3;wulver		data/stripped/_p0_0_6_round3/bdb_db_archive_O2_stripped	0	1			0															0		1	0				1	1					EXEC	1	2400					0	no_bir;no_sub_graphs;no_matched_functions		
bdb_db_archive_O3	bdb	db_archive	O3	local_main:_p0_0_6_round3;wulver		data/stripped/_p0_0_6_round3/bdb_db_archive_O3_stripped	0	1			0															0		1	0				1	1					EXEC	1	2366					0	no_bir;no_sub_graphs;no_matched_functions		
bdb_db_checkpoint_O0	bdb	db_checkpoint	O0	local_main:_p0_0_6_round3;wulver		data/stripped/_p0_0_6_round3/bdb_db_checkpoint_O0_stripped	0	1			0															0		1	0				1	1					EXEC	1	3073					0	no_bir;no_sub_graphs;no_matched_functions		
bdb_db_checkpoint_O1	bdb	db_checkpoint	O1	local_main:_p0_0_6_round3;wulver		data/stripped/_p0_0_6_round3/bdb_db_checkpoint_O1_stripped	0	1			0															0		1	0				1	1					EXEC	1	2411					0	no_bir;no_sub_graphs;no_matched_functions		
bdb_db_checkpoint_O2	bdb	db_checkpoint	O2	local_main:_p0_0_6_round3;wulver		data/stripped/_p0_0_6_round3/bdb_db_checkpoint_O2_stripped	0	1			0															0		1	0				1	1					EXEC	1	2400					0	no_bir;no_sub_graphs;no_matched_functions		
bdb_db_checkpoint_O3	bdb	db_checkpoint	O3	local_main:_p0_0_6_round3;wulver		data/stripped/_p0_0_6_round3/bdb_db_checkpoint_O3_stripped	0	1			0															0		1	0				1	1					EXEC	1	2366					0	no_bir;no_sub_graphs;no_matched_functions		
bdb_db_dump_O0	bdb	db_dump	O0	local_main:_p0_0_6_round3;wulver		data/stripped/_p0_0_6_round3/bdb_db_dump_O0_stripped	0	1			0															0		1	0				1	1					EXEC	1	3076					0	no_bir;no_sub_graphs;no_matched_functions		
bdb_db_dump_O1	bdb	db_dump	O1	local_main:_p0_0_6_round3;wulver		data/stripped/_p0_0_6_round3/bdb_db_dump_O1_stripped	0	1			0															0		1	0				1	1					EXEC	1	2414					0	no_bir;no_sub_graphs;no_matched_functions		
bdb_db_dump_O2	bdb	db_dump	O2	local_main:_p0_0_6_round3;wulver		data/stripped/_p0_0_6_round3/bdb_db_dump_O2_stripped	0	1			0															0		1	0				1	1					EXEC	1	2403					0	no_bir;no_sub_graphs;no_matched_functions		
bdb_db_dump_O3	bdb	db_dump	O3	local_main:_p0_0_6_round3;wulver		data/stripped/_p0_0_6_round3/bdb_db_dump_O3_stripped	0	1			0															0		1	0				1	1					EXEC	1	2369					0	no_bir;no_sub_graphs;no_matched_functions		
bdb_db_hotbackup_O0	bdb	db_hotbackup	O0	local_main:_p0_0_6_round3;wulver		data/stripped/_p0_0_6_round3/bdb_db_hotbackup_O0_stripped	0	1			0															0		1	0				1	1					EXEC	1	3075					0	no_bir;no_sub_graphs;no_matched_functions		
bdb_db_hotbackup_O1	bdb	db_hotbackup	O1	local_main:_p0_0_6_round3;wulver		data/stripped/_p0_0_6_round3/bdb_db_hotbackup_O1_stripped	0	1			0															0		1	0				1	1					EXEC	1	2413					0	no_bir;no_sub_graphs;no_matched_functions		
bdb_db_hotbackup_O2	bdb	db_hotbackup	O2	local_main:_p0_0_6_round3;wulver		data/stripped/_p0_0_6_round3/bdb_db_hotbackup_O2_stripped	0	1			0															0		1	0				1	1					EXEC	1	2402					0	no_bir;no_sub_graphs;no_matched_functions		
bdb_db_hotbackup_O3	bdb	db_hotbackup	O3	local_main:_p0_0_6_round3;wulver		data/stripped/_p0_0_6_round3/bdb_db_hotbackup_O3_stripped	0	1			0															0		1	0				1	1					EXEC	1	2368					0	no_bir;no_sub_graphs;no_matched_functions		
bdb_db_load_O0	bdb	db_load	O0	local_main:_p0_0_6_round3;wulver		data/stripped/_p0_0_6_round3/bdb_db_load_O0_stripped	0	1			0															0		1	0				1	1					EXEC	1	3087					0	no_bir;no_sub_graphs;no_matched_functions		
bdb_db_load_O1	bdb	db_load	O1	local_main:_p0_0_6_round3;wulver		data/stripped/_p0_0_6_round3/bdb_db_load_O1_stripped	0	1			0															0		1	0				1	1					EXEC	1	2425					0	no_bir;no_sub_graphs;no_matched_functions		
bdb_db_load_O2	bdb	db_load	O2	local_main:_p0_0_6_round3;wulver		data/stripped/_p0_0_6_round3/bdb_db_load_O2_stripped	0	1			0															0		1	0				1	1					EXEC	1	2414					0	no_bir;no_sub_graphs;no_matched_functions		
bdb_db_load_O3	bdb	db_load	O3	local_main:_p0_0_6_round3;wulver		data/stripped/_p0_0_6_round3/bdb_db_load_O3_stripped	0	1			0															0		1	0				1	1					EXEC	1	2380					0	no_bir;no_sub_graphs;no_matched_functions		
bdb_db_printlog_O0	bdb	db_printlog	O0	local_main:_p0_0_6_round3;wulver		data/stripped/_p0_0_6_round3/bdb_db_printlog_O0_stripped	0	1			0															0		1	0				1	1					EXEC	1	3189					0	no_bir;no_sub_graphs;no_matched_functions		
bdb_db_printlog_O1	bdb	db_printlog	O1	local_main:_p0_0_6_round3;wulver		data/stripped/_p0_0_6_round3/bdb_db_printlog_O1_stripped	0	1			0															0		1	0				1	1					EXEC	1	2525					0	no_bir;no_sub_graphs;no_matched_functions		
bdb_db_printlog_O2	bdb	db_printlog	O2	local_main:_p0_0_6_round3;wulver		data/stripped/_p0_0_6_round3/bdb_db_printlog_O2_stripped	0	1			0															0		1	0				1	1					EXEC	1	2514					0	no_bir;no_sub_graphs;no_matched_functions		
bdb_db_printlog_O3	bdb	db_printlog	O3	local_main:_p0_0_6_round3;wulver		data/stripped/_p0_0_6_round3/bdb_db_printlog_O3_stripped	0	1			0															0		1	0				1	1					EXEC	1	2480					0	no_bir;no_sub_graphs;no_matched_functions		
bdb_db_recover_O0	bdb	db_recover	O0	local_main:_p0_0_6_round3;wulver		data/stripped/_p0_0_6_round3/bdb_db_recover_O0_stripped	0	1			0															0		1	0				1	1					EXEC	1	3075					0	no_bir;no_sub_graphs;no_matched_functions		
bdb_db_recover_O1	bdb	db_recover	O1	local_main:_p0_0_6_round3;wulver		data/stripped/_p0_0_6_round3/bdb_db_recover_O1_stripped	0	1			0															0		1	0				1	1					EXEC	1	2413					0	no_bir;no_sub_graphs;no_matched_functions		
bdb_db_recover_O2	bdb	db_recover	O2	local_main:_p0_0_6_round3;wulver		data/stripped/_p0_0_6_round3/bdb_db_recover_O2_stripped	0	1			0															0		1	0				1	1					EXEC	1	2402					0	no_bir;no_sub_graphs;no_matched_functions		
bdb_db_recover_O3	bdb	db_recover	O3	local_main:_p0_0_6_round3;wulver		data/stripped/_p0_0_6_round3/bdb_db_recover_O3_stripped	0	1			0															0		1	0				1	1					EXEC	1	2368					0	no_bir;no_sub_graphs;no_matched_functions		
bdb_db_replicate_O0	bdb	db_replicate	O0	local_main:_p0_0_6_round3;wulver		data/stripped/_p0_0_6_round3/bdb_db_replicate_O0_stripped	0	1			0															0		1	0				1	1					EXEC	1	3076					0	no_bir;no_sub_graphs;no_matched_functions		
bdb_db_replicate_O1	bdb	db_replicate	O1	local_main:_p0_0_6_round3;wulver		data/stripped/_p0_0_6_round3/bdb_db_replicate_O1_stripped	0	1			0															0		1	0				1	1					EXEC	1	2412					0	no_bir;no_sub_graphs;no_matched_functions		
bdb_db_replicate_O2	bdb	db_replicate	O2	local_main:_p0_0_6_round3;wulver		data/stripped/_p0_0_6_round3/bdb_db_replicate_O2_stripped	0	1			0															0		1	0				1	1					EXEC	1	2401					0	no_bir;no_sub_graphs;no_matched_functions		
bdb_db_replicate_O3	bdb	db_replicate	O3	local_main:_p0_0_6_round3;wulver		data/stripped/_p0_0_6_round3/bdb_db_replicate_O3_stripped	0	1			0															0		1	0				1	1					EXEC	1	2367					0	no_bir;no_sub_graphs;no_matched_functions		
bdb_db_stat_O0	bdb	db_stat	O0	local_main:_p0_0_6_round3;wulver		data/stripped/_p0_0_6_round3/bdb_db_stat_O0_stripped	0	1			0															0		1	0				1	1					EXEC	1	3074					0	no_bir;no_sub_graphs;no_matched_functions		
bdb_db_stat_O1	bdb	db_stat	O1	local_main:_p0_0_6_round3;wulver		data/stripped/_p0_0_6_round3/bdb_db_stat_O1_stripped	0	1			0															0		1	0				1	1					EXEC	1	2412					0	no_bir;no_sub_graphs;no_matched_functions		
bdb_db_stat_O2	bdb	db_stat	O2	local_main:_p0_0_6_round3;wulver		data/stripped/_p0_0_6_round3/bdb_db_stat_O2_stripped	0	1			0															0		1	0				1	1					EXEC	1	2401					0	no_bir;no_sub_graphs;no_matched_functions		
bdb_db_stat_O3	bdb	db_stat	O3	local_main:_p0_0_6_round3;wulver		data/stripped/_p0_0_6_round3/bdb_db_stat_O3_stripped	0	1			0															0		1	0				1	1					EXEC	1	2367					0	no_bir;no_sub_graphs;no_matched_functions		
bdb_db_verify_O0	bdb	db_verify	O0	local_main:_p0_0_6_round3;wulver		data/stripped/_p0_0_6_round3/bdb_db_verify_O0_stripped	0	1			0															0		1	0				1	1					EXEC	1	3073					0	no_bir;no_sub_graphs;no_matched_functions		
bdb_db_verify_O1	bdb	db_verify	O1	local_main:_p0_0_6_round3;wulver		data/stripped/_p0_0_6_round3/bdb_db_verify_O1_stripped	0	1			0															0		1	0				1	1					EXEC	1	2411					0	no_bir;no_sub_graphs;no_matched_functions		
bdb_db_verify_O2	bdb	db_verify	O2	local_main:_p0_0_6_round3;wulver		data/stripped/_p0_0_6_round3/bdb_db_verify_O2_stripped	0	1			0															0		1	0				1	1					EXEC	1	2400					0	no_bir;no_sub_graphs;no_matched_functions		
bdb_db_verify_O3	bdb	db_verify	O3	local_main:_p0_0_6_round3;wulver		data/stripped/_p0_0_6_round3/bdb_db_verify_O3_stripped	0	1			0															0		1	0				1	1					EXEC	1	2366					0	no_bir;no_sub_graphs;no_matched_functions		
binutils2_ar_O0	binutils2	ar	O0	local_main;wulver	data/raw/binutils2_ar_O0_sym	data/stripped/binutils2_ar_O0_stripped	1	1	data/bir/binutils2_ar_O0.bir	31695679	1	2406	schemaA:functions=addr->name		5525	5289	118	2837	0			train	train	train		0		1	1			2837	0	1	fec7751de4eee7415c155dd435f80324cd5abe7d	fec7751de4eee7415c155dd435f80324cd5abe7d	1	1	DYN	1	2841	2841	1.0	archive		1			
binutils2_ar_O1	binutils2	ar	O1	local_main;wulver	data/raw/binutils2_ar_O1_sym	data/stripped/binutils2_ar_O1_stripped	1	1	data/bir/binutils2_ar_O1.bir	20952980	1	1912	schemaA:functions=addr->name		1755	1522	115	1515	0			train	train	train		0		1	1			1515	0	1	80b4815d06f9dbb8d220935fba0bcc48f268ff38	80b4815d06f9dbb8d220935fba0bcc48f268ff38	1	1	DYN	1	2015	2015	1.0	archive		1			
binutils2_ar_O2	binutils2	ar	O2	local_main;wulver	data/raw/binutils2_ar_O2_sym	data/stripped/binutils2_ar_O2_stripped	1	1	data/bir/binutils2_ar_O2.bir	22157315	1	1848	schemaA:functions=addr->name		1577	1342	116	1336	0			train	train	train		0		1	1			1336	0	1	79d06849fdf8c563b1cd42c83b845db610659a4f	79d06849fdf8c563b1cd42c83b845db610659a4f	1	1	DYN	1	1950	1950	1.0	archive		1			
binutils2_ar_O3	binutils2	ar	O3	local_main;wulver	data/raw/binutils2_ar_O3_sym	data/stripped/binutils2_ar_O3_stripped	1	1	data/bir/binutils2_ar_O3.bir	24396827	1	1755	schemaA:functions=addr->name		1482	1247	116	1237	0			train	train	train		0		1	1			1237	0	1	98cc2fd547cb4f0011b2764b0601b8b93d21940a	98cc2fd547cb4f0011b2764b0601b8b93d21940a	1	1	DYN	1	1853	1853	0.9966666666666667	archive		1			
binutils2_objcopy_O0	binutils2	objcopy	O0	local_main;wulver	data/raw/binutils2_objcopy_O0_sym	data/stripped/binutils2_objcopy_O0_stripped	1	1	data/bir/binutils2_objcopy_O0.bir	34048468	1	2595	schemaA:functions=addr->name		5935	5695	120	3059	0			train	train	train		0		1	1			3059	0	1	4362c84fd8e21fdba7bb9953a4e41c0dcb9d03e8	4362c84fd8e21fdba7bb9953a4e41c0dcb9d03e8	1	1	DYN	1	3063	3063	1.0	archive		1			
binutils2_objcopy_O1	binutils2	objcopy	O1	local_main;wulver	data/raw/binutils2_objcopy_O1_sym	data/stripped/binutils2_objcopy_O1_stripped	1	1	data/bir/binutils2_objcopy_O1.bir	22482861	1	2046	schemaA:functions=addr->name		1883	1646	117	1639	0			train	train	train		0		1	1			1639	0	1	318ef4e354e7272d511fa3e30644a78baca7626a	318ef4e354e7272d511fa3e30644a78baca7626a	1	1	DYN	1	2149	2149	0.9966666666666667	archive		1			
binutils2_objcopy_O2	binutils2	objcopy	O2	local_main;wulver	data/raw/binutils2_objcopy_O2_sym	data/stripped/binutils2_objcopy_O2_stripped	1	1	data/bir/binutils2_objcopy_O2.bir	23763643	1	1979	schemaA:functions=addr->name		1702	1465	117	1459	0			train	train	train		0		1	1			1459	0	1	097f2cd61cb25021288bda46a2076d66b07fcee6	097f2cd61cb25021288bda46a2076d66b07fcee6	1	1	DYN	1	2082	2082	1.0	archive		1			
binutils2_objcopy_O3	binutils2	objcopy	O3	local_main;wulver	data/raw/binutils2_objcopy_O3_sym	data/stripped/binutils2_objcopy_O3_stripped	1	1	data/bir/binutils2_objcopy_O3.bir	26115785	1	1879	schemaA:functions=addr->name		1608	1371	117	1362	0			train	train	train		0		1	1			1362	0	1	760bc9da48266b7a178680b766030780757f9df2	760bc9da48266b7a178680b766030780757f9df2	1	1	DYN	1	1978	1978	0.9966666666666667	archive		1			
binutils2_ranlib_O0	binutils2	ranlib	O0	local_main;wulver	data/raw/binutils2_ranlib_O0_sym	data/stripped/binutils2_ranlib_O0_stripped	1	1	data/bir/binutils2_ranlib_O0.bir	31695679	1	2406	schemaA:functions=addr->name		5525	5289	118	2837	0			train	train	train		0		1	1			2837	0	1	ae9e22b05a27589e9b4f80cb27e1dadc15cc1439	ae9e22b05a27589e9b4f80cb27e1dadc15cc1439	1	1	DYN	1	2841	2841	1.0	archive		1			
binutils2_ranlib_O1	binutils2	ranlib	O1	local_main;wulver	data/raw/binutils2_ranlib_O1_sym	data/stripped/binutils2_ranlib_O1_stripped	1	1	data/bir/binutils2_ranlib_O1.bir	20952228	1	1912	schemaA:functions=addr->name		1755	1522	115	1515	0			train	train	train		0		1	1			1515	0	1	3867f53aa06dbcce83420880ccb6b82033790359	3867f53aa06dbcce83420880ccb6b82033790359	1	1	DYN	1	2015	2015	1.0	archive		1			
binutils2_ranlib_O2	binutils2	ranlib	O2	local_main;wulver	data/raw/binutils2_ranlib_O2_sym	data/stripped/binutils2_ranlib_O2_stripped	1	1	data/bir/binutils2_ranlib_O2.bir	22157252	1	1848	schemaA:functions=addr->name		1577	1342	116	1336	0			train	train	train		0		1	1			1336	0	1	62aad10b9ec1b0b5d0cbb7d7741e5e116119068e	62aad10b9ec1b0b5d0cbb7d7741e5e116119068e	1	1	DYN	1	1950	1950	1.0	archive		1			
binutils2_ranlib_O3	binutils2	ranlib	O3	local_main;wulver	data/raw/binutils2_ranlib_O3_sym	data/stripped/binutils2_ranlib_O3_stripped	1	1	data/bir/binutils2_ranlib_O3.bir	24396827	1	1755	schemaA:functions=addr->name		1482	1247	116	1237	0			train	train	train		0		1	1			1237	0	1	3dadf3bac1f8853365e339424bada2eabcd5ef97	3dadf3bac1f8853365e339424bada2eabcd5ef97	1	1	DYN	1	1853	1853	0.9966666666666667	archive		1			
binutils2_strip-new_O0	binutils2	strip-new	O0	local_main;wulver	data/raw/binutils2_strip-new_O0_sym	data/stripped/binutils2_strip-new_O0_stripped	1	1	data/bir/binutils2_strip-new_O0.bir	34048468	1	2595	schemaA:functions=addr->name		5935	5695	120	3059	0			train	train	train		0		1	1			3059	0	1	972cace728df75a4c86cea3549ad20b100ea1f94	972cace728df75a4c86cea3549ad20b100ea1f94	1	1	DYN	1	3063	3063	1.0	archive		1			
binutils2_strip-new_O1	binutils2	strip-new	O1	local_main;wulver	data/raw/binutils2_strip-new_O1_sym	data/stripped/binutils2_strip-new_O1_stripped	1	1	data/bir/binutils2_strip-new_O1.bir	22482861	1	2046	schemaA:functions=addr->name		1883	1646	117	1639	0			train	train	train		0		1	1			1639	0	1	ffccc69548e39e68fe9379023e71e742648b00a0	ffccc69548e39e68fe9379023e71e742648b00a0	1	1	DYN	1	2149	2149	0.9966666666666667	archive		1			
binutils2_strip-new_O2	binutils2	strip-new	O2	local_main;wulver	data/raw/binutils2_strip-new_O2_sym	data/stripped/binutils2_strip-new_O2_stripped	1	1	data/bir/binutils2_strip-new_O2.bir	23763643	1	1979	schemaA:functions=addr->name		1702	1465	117	1459	0			train	train	train		0		1	1			1459	0	1	f98532429617125a5284b7e5ad7108f580450cb6	f98532429617125a5284b7e5ad7108f580450cb6	1	1	DYN	1	2082	2082	1.0	archive		1			
binutils2_strip-new_O3	binutils2	strip-new	O3	local_main;wulver	data/raw/binutils2_strip-new_O3_sym	data/stripped/binutils2_strip-new_O3_stripped	1	1	data/bir/binutils2_strip-new_O3.bir	26115785	1	1879	schemaA:functions=addr->name		1608	1371	117	1362	0			train	train	train		0		1	1			1362	0	1	7cc0df56b3f21effc171243536d8d873d11eae79	7cc0df56b3f21effc171243536d8d873d11eae79	1	1	DYN	1	1978	1978	0.9966666666666667	archive		1			
binutils_addr2line	binutils	addr2line	default	local_main;wulver	data/raw/binutils_addr2line_sym	data/stripped/binutils_addr2line_stripped	1	1	data/bir/binutils_addr2line.bir	21751084	1	1767	schemaA:functions=name->addr		1508	1285	110	1213	0		train	train	train	train	train	0		1	1	1285	110	1213	0	1	eecf2825f7ef15336110ccf294e86f2ac6c89304	eecf2825f7ef15336110ccf294e86f2ac6c89304	1	1	DYN	1	1876	1876	1.0	archive		1			
binutils_addr2line_O0	binutils	addr2line	O0	local_main;wulver	data/raw/binutils_addr2line_O0_sym	data/stripped/binutils_addr2line_O0_stripped	1	1	data/bir/binutils_addr2line_O0.bir	31108218	1	2315	schemaA:functions=name->addr		5345	5123	111	4524	0		train	train	train	train	train	0		1	1	5123	111	4524	0	1	f4cd8df4648fa71699118d83389279345af030e9	f4cd8df4648fa71699118d83389279345af030e9	1	1	DYN	1	2757	2757	1.0	archive		1			
binutils_addr2line_O1	binutils	addr2line	O1	local_main;wulver	data/raw/binutils_addr2line_O1_sym	data/stripped/binutils_addr2line_O1_stripped	1	1	data/bir/binutils_addr2line_O1.bir	20580867	1	1828	schemaA:functions=name->addr		1681	1460	109	1387	0		train	train	train	train	train	0		1	1	1460	109	1387	0	1	1e0c8beb888dc5ed51605e45c83e8fc23d9a05fb	1e0c8beb888dc5ed51605e45c83e8fc23d9a05fb	1	1	DYN	1	1937	1937	1.0	archive		1			
binutils_addr2line_O2	binutils	addr2line	O2	local_main;wulver	data/raw/binutils_addr2line_O2_sym	data/stripped/binutils_addr2line_O2_stripped	1	1	data/bir/binutils_addr2line_O2.bir	21751084	1	1767	schemaA:functions=name->addr		1508	1285	110	1213	0		train	train	train	train	train	0		1	1	1285	110	1213	0	1	eecf2825f7ef15336110ccf294e86f2ac6c89304	eecf2825f7ef15336110ccf294e86f2ac6c89304	1	1	DYN	1	1876	1876	1.0	archive		1			
binutils_addr2line_O3	binutils	addr2line	O3	local_main;wulver	data/raw/binutils_addr2line_O3_sym	data/stripped/binutils_addr2line_O3_stripped	1	1	data/bir/binutils_addr2line_O3.bir	23924539	1	1677	schemaA:functions=name->addr		1415	1192	110	1122	0		train	train	train	train	train	0		1	1	1192	110	1122	0	1	d72b9d25d3e6abda334dcdb40da56283f8ab23c3	d72b9d25d3e6abda334dcdb40da56283f8ab23c3	1	1	DYN	1	1782	1782	0.9966666666666667	archive		1			
binutils_addr2line_clang_O0	binutils	addr2line_clang	O0	clang_train	clang_train/bins/binutils_addr2line_clang_O0.debug	clang_train/bins/binutils_addr2line_clang_O0	1	1	clang_train/bir/binutils_addr2line_clang_O0.bir	32444403	1	2314	schemaA:functions=name->addr		3079	2859	110			2314															851cdb183f88fd7a32110b803acdc6f98960bc98	851cdb183f88fd7a32110b803acdc6f98960bc98	1	1	DYN	1	2755	2755	1.0	computed		1			
binutils_addr2line_clang_O1	binutils	addr2line_clang	O1	clang_train	clang_train/bins/binutils_addr2line_clang_O1.debug	clang_train/bins/binutils_addr2line_clang_O1	1	1	clang_train/bir/binutils_addr2line_clang_O1.bir	15650737	1	1729	schemaA:functions=name->addr		1116	907	104			853															c489cb9508db1e4c4fb68d2a63bd27f2119ef051	c489cb9508db1e4c4fb68d2a63bd27f2119ef051	1	1	DYN	1	1851	1851	0.9833333333333333	computed		1			
binutils_addr2line_clang_O2	binutils	addr2line_clang	O2	clang_train	clang_train/bins/binutils_addr2line_clang_O2.debug	clang_train/bins/binutils_addr2line_clang_O2	1	1	clang_train/bir/binutils_addr2line_clang_O2.bir	14907731	1	1726	schemaA:functions=name->addr		1055	845	104			789															6aba3ce967e3a9bb93e69a44de20695337e24794	6aba3ce967e3a9bb93e69a44de20695337e24794	1	1	DYN	1	1847	1847	0.99	computed		1			
binutils_addr2line_clang_O3	binutils	addr2line_clang	O3	clang_train	clang_train/bins/binutils_addr2line_clang_O3.debug	clang_train/bins/binutils_addr2line_clang_O3	1	1	clang_train/bir/binutils_addr2line_clang_O3.bir	15484519	1	1719	schemaA:functions=name->addr		1048	838	104			783															946f1449897389b2e0b644d149a86d1b36bbaa30	946f1449897389b2e0b644d149a86d1b36bbaa30	1	1	DYN	1	1840	1840	0.99	computed		1			
binutils_nm-new	binutils	nm-new	default	local_main;wulver	data/raw/binutils_nm-new_sym	data/stripped/binutils_nm-new_stripped	1	1	data/bir/binutils_nm-new.bir	22000812	1	1803	schemaA:functions=name->addr		1532	1307	111	1235	0		test	test	test	test	test	0		1	1	1307	111	1235	0	1	ce89e7ae4849b574bfb225a527b0c3f7a616513f	ce89e7ae4849b574bfb225a527b0c3f7a616513f	1	1	DYN	1	1912	1912	1.0	archive		1			
binutils_nm-new_O0	binutils	nm-new	O0	local_main;wulver	data/raw/binutils_nm-new_O0_sym	data/stripped/binutils_nm-new_O0_stripped	1	1	data/bir/binutils_nm-new_O0.bir	31431386	1	2358	schemaA:functions=name->addr		5436	5212	112	4608	0		test	test	test	test	test	0		1	1	5212	112	4608	0	1	c9c1b633470b02e91b5a4f3b631dad3fc031e732	c9c1b633470b02e91b5a4f3b631dad3fc031e732	1	1	DYN	1	2806	2806	1.0	archive		1			
binutils_nm-new_O1	binutils	nm-new	O1	local_main;wulver	data/raw/binutils_nm-new_O1_sym	data/stripped/binutils_nm-new_O1_stripped	1	1	data/bir/binutils_nm-new_O1.bir	20808477	1	1863	schemaA:functions=name->addr		1704	1481	110	1407	0		train	train	train	train	train	0		1	1	1481	110	1407	0	1	0c2a82dc556366e6264a99e6fd16054c21ddbb9a	0c2a82dc556366e6264a99e6fd16054c21ddbb9a	1	1	DYN	1	1972	1972	1.0	archive		1			
binutils_nm-new_O2	binutils	nm-new	O2	local_main;wulver	data/raw/binutils_nm-new_O2_sym	data/stripped/binutils_nm-new_O2_stripped	1	1	data/bir/binutils_nm-new_O2.bir	22000812	1	1803	schemaA:functions=name->addr		1532	1307	111	1235	0		test	test	test	test	test	0		1	1	1307	111	1235	0	1	ce89e7ae4849b574bfb225a527b0c3f7a616513f	ce89e7ae4849b574bfb225a527b0c3f7a616513f	1	1	DYN	1	1912	1912	1.0	archive		1			
binutils_nm-new_O3	binutils	nm-new	O3	local_main;wulver	data/raw/binutils_nm-new_O3_sym	data/stripped/binutils_nm-new_O3_stripped	1	1	data/bir/binutils_nm-new_O3.bir	24205426	1	1711	schemaA:functions=name->addr		1439	1214	111	1144	0		train	train	train	train	train	0		1	1	1214	111	1144	0	1	7a099003b79a2d55cada1c0d073b9149206a39cd	7a099003b79a2d55cada1c0d073b9149206a39cd	1	1	DYN	1	1816	1816	0.9966666666666667	archive		1			
binutils_nm-new_clang_O0	binutils	nm-new_clang	O0	clang_train	clang_train/bins/binutils_nm-new_clang_O0.debug	clang_train/bins/binutils_nm-new_clang_O0	1	1	clang_train/bir/binutils_nm-new_clang_O0.bir	0	1	2357	schemaA:functions=name->addr		0																				69fb7e92c1371b19b646d4d9b3112f51f2fd5bca	69fb7e92c1371b19b646d4d9b3112f51f2fd5bca	1	1	DYN	1	2804	2804	0.0	computed		0	elfcheck_ratio<0.8(0.00);no_sub_graphs;no_matched_functions		
binutils_nm-new_clang_O1	binutils	nm-new_clang	O1	clang_train	clang_train/bins/binutils_nm-new_clang_O1.debug	clang_train/bins/binutils_nm-new_clang_O1	1	1	clang_train/bir/binutils_nm-new_clang_O1.bir	15878827	1	1763	schemaA:functions=name->addr		1132	922	105			869															7d1645fcc3f9af4caaaf7b6c267d44253c73d497	7d1645fcc3f9af4caaaf7b6c267d44253c73d497	1	1	DYN	1	1885	1885	0.99	computed		1			
binutils_nm-new_clang_O2	binutils	nm-new_clang	O2	clang_train	clang_train/bins/binutils_nm-new_clang_O2.debug	clang_train/bins/binutils_nm-new_clang_O2	1	1	clang_train/bir/binutils_nm-new_clang_O2.bir	15149460	1	1760	schemaA:functions=name->addr		1070	859	105			804															a85d5d51e76f3ced68d303f356af17fe73ee87fd	a85d5d51e76f3ced68d303f356af17fe73ee87fd	1	1	DYN	1	1881	1881	0.99	computed		1			
binutils_nm-new_clang_O3	binutils	nm-new_clang	O3	clang_train	clang_train/bins/binutils_nm-new_clang_O3.debug	clang_train/bins/binutils_nm-new_clang_O3	1	1	clang_train/bir/binutils_nm-new_clang_O3.bir	15742262	1	1754	schemaA:functions=name->addr		1064	853	105			800															a7e6d3bfc08f2d41b8bc39fbce505a5c1da6c52e	a7e6d3bfc08f2d41b8bc39fbce505a5c1da6c52e	1	1	DYN	1	1875	1875	0.9866666666666667	computed		1			
binutils_objdump	binutils	objdump	default	local_main;wulver	data/raw/binutils_objdump_sym	data/stripped/binutils_objdump_stripped	1	1	data/bir/binutils_objdump.bir	31090402	1	2632	schemaA:functions=name->addr		2255	1988	136	1908	0		train	train	train	train	train	0		1	1	1988	136	1908	0	1	8f955c06bfd6b5aee826d529a51c67c7504c3178	8f955c06bfd6b5aee826d529a51c67c7504c3178	1	1	DYN	1	2743	2743	1.0	archive		1			
binutils_objdump_O0	binutils	objdump	O0	local_main;wulver	data/raw/binutils_objdump_O0_sym	data/stripped/binutils_objdump_O0_stripped	1	1	data/bir/binutils_objdump_O0.bir	43565962	1	3380	schemaA:functions=name->addr		7568	7305	135	6630	0		train	train	train	train	train	0		1	1	7305	135	6630	0	1	41395e4504a3ba884faffb62fb46381344f1077b	41395e4504a3ba884faffb62fb46381344f1077b	1	1	DYN	1	3896	3896	1.0	archive		1			
binutils_objdump_O1	binutils	objdump	O1	local_main;wulver	data/raw/binutils_objdump_O1_sym	data/stripped/binutils_objdump_O1_stripped	1	1	data/bir/binutils_objdump_O1.bir	29194768	1	2698	schemaA:functions=name->addr		2454	2187	136	2111	0		train	train	train	train	train	0		1	1	2187	136	2111	0	1	7523ac176ebf3ee68d8943e121dd319a2c51c9cc	7523ac176ebf3ee68d8943e121dd319a2c51c9cc	1	1	DYN	1	2809	2809	1.0	archive		1			
binutils_objdump_O2	binutils	objdump	O2	local_main;wulver	data/raw/binutils_objdump_O2_sym	data/stripped/binutils_objdump_O2_stripped	1	1	data/bir/binutils_objdump_O2.bir	31090402	1	2632	schemaA:functions=name->addr		2255	1988	136	1908	0		train	train	train	train	train	0		1	1	1988	136	1908	0	1	8f955c06bfd6b5aee826d529a51c67c7504c3178	8f955c06bfd6b5aee826d529a51c67c7504c3178	1	1	DYN	1	2743	2743	1.0	archive		1			
binutils_objdump_O3	binutils	objdump	O3	local_main;wulver	data/raw/binutils_objdump_O3_sym	data/stripped/binutils_objdump_O3_stripped	1	1	data/bir/binutils_objdump_O3.bir	34950425	1	2512	schemaA:functions=name->addr		2146	1879	136	1803	0		train	train	train	train	train	0		1	1	1879	136	1803	0	1	04d2dd813864b53e798d93351ca68bab7da08d20	04d2dd813864b53e798d93351ca68bab7da08d20	1	1	DYN	1	2619	2619	1.0	archive		1			
binutils_objdump_clang_O0	binutils	objdump_clang	O0	clang_train	clang_train/bins/binutils_objdump_clang_O0.debug	clang_train/bins/binutils_objdump_clang_O0	1	1	clang_train/bir/binutils_objdump_clang_O0.bir	45904335	1	3379	schemaA:functions=name->addr																						d19c11b340b41fe5f0d0981b8d324dd4ac45fa57	d19c11b340b41fe5f0d0981b8d324dd4ac45fa57	1	1	DYN	1	3928	3928	1.0	computed		0	no_sub_graphs;no_matched_functions		
binutils_objdump_clang_O1	binutils	objdump_clang	O1	clang_train	clang_train/bins/binutils_objdump_clang_O1.debug	clang_train/bins/binutils_objdump_clang_O1	1	1	clang_train/bir/binutils_objdump_clang_O1.bir	23088845	1	2547	schemaA:functions=name->addr		1687	1434	131			1380															5e06b2bc12a825077919b3ec17c5ba995fb4e55c	5e06b2bc12a825077919b3ec17c5ba995fb4e55c	1	1	DYN	1	2671	2671	0.9966666666666667	computed		1			
binutils_objdump_clang_O2	binutils	objdump_clang	O2	clang_train	clang_train/bins/binutils_objdump_clang_O2.debug	clang_train/bins/binutils_objdump_clang_O2	1	1	clang_train/bir/binutils_objdump_clang_O2.bir	21632210	1	2540	schemaA:functions=name->addr		1620	1366	131			1310															040a37f131fa7fe0ac7265cd1f824aad8ca8e973	040a37f131fa7fe0ac7265cd1f824aad8ca8e973	1	1	DYN	1	2663	2663	0.99	computed		1			
binutils_objdump_clang_O3	binutils	objdump_clang	O3	clang_train	clang_train/bins/binutils_objdump_clang_O3.debug	clang_train/bins/binutils_objdump_clang_O3	1	1	clang_train/bir/binutils_objdump_clang_O3.bir	22714776	1	2529	schemaA:functions=name->addr		1610	1356	131			1302															25472af89016a43349f5d7ab25c049cede8e64bb	25472af89016a43349f5d7ab25c049cede8e64bb	1	1	DYN	1	2652	2652	0.9833333333333333	computed		1			
binutils_readelf	binutils	readelf	default	local_main;wulver	data/raw/binutils_readelf_sym	data/stripped/binutils_readelf_stripped	1	1	data/bir/binutils_readelf.bir	13449028	1	957	schemaA:functions=name->addr		971	784	96	779	0		train	train	train	train	train	0		1	1	784	96	779	0	1	230fff03083116c6df259914bc6e20d6eb0d7ce9	230fff03083116c6df259914bc6e20d6eb0d7ce9	1	1	DYN	1	961	961	0.99	archive		1			
binutils_readelf_O0	binutils	readelf	O0	local_main;wulver	data/raw/binutils_readelf_O0_sym	data/stripped/binutils_readelf_O0_stripped	1	1	data/bir/binutils_readelf_O0.bir	18646897	1	1458	schemaA:functions=name->addr		3083	2901	94	2864	0		train	train	train	train	train	0		1	1	2901	94	2864	0	1	ae5deebd8cfeded3a2794856604fcb11e9c18c53	ae5deebd8cfeded3a2794856604fcb11e9c18c53	1	1	DYN	1	1498	1498	1.0	archive		1			
binutils_readelf_O1	binutils	readelf	O1	local_main;wulver	data/raw/binutils_readelf_O1_sym	data/stripped/binutils_readelf_O1_stripped	1	1	data/bir/binutils_readelf_O1.bir	12368943	1	1044	schemaA:functions=name->addr		1098	908	98	907	0		train	train	train	train	train	0		1	1	908	98	907	0	1	e9fae0d7ee2c31870cf10a5c34368231a84f9764	e9fae0d7ee2c31870cf10a5c34368231a84f9764	1	1	DYN	1	1048	1048	1.0	archive		1			
binutils_readelf_O2	binutils	readelf	O2	local_main;wulver	data/raw/binutils_readelf_O2_sym	data/stripped/binutils_readelf_O2_stripped	1	1	data/bir/binutils_readelf_O2.bir	13449028	1	957	schemaA:functions=name->addr		971	784	96	779	0		train	train	train	train	train	0		1	1	784	96	779	0	1	230fff03083116c6df259914bc6e20d6eb0d7ce9	230fff03083116c6df259914bc6e20d6eb0d7ce9	1	1	DYN	1	961	961	0.99	archive		1			
binutils_readelf_O3	binutils	readelf	O3	local_main;wulver	data/raw/binutils_readelf_O3_sym	data/stripped/binutils_readelf_O3_stripped	1	1	data/bir/binutils_readelf_O3.bir	15765609	1	898	schemaA:functions=name->addr		917	730	96	724	0		train	train	train	train	train	0		1	1	730	96	724	0	1	1e9949b8d93071727ea5761323a780eb81330d76	1e9949b8d93071727ea5761323a780eb81330d76	1	1	DYN	1	902	902	0.9866666666666667	archive		1			
binutils_readelf_clang_O0	binutils	readelf_clang	O0	clang_train	clang_train/bins/binutils_readelf_clang_O0.debug	clang_train/bins/binutils_readelf_clang_O0	1	1	clang_train/bir/binutils_readelf_clang_O0.bir	19588324	1	1458	schemaA:functions=name->addr		1797	1614	96			1458															d149eda5b3ddbbfc13cd610d70733829fddc8950	d149eda5b3ddbbfc13cd610d70733829fddc8950	1	1	DYN	1	1529	1529	1.0	computed		1			
binutils_readelf_clang_O1	binutils	readelf_clang	O1	clang_train	clang_train/bins/binutils_readelf_clang_O1.debug	clang_train/bins/binutils_readelf_clang_O1	1	1	clang_train/bir/binutils_readelf_clang_O1.bir	11620489	1	935	schemaA:functions=name->addr		847	671	92			657															b441bb41f3d76b8a0cf0f3f2662846fe619da4c4	b441bb41f3d76b8a0cf0f3f2662846fe619da4c4	1	1	DYN	1	939	939	0.98	computed		1			
binutils_readelf_clang_O2	binutils	readelf_clang	O2	clang_train	clang_train/bins/binutils_readelf_clang_O2.debug	clang_train/bins/binutils_readelf_clang_O2	1	1	clang_train/bir/binutils_readelf_clang_O2.bir	11054908	1	929	schemaA:functions=name->addr		806	630	92			629															24e880ea080b650fa00fcfacc11725f3bd84d0ae	24e880ea080b650fa00fcfacc11725f3bd84d0ae	1	1	DYN	1	933	933	0.9766666666666667	computed		1			
binutils_readelf_clang_O3	binutils	readelf_clang	O3	clang_train	clang_train/bins/binutils_readelf_clang_O3.debug	clang_train/bins/binutils_readelf_clang_O3	1	1	clang_train/bir/binutils_readelf_clang_O3.bir	11791315	1	922	schemaA:functions=name->addr		801	625	92			624															9b6af698406f36c409b776e12eadc13f7a763421	9b6af698406f36c409b776e12eadc13f7a763421	1	1	DYN	1	926	926	0.9766666666666667	computed		1			
binutils_size	binutils	size	default	local_main;wulver	data/raw/binutils_size_sym	data/stripped/binutils_size_stripped	1	1	data/bir/binutils_size.bir	21797210	1	1774	schemaA:functions=name->addr		1511	1290	109	1218	0		train	train	train	train	train	0		1	1	1290	109	1218	0	1	60f638416d2c1e1d6903dd1d0ae1b05cca33bc3e	60f638416d2c1e1d6903dd1d0ae1b05cca33bc3e	1	1	DYN	1	1883	1883	1.0	archive	binutils_size_O2:0.971	1			dup_group_keeper:binutils_size_O2
binutils_size_O0	binutils	size	O0	local_main;wulver	data/raw/binutils_size_O0_sym	data/stripped/binutils_size_O0_stripped	1	1	data/bir/binutils_size_O0.bir	31129937	1	2322	schemaA:functions=name->addr		5359	5137	111	4538	0		train	train	train	train	train	0		1	1	5137	111	4538	0	1	08c271ef5eaa8930db1ea8957a39fb7c076b91b6	08c271ef5eaa8930db1ea8957a39fb7c076b91b6	1	1	DYN	1	2765	2765	1.0	archive		1			
binutils_size_O1	binutils	size	O1	local_main;wulver	data/raw/binutils_size_O1_sym	data/stripped/binutils_size_O1_stripped	1	1	data/bir/binutils_size_O1.bir	20601639	1	1836	schemaA:functions=name->addr		1684	1465	108	1392	0		train	train	train	train	train	0		1	1	1465	108	1392	0	1	df5c47696e61b9b560ee94c78b93ee77be97958b	df5c47696e61b9b560ee94c78b93ee77be97958b	1	1	DYN	1	1945	1945	1.0	archive		1			
binutils_size_O2	binutils	size	O2	local_main;wulver	data/raw/binutils_size_O2_sym	data/stripped/binutils_size_O2_stripped	1	1	data/bir/binutils_size_O2.bir	21797210	1	1774	schemaA:functions=name->addr		1511	1290	109	1218	0		train	train	train	train	train	0		1	1	1290	109	1218	0	1	60f638416d2c1e1d6903dd1d0ae1b05cca33bc3e	60f638416d2c1e1d6903dd1d0ae1b05cca33bc3e	1	1	DYN	1	1883	1883	1.0	archive	binutils_size:0.971	0	duplicate_build_of:binutils_size		
binutils_size_O3	binutils	size	O3	local_main;wulver	data/raw/binutils_size_O3_sym	data/stripped/binutils_size_O3_stripped	1	1	data/bir/binutils_size_O3.bir	23978286	1	1682	schemaA:functions=name->addr		1417	1196	109	1126	0		train	train	train	train	train	0		1	1	1196	109	1126	0	1	5b9a7d675a0b754712048737373cd86232f9efdc	5b9a7d675a0b754712048737373cd86232f9efdc	1	1	DYN	1	1787	1787	0.9966666666666667	archive		1			
binutils_size_clang_O0	binutils	size_clang	O0	clang_train	clang_train/bins/binutils_size_clang_O0.debug	clang_train/bins/binutils_size_clang_O0	1	1	clang_train/bir/binutils_size_clang_O0.bir	32469499	1	2321	schemaA:functions=name->addr		3089	2867	111			2321															bbb3ab8d106374be97c2978fc6decaeceea32931	bbb3ab8d106374be97c2978fc6decaeceea32931	1	1	DYN	1	2763	2763	1.0	computed		1			
binutils_size_clang_O1	binutils	size_clang	O1	clang_train	clang_train/bins/binutils_size_clang_O1.debug	clang_train/bins/binutils_size_clang_O1	1	1	clang_train/bir/binutils_size_clang_O1.bir	15690621	1	1734	schemaA:functions=name->addr		1114	909	102			855															d81be4960cc483e503473d45b7e90a03fb494cf1	d81be4960cc483e503473d45b7e90a03fb494cf1	1	1	DYN	1	1856	1856	0.9866666666666667	computed		1			
binutils_size_clang_O2	binutils	size_clang	O2	clang_train	clang_train/bins/binutils_size_clang_O2.debug	clang_train/bins/binutils_size_clang_O2	1	1	clang_train/bir/binutils_size_clang_O2.bir	14942645	1	1731	schemaA:functions=name->addr		1053	847	102			791															2ff26b6b0fb6bfa5b59cc5c90b46d090004886ec	2ff26b6b0fb6bfa5b59cc5c90b46d090004886ec	1	1	DYN	1	1852	1852	0.99	computed		1			
binutils_size_clang_O3	binutils	size_clang	O3	clang_train	clang_train/bins/binutils_size_clang_O3.debug	clang_train/bins/binutils_size_clang_O3	1	1	clang_train/bir/binutils_size_clang_O3.bir	15528892	1	1725	schemaA:functions=name->addr		1046	840	102			786															1456eb93c85a740cb2aac0a912345b66fb5496e9	1456eb93c85a740cb2aac0a912345b66fb5496e9	1	1	DYN	1	1846	1846	0.99	computed		1			
binutils_strings	binutils	strings	default	local_main;wulver	data/raw/binutils_strings_sym	data/stripped/binutils_strings_stripped	1	1	data/bir/binutils_strings.bir	21900075	1	1774	schemaA:functions=name->addr		1515	1292	110	1220	0		train	train	train	train	train	0		1	1	1292	110	1220	0	1	8ecd63d82c0fee32fcbe0f293d4c9fc3ab422393	8ecd63d82c0fee32fcbe0f293d4c9fc3ab422393	1	1	DYN	1	1883	1883	1.0	archive		1			
binutils_strings_O0	binutils	strings	O0	local_main;wulver	data/raw/binutils_strings_O0_sym	data/stripped/binutils_strings_O0_stripped	1	1	data/bir/binutils_strings_O0.bir	31277814	1	2323	schemaA:functions=name->addr		5355	5131	112	4540	0		train	train	train	train	train	0		1	1	5131	112	4540	0	1	0322e68dfa14905042af2927afa2d7c4cf5bf2f3	0322e68dfa14905042af2927afa2d7c4cf5bf2f3	1	1	DYN	1	2758	2758	1.0	archive		1			
binutils_strings_O1	binutils	strings	O1	local_main;wulver	data/raw/binutils_strings_O1_sym	data/stripped/binutils_strings_O1_stripped	1	1	data/bir/binutils_strings_O1.bir	20710341	1	1837	schemaA:functions=name->addr		1690	1469	109	1395	0		train	train	train	train	train	0		1	1	1469	109	1395	0	1	e19202198e9a0922777433c895065dbc8ac2eb1a	e19202198e9a0922777433c895065dbc8ac2eb1a	1	1	DYN	1	1946	1946	1.0	archive		1			
binutils_strings_O2	binutils	strings	O2	local_main;wulver	data/raw/binutils_strings_O2_sym	data/stripped/binutils_strings_O2_stripped	1	1	data/bir/binutils_strings_O2.bir	21900075	1	1774	schemaA:functions=name->addr		1515	1292	110	1220	0		train	train	train	train	train	0		1	1	1292	110	1220	0	1	8ecd63d82c0fee32fcbe0f293d4c9fc3ab422393	8ecd63d82c0fee32fcbe0f293d4c9fc3ab422393	1	1	DYN	1	1883	1883	1.0	archive		1			
binutils_strings_O3	binutils	strings	O3	local_main;wulver	data/raw/binutils_strings_O3_sym	data/stripped/binutils_strings_O3_stripped	1	1	data/bir/binutils_strings_O3.bir	24085172	1	1682	schemaA:functions=name->addr		1420	1197	110	1127	0		train	train	train	train	train	0		1	1	1197	110	1127	0	1	64604b0fd5d038ab248d9909edbc064d68b048e0	64604b0fd5d038ab248d9909edbc064d68b048e0	1	1	DYN	1	1787	1787	0.9966666666666667	archive		1			
binutils_strings_clang_O0	binutils	strings_clang	O0	clang_train	clang_train/bins/binutils_strings_clang_O0.debug	clang_train/bins/binutils_strings_clang_O0	1	1	clang_train/bir/binutils_strings_clang_O0.bir	32587848	1	2322	schemaA:functions=name->addr		3084	2860	112			2322															32d33bc28df86a40cfc619dbe0d074e446fbc540	32d33bc28df86a40cfc619dbe0d074e446fbc540	1	1	DYN	1	2756	2756	1.0	computed		1			
binutils_strings_clang_O1	binutils	strings_clang	O1	clang_train	clang_train/bins/binutils_strings_clang_O1.debug	clang_train/bins/binutils_strings_clang_O1	1	1	clang_train/bir/binutils_strings_clang_O1.bir	15814122	1	1733	schemaA:functions=name->addr		1117	908	104			854															29681703cc2f53d74368ba2394fdfe0f4e103c57	29681703cc2f53d74368ba2394fdfe0f4e103c57	1	1	DYN	1	1855	1855	0.9833333333333333	computed		1			
binutils_strings_clang_O2	binutils	strings_clang	O2	clang_train	clang_train/bins/binutils_strings_clang_O2.debug	clang_train/bins/binutils_strings_clang_O2	1	1	clang_train/bir/binutils_strings_clang_O2.bir	15052436	1	1729	schemaA:functions=name->addr		1054	844	104			788															c86f166938db8d0e2ade0bc89ad21fd167d3f3be	c86f166938db8d0e2ade0bc89ad21fd167d3f3be	1	1	DYN	1	1850	1850	0.99	computed		1			
binutils_strings_clang_O3	binutils	strings_clang	O3	clang_train	clang_train/bins/binutils_strings_clang_O3.debug	clang_train/bins/binutils_strings_clang_O3	1	1	clang_train/bir/binutils_strings_clang_O3.bir	15680799	1	1723	schemaA:functions=name->addr		1049	839	104			783															2cb99e183e297d091c83640b38bc08b1dff38a3c	2cb99e183e297d091c83640b38bc08b1dff38a3c	1	1	DYN	1	1844	1844	0.99	computed		1			
bison_bison	bison	bison	default	local_main;wulver	data/raw/bison_bison_sym	data/stripped/bison_bison_stripped	1	1	data/bir/bison_bison.bir	9135098	1	1213	schemaA:functions=name->addr		1146	872	141	858	0		train	train	train	train	train	0		1	1	872	141	858	0	1	40a440309cf7bf65a70e0deea15007bd3d94b345	40a440309cf7bf65a70e0deea15007bd3d94b345	1	1	DYN	1	1228	1228	1.0	archive		1			
bison_bison_O0	bison	bison	O0	local_main;wulver	data/raw/bison_bison_O0_sym	data/stripped/bison_bison_O0_stripped	1	1	data/bir/bison_bison_O0.bir	13784985	1	1575	schemaA:functions=name->addr		3534	3233	154	3050	0		test	test	test	test	test	0		1	1	3233	154	3050	0	1	1ecfe5cc53459d64b5ae9d74f99256b160e9ea2e	1ecfe5cc53459d64b5ae9d74f99256b160e9ea2e	1	1	DYN	1	1720	1720	1.0	archive		1			
bison_bison_O1	bison	bison	O1	local_main;wulver	data/raw/bison_bison_O1_sym	data/stripped/bison_bison_O1_stripped	1	1	data/bir/bison_bison_O1.bir	9127724	1	1134	schemaA:functions=name->addr		1167	891	153	881	0		train	train	train	train	train	0		1	1	891	153	881	0	1	366fb1c3702ab88eaf661f399c744d108394daaf	366fb1c3702ab88eaf661f399c744d108394daaf	1	1	DYN	1	1152	1152	1.0	archive		1			
bison_bison_O2	bison	bison	O2	local_main;wulver	data/raw/bison_bison_O2_sym	data/stripped/bison_bison_O2_stripped	1	1	data/bir/bison_bison_O2.bir	9135098	1	1213	schemaA:functions=name->addr		1146	872	141	858	0		test	test	test	test	test	0		1	1	872	141	858	0	1	40a440309cf7bf65a70e0deea15007bd3d94b345	40a440309cf7bf65a70e0deea15007bd3d94b345	1	1	DYN	1	1228	1228	1.0	archive		1			
bison_bison_O3	bison	bison	O3	local_main;wulver	data/raw/bison_bison_O3_sym	data/stripped/bison_bison_O3_stripped	1	1	data/bir/bison_bison_O3.bir	11047534	1	1197	schemaA:functions=name->addr		1146	871	152	852	0		train	train	train	train	train	0		1	1	871	152	852	0	1	1ca2a1602df84cf04057a5a28529faaf822e60c6	1ca2a1602df84cf04057a5a28529faaf822e60c6	1	1	DYN	1	1212	1212	1.0	archive		1			
bsdtar_bsdcpio_O2	bsdtar	bsdcpio	O2	local_main:cross_project	data/cross_project/candidates/bsdtar_bsdcpio_O2		1	0			0																									edda9ce795317853f50c46fbea804173f9d21cf4			DYN	1		1134				0	no_stripped_elf;no_bir;no_labels;no_sub_graphs;no_matched_functions	local_cross_project_dir	
bsdtar_bsdtar_O2	bsdtar	bsdtar	O2	local_main:cross_project	data/cross_project/candidates/bsdtar_bsdtar_O2		1	0			0																									5721d55cecadbd9d809194a7d9a234baa7dfec3d			DYN	1		1233				0	no_stripped_elf;no_bir;no_labels;no_sub_graphs;no_matched_functions	local_cross_project_dir	
busybox_busybox_O0	busybox	busybox	O0	local_main;wulver	data/raw/busybox_busybox_O0	data/stripped/busybox_busybox_O0_stripped	2	1	data/bir/busybox_busybox_O0.bir	41496009	1	4178	schemaA:functions=addr->name		4491	8512	394	4361	29			train	train	train		0		1	1	12226	395	4361	0	1	55d89bb9254e570c7d3e1e520487fa71ef1fe90b	ef639b43f39c5c6e36bec14273e1b44493d1a8c6	0	1	EXEC	1	4337	3	1.0	archive		1			match_index_dangling=29/4361
busybox_busybox_O1	busybox	busybox	O1	local_main;wulver	data/raw/busybox_busybox_O1	data/stripped/busybox_busybox_O1_stripped	2	1	data/bir/busybox_busybox_O1.bir	29044649	1	3009	schemaA:functions=addr->name		3645	2871	392	2872	14			train	train	train		0		1	1	5705	397	2872	0	1	d9df266cd2843ba432d9b7c2424718edd069023e	85d39b475ffa8c16f42bf28a9bb45803867b8885	0	1	EXEC	1	3061	3	1.0	archive		1			match_index_dangling=14/2872
busybox_busybox_O2	busybox	busybox	O2	local_main;wulver	data/raw/busybox_busybox_O2	data/stripped/busybox_busybox_O2_stripped	2	1	data/bir/busybox_busybox_O2.bir	32126761	1	2905	flat:addr->name		3183	2406	393	2385	6			train	train	train		0		1	1	5134	398	2385	0	1	472a028ac87ce6abee2d61eb62f99bafdede5d02	273c90b27e86c393a0581bf7bfcc084eed1b94e7	0	1	EXEC	1	2611	3	1.0	archive		1			match_index_dangling=6/2385
busybox_busybox_O3	busybox	busybox	O3	local_main;wulver	data/raw/busybox_busybox_O3	data/stripped/busybox_busybox_O3_stripped	2	1	data/bir/busybox_busybox_O3.bir	40146274	1	2802	flat:addr->name		2975	2195	393	2176	6			train	train	train		0		1	1	4825	398	2176	0	1	d9340d4f8925f9ef4fbb165b6f482084bf1a9924	4acf30d1e12559278c86816a2af6a110bc4a0429	0	1	EXEC	1	2401	3	0.9966666666666667	archive		1			match_index_dangling=6/2176
byacc_yacc_O2	byacc	yacc	O2	local_main:cross_project	data/cross_project/candidates/byacc_yacc_O2		1	0			0																									6f37ff6bea1a522f8bf7435fcfa43d40e3a09f1c			DYN	1		139				0	no_stripped_elf;no_bir;no_labels;no_sub_graphs;no_matched_functions	local_cross_project_dir	
bzip2_bzip2_O0	bzip2	bzip2	O0	local_main;wulver	data/raw/bzip2_bzip2_O0_sym	data/stripped/bzip2_bzip2_O0	1	1	data/bir/bzip2_bzip2_O0.bir	2891932	1	107	schemaA:functions=name->addr		306	212	46	210	0		train	train	train	train	train	0		1	1	212	46	210	0	1	9a4073a1d2704ce77e79435d0a312113d2997957	9a4073a1d2704ce77e79435d0a312113d2997957	1	1	DYN	1	112	112	1.0	archive		1			
bzip2_bzip2_O1	bzip2	bzip2	O1	local_main;wulver	data/raw/bzip2_bzip2_O1_sym	data/stripped/bzip2_bzip2_O1_stripped	1	1	data/bir/bzip2_bzip2_O1.bir	1985447	1	84	schemaA:functions=addr->name		162	68	46	68	0			train	train	train		0		1	0			68	0	1	c100c6b1b3ed118b65886a50166e7ff762f39f92	c100c6b1b3ed118b65886a50166e7ff762f39f92	1	1	DYN	1	81	81	1.0	archive		1			
bzip2_bzip2_O2	bzip2	bzip2	O2	local_main;wulver	data/raw/bzip2_bzip2_O2_sym	data/stripped/bzip2_bzip2_O2	1	1	data/bir/bzip2_bzip2_O2.bir	2509619	1	68	schemaA:functions=name->addr		158	58	49	56	0		train	train	train	train	train	0		1	1	58	49	56	0	1	cbf334672e53975dbc5d1148f5f74d4eb6700b86	cbf334672e53975dbc5d1148f5f74d4eb6700b86	1	1	DYN	1	72	72	1.0	archive		1			
bzip2_bzip2_O3	bzip2	bzip2	O3	local_main;wulver	data/raw/bzip2_bzip2_O3_sym	data/stripped/bzip2_bzip2_O3_stripped	1	1	data/bir/bzip2_bzip2_O3.bir	3891119	1	72	schemaA:functions=addr->name		159	58	49	54	0			train	train	train		0		1	0			54	0	1	c2cffd1cc371266cac8e6dbb8bb2ab2830e2425d	c2cffd1cc371266cac8e6dbb8bb2ab2830e2425d	1	1	DYN	1	69	69	0.9827586206896551	archive		1			
cflow_cflow_O0	cflow	cflow	O0	local_main;wulver	data/raw/cflow_cflow_O0_sym	data/stripped/cflow_cflow_O0	1	1	data/bir/cflow_cflow_O0.bir	3445373	1	424	schemaA:functions=name->addr		1007	834	94	0				train	train	train		0		1	1	834	94	411	1	1	0797219f3cf412a27525a50857bfecadb12a4164	0797219f3cf412a27525a50857bfecadb12a4164	1	1	DYN	1	430	430	1.0	archive		1			
cflow_cflow_O1	cflow	cflow	O1	local_main;wulver	data/raw/cflow_cflow_O1_sym	data/stripped/cflow_cflow_O1	1	1	data/bir/cflow_cflow_O1.bir	2497303	1	326	schemaA:functions=name->addr		433	263	92	0				train	train	train		0		1	1	263	92	261	1	1	127c9fa17883cfc5769ad72db3348a20967fcdbd	127c9fa17883cfc5769ad72db3348a20967fcdbd	1	1	DYN	1	330	330	1.0	archive		1			
cflow_cflow_O2	cflow	cflow	O2	local_main;wulver	data/raw/cflow_cflow_O2_sym	data/stripped/cflow_cflow_O2	1	1	data/bir/cflow_cflow_O2.bir	2712294	1	317	schemaA:functions=name->addr		411	239	93	0				train	train	train		0		1	1	239	93	236	1	1	073821944e46cdaa97a6da19ae5bb99689c875fb	073821944e46cdaa97a6da19ae5bb99689c875fb	1	1	DYN	1	321	321	1.0	archive		1			
cflow_cflow_O3	cflow	cflow	O3	local_main;wulver	data/raw/cflow_cflow_O3_sym	data/stripped/cflow_cflow_O3	1	1	data/bir/cflow_cflow_O3.bir	3295336	1	294	schemaA:functions=name->addr		387	214	93	0				train	train	train		0		1	1	214	93	210	1	1	98432d7a61e23bd06e9ec232ffacc16f35df960d	98432d7a61e23bd06e9ec232ffacc16f35df960d	1	1	DYN	1	298	298	1.0	archive		1			
combinatorics_combine_O1	combinatorics	combine	O1	local_main;wulver	data/raw/combinatorics_combine_O1_sym	data/stripped/combinatorics_combine_O1_stripped	1	1	data/bir/combinatorics_combine_O1.bir	1714035	1	90	schemaA:functions=name->addr		179	75	52	74	0		train	train	train	train	train	0		1	1	75	52	74	0	1	b4085626a0266e49a662f0018581e7a33538f361	b4085626a0266e49a662f0018581e7a33538f361	1	1	DYN	1	94	94	1.0	archive		1			
combinatorics_combine_O2	combinatorics	combine	O2	local_main;wulver	data/raw/combinatorics_combine_O2_sym	data/stripped/combinatorics_combine_O2_stripped	1	1	data/bir/combinatorics_combine_O2.bir	1459398	1	92	schemaA:functions=name->addr		175	72	52	70	0		train	train	train	train	train	0		1	1	72	52	70	0	1	2c9c8ba845a0197dfa0102280909b7519312766e	2c9c8ba845a0197dfa0102280909b7519312766e	1	1	DYN	1	96	96	1.0	archive		1			
combinatorics_combine_O3	combinatorics	combine	O3	local_main;wulver	data/raw/combinatorics_combine_O3_sym	data/stripped/combinatorics_combine_O3_stripped	1	1	data/bir/combinatorics_combine_O3.bir	1605649	1	93	schemaA:functions=name->addr		177	73	52	71	0		train	train	train	train	train	0		1	1	73	52	71	0	1	8ceb0bb29058270b0eb27263581ab47d47e4408c	8ceb0bb29058270b0eb27263581ab47d47e4408c	1	1	DYN	1	97	97	1.0	archive		1			
coreutils2_dd	coreutils2	dd	default	local_main;wulver	data/raw/coreutils2_dd_sym	data/stripped/coreutils2_dd_stripped	1	1	data/bir/coreutils2_dd.bir	1200884	1	146	schemaA:functions=name->addr		272	106	81	103	0		train	train	train	train	train	0		1	1	106	81	103	0	1	551015023dccfaca14c9f860c7b7a78c71e2150e	551015023dccfaca14c9f860c7b7a78c71e2150e	1	1	DYN	1	150	150	1.0	archive		1			
coreutils2_dd_O0	coreutils2	dd	O0	local_main;wulver	data/raw/coreutils2_dd_O0_sym	data/stripped/coreutils2_dd_O0_stripped	1	1	data/bir/coreutils2_dd_O0.bir	1639330	1	200	schemaA:functions=name->addr		559	393	87	392	0		train	train	train	train	train	0		1	1	393	87	392	0	1	b81517b8b2e13b8af500d48edbf45bd278555f40	b81517b8b2e13b8af500d48edbf45bd278555f40	1	1	DYN	1	204	204	1.0	archive		1			
coreutils2_dd_O1	coreutils2	dd	O1	local_main;wulver	data/raw/coreutils2_dd_O1_sym	data/stripped/coreutils2_dd_O1_stripped	1	1	data/bir/coreutils2_dd_O1.bir	1154273	1	138	schemaA:functions=name->addr		273	109	86	108	0		train	train	train	train	train	0		1	1	109	86	108	0	1	4205d3b6eb03bd8d83f8326aeac3faeb7fb656cb	4205d3b6eb03bd8d83f8326aeac3faeb7fb656cb	1	1	DYN	1	142	142	0.9908256880733946	archive		1			
coreutils2_dd_O2	coreutils2	dd	O2	local_main;wulver	data/raw/coreutils2_dd_O2_sym	data/stripped/coreutils2_dd_O2_stripped	1	1	data/bir/coreutils2_dd_O2.bir	1151171	1	149	schemaA:functions=name->addr		272	108	86	105	0		train	train	train	train	train	0		1	1	108	86	105	0	1	373f60e6d67fa8653ab0bae16bd1c09f63a2303b	373f60e6d67fa8653ab0bae16bd1c09f63a2303b	1	1	DYN	1	153	153	1.0	archive		1			
coreutils2_dd_O3	coreutils2	dd	O3	local_main;wulver	data/raw/coreutils2_dd_O3_sym	data/stripped/coreutils2_dd_O3_stripped	1	1	data/bir/coreutils2_dd_O3.bir	1508807	1	153	schemaA:functions=name->addr		286	122	86	118	0		train	train	train	train	train	0		1	1	122	86	118	0	1	0b39c306bba584baeeda20a3bad8ccf0e4660c5a	0b39c306bba584baeeda20a3bad8ccf0e4660c5a	1	1	DYN	1	157	157	1.0	archive		1			
coreutils2_df	coreutils2	df	default	local_main;wulver	data/raw/coreutils2_df_sym	data/stripped/coreutils2_df_stripped	1	1	data/bir/coreutils2_df.bir	1446897	1	189	schemaA:functions=name->addr		341	137	103	134	0		train	train	train	train	train	0		1	1	137	103	134	0	1	e2a1d5cf5ff0b1760d40aa12503888d4825628cf	e2a1d5cf5ff0b1760d40aa12503888d4825628cf	1	1	DYN	1	193	193	1.0	archive	coreutils2_df_O2:0.922	1			dup_group_keeper:coreutils2_df_O2
coreutils2_df_O0	coreutils2	df	O0	local_main;wulver	data/raw/coreutils2_df_O0_sym	data/stripped/coreutils2_df_O0_stripped	1	1	data/bir/coreutils2_df_O0.bir	2126434	1	264	schemaA:functions=name->addr		719	523	111	519	0		train	train	train	train	train	0		1	1	523	111	519	0	1	b94042b371b27cea154f2e1656727f8d2b3c2483	b94042b371b27cea154f2e1656727f8d2b3c2483	1	1	DYN	1	271	271	1.0	archive		1			
coreutils2_df_O1	coreutils2	df	O1	local_main;wulver	data/raw/coreutils2_df_O1_sym	data/stripped/coreutils2_df_O1_stripped	1	1	data/bir/coreutils2_df_O1.bir	1378399	1	176	schemaA:functions=name->addr		332	140	109	139	0		train	train	train	train	train	0		1	1	140	109	139	0	1	24b0382897732bdc185b9c0120f6acba4bcbff30	24b0382897732bdc185b9c0120f6acba4bcbff30	1	1	DYN	1	180	180	0.9928571428571429	archive		1			
coreutils2_df_O2	coreutils2	df	O2	local_main;wulver	data/raw/coreutils2_df_O2_sym	data/stripped/coreutils2_df_O2_stripped	1	1	data/bir/coreutils2_df_O2.bir	1348342	1	189	schemaA:functions=name->addr		328	136	109	133	0		train	train	train	train	train	0		1	1	136	109	133	0	1	7111be3c08075465046929b63552b560dee318d1	7111be3c08075465046929b63552b560dee318d1	1	1	DYN	1	193	193	1.0	archive	coreutils2_df:0.922	0	duplicate_build_of:coreutils2_df		
coreutils2_df_O3	coreutils2	df	O3	local_main;wulver	data/raw/coreutils2_df_O3_sym	data/stripped/coreutils2_df_O3_stripped	1	1	data/bir/coreutils2_df_O3.bir	1692094	1	194	schemaA:functions=name->addr		343	151	109	148	0		train	train	train	train	train	0		1	1	151	109	148	0	1	bc3f5ce824c6fdc86e3874c9938eddc460a25244	bc3f5ce824c6fdc86e3874c9938eddc460a25244	1	1	DYN	1	198	198	1.0	archive		1			
coreutils2_du	coreutils2	du	default	local_main;wulver	data/raw/coreutils2_du_sym	data/stripped/coreutils2_du_stripped	1	1	data/bir/coreutils2_du.bir	1737154	1	237	schemaA:functions=name->addr		379	172	105	170	0		test	test	test	test	test	0		1	1	172	105	170	0	1	95388ced1d5ebb932154211a4ea1ed85da1734ce	95388ced1d5ebb932154211a4ea1ed85da1734ce	1	1	DYN	1	241	241	1.0	archive	coreutils2_du_O2:0.953	1			dup_group_keeper:coreutils2_du_O2
coreutils2_du_O0	coreutils2	du	O0	local_main;wulver	data/raw/coreutils2_du_O0_sym	data/stripped/coreutils2_du_O0_stripped	1	1	data/bir/coreutils2_du_O0.bir	2359821	1	338	schemaA:functions=name->addr		875	668	115	663	0		train	train	train	train	train	0		1	1	668	115	663	0	1	905707193ea4e4a03e8e4f21916c3087b2e0ba8a	905707193ea4e4a03e8e4f21916c3087b2e0ba8a	1	1	DYN	1	344	344	1.0	archive		1			
coreutils2_du_O1	coreutils2	du	O1	local_main;wulver	data/raw/coreutils2_du_O1_sym	data/stripped/coreutils2_du_O1_stripped	1	1	data/bir/coreutils2_du_O1.bir	1666018	1	227	schemaA:functions=name->addr		386	183	113	181	0		train	train	train	train	train	0		1	1	183	113	181	0	1	aa907d8e77799138084517b782a33449523f818a	aa907d8e77799138084517b782a33449523f818a	1	1	DYN	1	232	232	0.994535519125683	archive		1			
coreutils2_du_O2	coreutils2	du	O2	local_main;wulver	data/raw/coreutils2_du_O2_sym	data/stripped/coreutils2_du_O2_stripped	1	1	data/bir/coreutils2_du_O2.bir	1723147	1	239	schemaA:functions=name->addr		376	173	113	171	0		train	train	train	train	train	0		1	1	173	113	171	0	1	f3869794702d5101d42a061f74418f7b82c001ed	f3869794702d5101d42a061f74418f7b82c001ed	1	1	DYN	1	243	243	1.0	archive	coreutils2_du:0.953	0	duplicate_build_of:coreutils2_du		
coreutils2_du_O3	coreutils2	du	O3	local_main;wulver	data/raw/coreutils2_du_O3_sym	data/stripped/coreutils2_du_O3_stripped	1	1	data/bir/coreutils2_du_O3.bir	2167684	1	236	schemaA:functions=name->addr		385	182	113	180	0		train	train	train	train	train	0		1	1	182	113	180	0	1	ec0752f212702b8651ad6fed1277e8be6c3f6248	ec0752f212702b8651ad6fed1277e8be6c3f6248	1	1	DYN	1	240	240	1.0	archive		1			
coreutils2_ls	coreutils2	ls	default	local_main;wulver	data/raw/coreutils2_ls_sym	data/stripped/coreutils2_ls_stripped	1	1	data/bir/coreutils2_ls.bir	2093851	1	310	schemaA:functions=name->addr		407	186	117	184	0		train	train	train	train	train	0		1	1	186	117	184	0	1	88a88cf14c811fe8b192868e4faf23e9faeb3822	88a88cf14c811fe8b192868e4faf23e9faeb3822	1	1	DYN	1	313	313	1.0	archive		1			
coreutils2_ls_O0	coreutils2	ls	O0	local_main;wulver	data/raw/coreutils2_ls_O0_sym	data/stripped/coreutils2_ls_O0_stripped	1	1	data/bir/coreutils2_ls_O0.bir	2933667	1	487	schemaA:functions=name->addr		1179	962	121	958	0		train	train	train	train	train	0		1	1	962	121	958	0	1	7cb10d24751880d15cc04de9b032b44dbafc4426	7cb10d24751880d15cc04de9b032b44dbafc4426	1	1	DYN	1	494	494	1.0	archive		1			
coreutils2_ls_O1	coreutils2	ls	O1	local_main;wulver	data/raw/coreutils2_ls_O1_sym	data/stripped/coreutils2_ls_O1_stripped	1	1	data/bir/coreutils2_ls_O1.bir	1972498	1	319	schemaA:functions=name->addr		417	210	116	209	0		train	train	train	train	train	0		1	1	210	116	209	0	1	5cdabfaa96efdcf2a39e935bdf5de1950c9b4ee3	5cdabfaa96efdcf2a39e935bdf5de1950c9b4ee3	1	1	DYN	1	323	323	0.9904761904761905	archive		1			
coreutils2_ls_O2	coreutils2	ls	O2	local_main;wulver	data/raw/coreutils2_ls_O2_sym	data/stripped/coreutils2_ls_O2_stripped	1	1	data/bir/coreutils2_ls_O2.bir	2052921	1	310	schemaA:functions=name->addr		394	187	116	185	0		train	train	train	train	train	0		1	1	187	116	185	0	1	307db198537ed2de81de4d011319f1f3ce7403fa	307db198537ed2de81de4d011319f1f3ce7403fa	1	1	DYN	1	313	313	1.0	archive		1			
coreutils2_ls_O3	coreutils2	ls	O3	local_main;wulver	data/raw/coreutils2_ls_O3_sym	data/stripped/coreutils2_ls_O3_stripped	1	1	data/bir/coreutils2_ls_O3.bir	2632123	1	306	schemaA:functions=name->addr		415	207	116	205	0		train	train	train	train	train	0		1	1	207	116	205	0	1	28527f27b8c9a342f55018f0e8d745e8944fa4b4	28527f27b8c9a342f55018f0e8d745e8944fa4b4	1	1	DYN	1	309	309	1.0	archive		1			
coreutils2_mktemp	coreutils2	mktemp	default	local_main;wulver	data/raw/coreutils2_mktemp_sym	data/stripped/coreutils2_mktemp_stripped	1	1	data/bir/coreutils2_mktemp.bir	331012	1	103	schemaA:functions=name->addr		169	51	56	49	0		test	test	test	test	test	0		1	1	51	56	49	0	1	067ebed94073c7c9f4cf82fea066beb4ef36852e	067ebed94073c7c9f4cf82fea066beb4ef36852e	1	1	DYN	1	107	107	1.0	archive	coreutils2_mktemp_O2:0.939	1			dup_group_keeper:coreutils2_mktemp_O2
coreutils2_mktemp_O0	coreutils2	mktemp	O0	local_main;wulver	data/raw/coreutils2_mktemp_O0_sym	data/stripped/coreutils2_mktemp_O0_stripped	1	1	data/bir/coreutils2_mktemp_O0.bir	606796	1	124	schemaA:functions=name->addr		366	246	61	245	0		train	train	train	train	train	0		1	1	246	61	245	0	1	bd07f6bd62477b4dc402394e3ef335bc14a3b830	bd07f6bd62477b4dc402394e3ef335bc14a3b830	1	1	DYN	1	128	128	1.0	archive		1			
coreutils2_mktemp_O1	coreutils2	mktemp	O1	local_main;wulver	data/raw/coreutils2_mktemp_O1_sym	data/stripped/coreutils2_mktemp_O1_stripped	1	1	data/bir/coreutils2_mktemp_O1.bir	411437	1	93	schemaA:functions=name->addr		181	63	60	62	0		train	train	train	train	train	0		1	1	63	60	62	0	1	8e2ee0da5b22f552086be90a37eb716e9576400e	8e2ee0da5b22f552086be90a37eb716e9576400e	1	1	DYN	1	97	97	1.0	archive		1			
coreutils2_mktemp_O2	coreutils2	mktemp	O2	local_main;wulver	data/raw/coreutils2_mktemp_O2_sym	data/stripped/coreutils2_mktemp_O2_stripped	1	1	data/bir/coreutils2_mktemp_O2.bir	333202	1	106	schemaA:functions=name->addr		171	53	60	51	0		train	train	train	train	train	0		1	1	53	60	51	0	1	c8c5366cb2f032a4ba2c41ee7a41ac178c218709	c8c5366cb2f032a4ba2c41ee7a41ac178c218709	1	1	DYN	1	110	110	1.0	archive	coreutils2_mktemp:0.939	0	duplicate_build_of:coreutils2_mktemp		
coreutils2_mktemp_O3	coreutils2	mktemp	O3	local_main;wulver	data/raw/coreutils2_mktemp_O3_sym	data/stripped/coreutils2_mktemp_O3_stripped	1	1	data/bir/coreutils2_mktemp_O3.bir	600476	1	113	schemaA:functions=name->addr		194	76	60	74	0		train	train	train	train	train	0		1	1	76	60	74	0	1	6eaecf622112cd25df2a72c37806294d1e1c147c	6eaecf622112cd25df2a72c37806294d1e1c147c	1	1	DYN	1	117	117	1.0	archive		1			
coreutils2_realpath	coreutils2	realpath	default	local_main;wulver	data/raw/coreutils2_realpath_sym	data/stripped/coreutils2_realpath_stripped	1	1	data/bir/coreutils2_realpath.bir	692731	1	139	schemaA:functions=name->addr		200	82	59	80	0		train	train	train	train	train	0		1	1	82	59	80	0	1	6f645aed0381c90bd7afbf8f64c8b1d3cb2da899	6f645aed0381c90bd7afbf8f64c8b1d3cb2da899	1	1	DYN	1	143	143	1.0	archive		1			
coreutils2_realpath_O0	coreutils2	realpath	O0	local_main;wulver	data/raw/coreutils2_realpath_O0_sym	data/stripped/coreutils2_realpath_O0_stripped	1	1	data/bir/coreutils2_realpath_O0.bir	1050006	1	173	schemaA:functions=name->addr		465	345	70	341	0		train	train	train	train	train	0		1	1	345	70	341	0	1	ce3df2aa305ccd30a4f10ebba0620ea06ad96fd9	ce3df2aa305ccd30a4f10ebba0620ea06ad96fd9	1	1	DYN	1	180	180	1.0	archive		1			
coreutils2_realpath_O1	coreutils2	realpath	O1	local_main;wulver	data/raw/coreutils2_realpath_O1_sym	data/stripped/coreutils2_realpath_O1_stripped	1	1	data/bir/coreutils2_realpath_O1.bir	737812	1	123	schemaA:functions=name->addr		205	87	69	86	0		train	train	train	train	train	0		1	1	87	69	86	0	1	7dbc54c258c24dc1310282e4b4045b136d1f9215	7dbc54c258c24dc1310282e4b4045b136d1f9215	1	1	DYN	1	127	127	1.0	archive		1			
coreutils2_realpath_O2	coreutils2	realpath	O2	local_main;wulver	data/raw/coreutils2_realpath_O2_sym	data/stripped/coreutils2_realpath_O2_stripped	1	1	data/bir/coreutils2_realpath_O2.bir	693772	1	142	schemaA:functions=name->addr		202	84	69	82	0		train	train	train	train	train	0		1	1	84	69	82	0	1	76e29b0794e5fb882c32ff1bd4b83620302fe14e	76e29b0794e5fb882c32ff1bd4b83620302fe14e	1	1	DYN	1	146	146	1.0	archive		1			
coreutils2_realpath_O3	coreutils2	realpath	O3	local_main;wulver	data/raw/coreutils2_realpath_O3_sym	data/stripped/coreutils2_realpath_O3_stripped	1	1	data/bir/coreutils2_realpath_O3.bir	978969	1	145	schemaA:functions=name->addr		222	102	70	100	0		train	train	train	train	train	0		1	1	102	70	100	0	1	791895a9fc3cd0a10597fe2946b238c8422643b7	791895a9fc3cd0a10597fe2946b238c8422643b7	1	1	DYN	1	149	149	1.0	archive		1			
coreutils2_shred	coreutils2	shred	default	local_main;wulver	data/raw/coreutils2_shred_sym	data/stripped/coreutils2_shred_stripped	1	1	data/bir/coreutils2_shred.bir	848062	1	137	schemaA:functions=name->addr		258	94	79	92	0		train	train	train	train	train	0		1	1	94	79	92	0	1	33fb01b75f9214b9204643cbd385af286f43d156	33fb01b75f9214b9204643cbd385af286f43d156	1	1	DYN	1	141	141	1.0	archive		1			
coreutils2_shred_O0	coreutils2	shred	O0	local_main;wulver	data/raw/coreutils2_shred_O0_sym	data/stripped/coreutils2_shred_O0_stripped	1	1	data/bir/coreutils2_shred_O0.bir	1273752	1	187	schemaA:functions=name->addr		531	367	83	366	0		train	train	train	train	train	0		1	1	367	83	366	0	1	fad978acba8b526e3a876867664d235a35265483	fad978acba8b526e3a876867664d235a35265483	1	1	DYN	1	191	191	1.0	archive		1			
coreutils2_shred_O1	coreutils2	shred	O1	local_main;wulver	data/raw/coreutils2_shred_O1_sym	data/stripped/coreutils2_shred_O1_stripped	1	1	data/bir/coreutils2_shred_O1.bir	870279	1	131	schemaA:functions=name->addr		268	104	83	103	0		train	train	train	train	train	0		1	1	104	83	103	0	1	b8906bf181a3b5626a8548dce5e7c0ea6a0d20c0	b8906bf181a3b5626a8548dce5e7c0ea6a0d20c0	1	1	DYN	1	135	135	0.9903846153846154	archive		1			
coreutils2_shred_O2	coreutils2	shred	O2	local_main;wulver	data/raw/coreutils2_shred_O2_sym	data/stripped/coreutils2_shred_O2_stripped	1	1	data/bir/coreutils2_shred_O2.bir	849103	1	140	schemaA:functions=name->addr		260	96	83	94	0		train	train	train	train	train	0		1	1	96	83	94	0	1	f3731c20fc78ccce3939f69517faa2d8c21dd525	f3731c20fc78ccce3939f69517faa2d8c21dd525	1	1	DYN	1	144	144	1.0	archive		1			
coreutils2_shred_O3	coreutils2	shred	O3	local_main;wulver	data/raw/coreutils2_shred_O3_sym	data/stripped/coreutils2_shred_O3_stripped	1	1	data/bir/coreutils2_shred_O3.bir	1146994	1	146	schemaA:functions=name->addr		277	113	83	111	0		train	train	train	train	train	0		1	1	113	83	111	0	1	b8062a87ac7549bcaec3ab831104dfd628922523	b8062a87ac7549bcaec3ab831104dfd628922523	1	1	DYN	1	150	150	1.0	archive		1			
coreutils2_sort	coreutils2	sort	default	local_main;wulver	data/raw/coreutils2_sort_sym	data/stripped/coreutils2_sort_stripped	1	1	data/bir/coreutils2_sort.bir	1958468	1	242	schemaA:functions=name->addr		435	174	136	172	0		train	train	train	train	train	0		1	1	174	136	172	0	1	a800d55a83d6cc5af680b1f495308176a73a10df	a800d55a83d6cc5af680b1f495308176a73a10df	1	1	DYN	1	246	246	1.0	archive	coreutils2_sort_O2:0.93	1			dup_group_keeper:coreutils2_sort_O2
coreutils2_sort_O0	coreutils2	sort	O0	local_main;wulver	data/raw/coreutils2_sort_O0_sym	data/stripped/coreutils2_sort_O0_stripped	1	1	data/bir/coreutils2_sort_O0.bir	2870778	1	360	schemaA:functions=name->addr		972	706	144	703	0		train	train	train	train	train	0		1	1	706	144	703	0	1	60ad645f981c4fa39e9e7850b5e0e17ec786474f	60ad645f981c4fa39e9e7850b5e0e17ec786474f	1	1	DYN	1	365	365	1.0	archive		1			
coreutils2_sort_O1	coreutils2	sort	O1	local_main;wulver	data/raw/coreutils2_sort_O1_sym	data/stripped/coreutils2_sort_O1_stripped	1	1	data/bir/coreutils2_sort_O1.bir	1945262	1	241	schemaA:functions=name->addr		447	192	140	191	0		train	train	train	train	train	0		1	1	192	140	191	0	1	4eaf04d55ea3c5ed723246783efbe8891d9b8581	4eaf04d55ea3c5ed723246783efbe8891d9b8581	1	1	DYN	1	245	245	1.0	archive		1			
coreutils2_sort_O2	coreutils2	sort	O2	local_main;wulver	data/raw/coreutils2_sort_O2_sym	data/stripped/coreutils2_sort_O2_stripped	1	1	data/bir/coreutils2_sort_O2.bir	1962869	1	246	schemaA:functions=name->addr		435	180	140	178	0		train	train	train	train	train	0		1	1	180	140	178	0	1	6b4ea780d6f6e1cfb136ba76109a8183d6717b3d	6b4ea780d6f6e1cfb136ba76109a8183d6717b3d	1	1	DYN	1	250	250	1.0	archive	coreutils2_sort:0.93	0	duplicate_build_of:coreutils2_sort		
coreutils2_sort_O3	coreutils2	sort	O3	local_main;wulver	data/raw/coreutils2_sort_O3_sym	data/stripped/coreutils2_sort_O3_stripped	1	1	data/bir/coreutils2_sort_O3.bir	2497051	1	247	schemaA:functions=name->addr		449	194	140	192	0		train	train	train	train	train	0		1	1	194	140	192	0	1	d0e27d60fdda6ffc9ce4f85e211d8df8e9fd1cfc	d0e27d60fdda6ffc9ce4f85e211d8df8e9fd1cfc	1	1	DYN	1	251	251	1.0	archive		1			
coreutils2_stty	coreutils2	stty	default	local_main;wulver	data/raw/coreutils2_stty_sym	data/stripped/coreutils2_stty_stripped	1	1	data/bir/coreutils2_stty.bir	821112	1	113	schemaA:functions=name->addr		204	70	64	67	0		train	train	train	train	train	0		1	1	70	64	67	0	1	7520fbfec0fdec5fba52874b59e1b4a6028b2326	7520fbfec0fdec5fba52874b59e1b4a6028b2326	1	1	DYN	1	116	116	1.0	archive		1			
coreutils2_stty_O0	coreutils2	stty	O0	local_main;wulver	data/raw/coreutils2_stty_O0_sym	data/stripped/coreutils2_stty_O0_stripped	1	1	data/bir/coreutils2_stty_O0.bir	1288185	1	152	schemaA:functions=name->addr		438	304	68	299	0		train	train	train	train	train	0		1	1	304	68	299	0	1	10bfe1168a80cbff69057a32480b490a75e807f6	10bfe1168a80cbff69057a32480b490a75e807f6	1	1	DYN	1	158	158	1.0	archive		1			
coreutils2_stty_O1	coreutils2	stty	O1	local_main;wulver	data/raw/coreutils2_stty_O1_sym	data/stripped/coreutils2_stty_O1_stripped	1	1	data/bir/coreutils2_stty_O1.bir	860343	1	104	schemaA:functions=name->addr		214	82	67	80	0		train	train	train	train	train	0		1	1	82	67	80	0	1	57020bbd62ad5ad48773302bafd5c832c9d2b6ea	57020bbd62ad5ad48773302bafd5c832c9d2b6ea	1	1	DYN	1	109	109	1.0	archive		1			
coreutils2_stty_O2	coreutils2	stty	O2	local_main;wulver	data/raw/coreutils2_stty_O2_sym	data/stripped/coreutils2_stty_O2_stripped	1	1	data/bir/coreutils2_stty_O2.bir	771557	1	116	schemaA:functions=name->addr		204	72	67	69	0		train	train	train	train	train	0		1	1	72	67	69	0	1	fe9e20cf18f1aa469640a1d62ef41c6a9f322fe2	fe9e20cf18f1aa469640a1d62ef41c6a9f322fe2	1	1	DYN	1	119	119	1.0	archive		1			
coreutils2_stty_O3	coreutils2	stty	O3	local_main;wulver	data/raw/coreutils2_stty_O3_sym	data/stripped/coreutils2_stty_O3_stripped	1	1	data/bir/coreutils2_stty_O3.bir	995231	1	121	schemaA:functions=name->addr		222	90	67	87	0		train	train	train	train	train	0		1	1	90	67	87	0	1	5ec60fd6e0c7f83d74ed5ee4d930ff52b7e5c5b1	5ec60fd6e0c7f83d74ed5ee4d930ff52b7e5c5b1	1	1	DYN	1	124	124	1.0	archive		1			
coreutils3_comm_O0	coreutils3	comm	O0	local_main;wulver	data/raw/coreutils3_comm_O0_sym	data/stripped/coreutils3_comm_O0_stripped	1	1	data/bir/coreutils3_comm_O0.bir	748081	1	140	schemaA:functions=addr->name		385	263	58	133	0			train	train	train		0		1	1	263	58	133	0	1	1b7651390f475e1f911b864379e62130a81acfd7	1b7651390f475e1f911b864379e62130a81acfd7	1	1	DYN	1	137	137	1.0	archive		1			
coreutils3_comm_O1	coreutils3	comm	O1	local_main;wulver	data/raw/coreutils3_comm_O1_sym	data/stripped/coreutils3_comm_O1_stripped	1	1	data/bir/coreutils3_comm_O1.bir	480838	1	108	schemaA:functions=addr->name		194	74	57	74	0			train	train	train		0		1	1	74	57	74	0	1	149971c088724fb6118b59d37dfffd4f32c13ad8	149971c088724fb6118b59d37dfffd4f32c13ad8	1	1	DYN	1	105	105	1.0	archive		1			
coreutils3_comm_O2	coreutils3	comm	O2	local_main;wulver	data/raw/coreutils3_comm_O2_sym	data/stripped/coreutils3_comm_O2_stripped	1	1	data/bir/coreutils3_comm_O2.bir	428560	1	120	schemaA:functions=addr->name		188	68	57	68	0			train	train	train		0		1	1	68	57	68	0	1	f4d8b87fe4fb33166b5423c82289e9d8825f8459	f4d8b87fe4fb33166b5423c82289e9d8825f8459	1	1	DYN	1	117	117	1.0	archive		1			
coreutils3_comm_O3	coreutils3	comm	O3	local_main;wulver	data/raw/coreutils3_comm_O3_sym	data/stripped/coreutils3_comm_O3_stripped	1	1	data/bir/coreutils3_comm_O3.bir	668030	1	125	schemaA:functions=addr->name		207	87	57	87	0			train	train	train		0		1	1	87	57	87	0	1	b2cd075351f981f1a7681a8126f3f7315d512863	b2cd075351f981f1a7681a8126f3f7315d512863	1	1	DYN	1	122	122	1.0	archive		1			
coreutils3_dirname_O0	coreutils3	dirname	O0	local_main;wulver	data/raw/coreutils3_dirname_O0_sym	data/stripped/coreutils3_dirname_O0_stripped	1	1	data/bir/coreutils3_dirname_O0.bir	512955	1	118	schemaA:functions=addr->name		320	220	47	112	0			train	train	train		0		1	1	220	47	112	0	1	d4f313b843e856fd075f4ec89b7dd7b0dd39184f	d4f313b843e856fd075f4ec89b7dd7b0dd39184f	1	1	DYN	1	115	115	1.0	archive		1			
coreutils3_dirname_O1	coreutils3	dirname	O1	local_main;wulver	data/raw/coreutils3_dirname_O1_sym	data/stripped/coreutils3_dirname_O1_stripped	1	1	data/bir/coreutils3_dirname_O1.bir	351691	1	90	schemaA:functions=addr->name		156	58	46	58	0			train	train	train		0		1	1	58	46	58	0	1	78e32530785fafa9def99b984d2590fb5fe60a06	78e32530785fafa9def99b984d2590fb5fe60a06	1	1	DYN	1	87	87	1.0	archive		1			
coreutils3_dirname_O2	coreutils3	dirname	O2	local_main;wulver	data/raw/coreutils3_dirname_O2_sym	data/stripped/coreutils3_dirname_O2_stripped	1	1	data/bir/coreutils3_dirname_O2.bir	273629	1	102	schemaA:functions=addr->name		145	47	46	47	0			train	train	train		0		1	1	47	46	47	0	1	3a8f423d61cf3150b7c37b349b9c682159aec046	3a8f423d61cf3150b7c37b349b9c682159aec046	1	1	DYN	1	99	99	1.0	archive		1			
coreutils3_dirname_O3	coreutils3	dirname	O3	local_main;wulver	data/raw/coreutils3_dirname_O3_sym	data/stripped/coreutils3_dirname_O3_stripped	1	1	data/bir/coreutils3_dirname_O3.bir	521733	1	108	schemaA:functions=addr->name		169	71	46	71	0			train	train	train		0		1	1	71	46	71	0	1	b9aa75d64f8113a28890090198eba65342e65e6b	b9aa75d64f8113a28890090198eba65342e65e6b	1	1	DYN	1	105	105	1.0	archive		1			
coreutils3_env_O0	coreutils3	env	O0	local_main;wulver	data/raw/coreutils3_env_O0_sym	data/stripped/coreutils3_env_O0_stripped	1	1	data/bir/coreutils3_env_O0.bir	749087	1	137	schemaA:functions=addr->name		395	255	67	130	0			train	train	train		0		1	1	255	67	130	0	1	73c64e4b53fb5c42c92c4bba0685338165db147e	73c64e4b53fb5c42c92c4bba0685338165db147e	1	1	DYN	1	134	134	1.0	archive		1			
coreutils3_env_O1	coreutils3	env	O1	local_main;wulver	data/raw/coreutils3_env_O1_sym	data/stripped/coreutils3_env_O1_stripped	1	1	data/bir/coreutils3_env_O1.bir	481499	1	95	schemaA:functions=addr->name		204	66	66	67	0			train	train	train		0		1	1	66	66	67	0	1	44f13fbf71309f6deeeb901514d5cd2b96f68355	44f13fbf71309f6deeeb901514d5cd2b96f68355	1	1	DYN	1	92	92	1.0	archive		1			
coreutils3_env_O2	coreutils3	env	O2	local_main;wulver	data/raw/coreutils3_env_O2_sym	data/stripped/coreutils3_env_O2_stripped	1	1	data/bir/coreutils3_env_O2.bir	445541	1	107	schemaA:functions=addr->name		196	58	66	58	0			train	train	train		0		1	1	58	66	58	0	1	94bac045de73ae7f4bc2c2341ec7cf0201427fcc	94bac045de73ae7f4bc2c2341ec7cf0201427fcc	1	1	DYN	1	104	104	1.0	archive		1			
coreutils3_env_O3	coreutils3	env	O3	local_main;wulver	data/raw/coreutils3_env_O3_sym	data/stripped/coreutils3_env_O3_stripped	1	1	data/bir/coreutils3_env_O3.bir	684583	1	112	schemaA:functions=addr->name		215	77	66	77	0			train	train	train		0		1	1	77	66	77	0	1	25f38ec097bc82894613f5af69dbb34594c28b32	25f38ec097bc82894613f5af69dbb34594c28b32	1	1	DYN	1	109	109	1.0	archive		1			
coreutils3_expand_O0	coreutils3	expand	O0	local_main;wulver	data/raw/coreutils3_expand_O0_sym	data/stripped/coreutils3_expand_O0_stripped	1	1	data/bir/coreutils3_expand_O0.bir	627197	1	135	schemaA:functions=addr->name		368	250	56	128	0			train	train	train		0		1	1	250	56	128	0	1	69ccef8912026581ef09e0b7aa8e56e600c6f6c3	69ccef8912026581ef09e0b7aa8e56e600c6f6c3	1	1	DYN	1	132	132	1.0	archive		1			
coreutils3_expand_O1	coreutils3	expand	O1	local_main;wulver	data/raw/coreutils3_expand_O1_sym	data/stripped/coreutils3_expand_O1_stripped	1	1	data/bir/coreutils3_expand_O1.bir	431136	1	101	schemaA:functions=addr->name		187	69	56	69	0			train	train	train		0		1	1	69	56	69	0	1	a38dd0b175eb80b6814f230ce38c2b8bb4039e0e	a38dd0b175eb80b6814f230ce38c2b8bb4039e0e	1	1	DYN	1	98	98	1.0	archive		1			
coreutils3_expand_O2	coreutils3	expand	O2	local_main;wulver	data/raw/coreutils3_expand_O2_sym	data/stripped/coreutils3_expand_O2_stripped	1	1	data/bir/coreutils3_expand_O2.bir	357396	1	111	schemaA:functions=addr->name		175	57	56	57	0			train	train	train		0		1	1	57	56	57	0	1	56713ab049d4b37b98bfeb269e459635dbe7fa89	56713ab049d4b37b98bfeb269e459635dbe7fa89	1	1	DYN	1	108	108	1.0	archive		1			
coreutils3_expand_O3	coreutils3	expand	O3	local_main;wulver	data/raw/coreutils3_expand_O3_sym	data/stripped/coreutils3_expand_O3_stripped	1	1	data/bir/coreutils3_expand_O3.bir	606049	1	117	schemaA:functions=addr->name		198	80	56	80	0			train	train	train		0		1	1	80	56	80	0	1	a998bd6324ce20f0685806010d4d2e94c8fb4766	a998bd6324ce20f0685806010d4d2e94c8fb4766	1	1	DYN	1	114	114	1.0	archive		1			
coreutils3_expr_O0	coreutils3	expr	O0	local_main;wulver	data/raw/coreutils3_expr_O0_sym	data/stripped/coreutils3_expr_O0_stripped	1	1	data/bir/coreutils3_expr_O0.bir	850915	1	147	schemaA:functions=addr->name		407	275	63	140	0			train	train	train		0		1	1	275	63	140	0	1	aabce52a1701d348bca2744eb6a34e2d97e917fe	aabce52a1701d348bca2744eb6a34e2d97e917fe	1	1	DYN	1	144	144	1.0	archive		1			
coreutils3_expr_O1	coreutils3	expr	O1	local_main;wulver	data/raw/coreutils3_expr_O1_sym	data/stripped/coreutils3_expr_O1_stripped	1	1	data/bir/coreutils3_expr_O1.bir	624191	1	109	schemaA:functions=addr->name		202	76	60	76	0			train	train	train		0		1	1	76	60	76	0	1	e2289112bf9251045209960940d83a578a6cc859	e2289112bf9251045209960940d83a578a6cc859	1	1	DYN	1	106	106	1.0	archive		1			
coreutils3_expr_O2	coreutils3	expr	O2	local_main;wulver	data/raw/coreutils3_expr_O2_sym	data/stripped/coreutils3_expr_O2_stripped	1	1	data/bir/coreutils3_expr_O2.bir	624696	1	115	schemaA:functions=addr->name		193	67	60	67	0			train	train	train		0		1	1	67	60	67	0	1	2a62661e328ee8ed304edbbdbdecdebd387691a5	2a62661e328ee8ed304edbbdbdecdebd387691a5	1	1	DYN	1	112	112	1.0	archive		1			
coreutils3_expr_O3	coreutils3	expr	O3	local_main;wulver	data/raw/coreutils3_expr_O3_sym	data/stripped/coreutils3_expr_O3_stripped	1	1	data/bir/coreutils3_expr_O3.bir	907609	1	118	schemaA:functions=addr->name		211	85	60	84	0			train	train	train		0		1	1	85	60	84	0	1	68044d2d00e4a2da65c0377e048bd95cb472e371	68044d2d00e4a2da65c0377e048bd95cb472e371	1	1	DYN	1	115	115	1.0	archive		1			
coreutils3_fold_O0	coreutils3	fold	O0	local_main;wulver	data/raw/coreutils3_fold_O0_sym	data/stripped/coreutils3_fold_O0_stripped	1	1	data/bir/coreutils3_fold_O0.bir	609256	1	128	schemaA:functions=addr->name		359	237	58	121	0			train	train	train		0		1	1	237	58	121	0	1	522cf147f732cfac2658d4e9c684f6f0de6a010d	522cf147f732cfac2658d4e9c684f6f0de6a010d	1	1	DYN	1	125	125	1.0	archive		1			
coreutils3_fold_O1	coreutils3	fold	O1	local_main;wulver	data/raw/coreutils3_fold_O1_sym	data/stripped/coreutils3_fold_O1_stripped	1	1	data/bir/coreutils3_fold_O1.bir	421247	1	95	schemaA:functions=addr->name		186	64	58	64	0			train	train	train		0		1	1	64	58	64	0	1	44a05d9704c5e7717913123af83d77a67b10bb77	44a05d9704c5e7717913123af83d77a67b10bb77	1	1	DYN	1	92	92	1.0	archive		1			
coreutils3_fold_O2	coreutils3	fold	O2	local_main;wulver	data/raw/coreutils3_fold_O2_sym	data/stripped/coreutils3_fold_O2_stripped	1	1	data/bir/coreutils3_fold_O2.bir	351840	1	105	schemaA:functions=addr->name		173	51	58	51	0			train	train	train		0		1	1	51	58	51	0	1	b0405d455b49b8291dff2e946342159acb9a22bb	b0405d455b49b8291dff2e946342159acb9a22bb	1	1	DYN	1	102	102	1.0	archive		1			
coreutils3_fold_O3	coreutils3	fold	O3	local_main;wulver	data/raw/coreutils3_fold_O3_sym	data/stripped/coreutils3_fold_O3_stripped	1	1	data/bir/coreutils3_fold_O3.bir	604975	1	111	schemaA:functions=addr->name		196	74	58	74	0			train	train	train		0		1	1	74	58	74	0	1	b30831150c439ddcd3b68ae674a84ad63844691b	b30831150c439ddcd3b68ae674a84ad63844691b	1	1	DYN	1	108	108	1.0	archive		1			
coreutils3_id_O0	coreutils3	id	O0	local_main;wulver	data/raw/coreutils3_id_O0_sym	data/stripped/coreutils3_id_O0_stripped	1	1	data/bir/coreutils3_id_O0.bir	759153	1	151	schemaA:functions=addr->name		420	286	64	145	0			train	train	train		0		1	1	286	64	145	0	1	900832c3425fed8cf0c05f9e26bc82fbd78aa20d	900832c3425fed8cf0c05f9e26bc82fbd78aa20d	1	1	DYN	1	149	149	1.0	archive		1			
coreutils3_id_O1	coreutils3	id	O1	local_main;wulver	data/raw/coreutils3_id_O1_sym	data/stripped/coreutils3_id_O1_stripped	1	1	data/bir/coreutils3_id_O1.bir	495334	1	98	schemaA:functions=addr->name		196	68	61	67	0			train	train	train		0		1	1	68	61	67	0	1	6ec674878865c6ab2a40b6384d2a545561cbf795	6ec674878865c6ab2a40b6384d2a545561cbf795	1	1	DYN	1	95	95	1.0	archive		1			
coreutils3_id_O2	coreutils3	id	O2	local_main;wulver	data/raw/coreutils3_id_O2_sym	data/stripped/coreutils3_id_O2_stripped	1	1	data/bir/coreutils3_id_O2.bir	428811	1	108	schemaA:functions=addr->name		180	54	60	54	0			train	train	train		0		1	1	54	60	54	0	1	c2e6a14c649d756874b8f0bd55ed64c6253ccc8b	c2e6a14c649d756874b8f0bd55ed64c6253ccc8b	1	1	DYN	1	105	105	1.0	archive		1			
coreutils3_id_O3	coreutils3	id	O3	local_main;wulver	data/raw/coreutils3_id_O3_sym	data/stripped/coreutils3_id_O3_stripped	1	1	data/bir/coreutils3_id_O3.bir	684182	1	114	schemaA:functions=addr->name		203	77	60	77	0			train	train	train		0		1	1	77	60	77	0	1	9a10b60be4c76b73baaf5107bfee4b87882c8abd	9a10b60be4c76b73baaf5107bfee4b87882c8abd	1	1	DYN	1	111	111	1.0	archive		1			
coreutils3_link_O0	coreutils3	link	O0	local_main;wulver	data/raw/coreutils3_link_O0_sym	data/stripped/coreutils3_link_O0_stripped	1	1	data/bir/coreutils3_link_O0.bir	513323	1	116	schemaA:functions=addr->name		314	216	46	109	0			train	train	train		0		1	1	216	46	109	0	1	66691880837f4a0d06b5e7b1ee62175b3ac3e083	66691880837f4a0d06b5e7b1ee62175b3ac3e083	1	1	DYN	1	113	113	1.0	archive		1			
coreutils3_link_O1	coreutils3	link	O1	local_main;wulver	data/raw/coreutils3_link_O1_sym	data/stripped/coreutils3_link_O1_stripped	1	1	data/bir/coreutils3_link_O1.bir	353766	1	88	schemaA:functions=addr->name		152	56	45	56	0			train	train	train		0		1	1	56	45	56	0	1	fa196487b7e71c4cb2901ca1bc693d5324135ebb	fa196487b7e71c4cb2901ca1bc693d5324135ebb	1	1	DYN	1	85	85	1.0	archive		1			
coreutils3_link_O2	coreutils3	link	O2	local_main;wulver	data/raw/coreutils3_link_O2_sym	data/stripped/coreutils3_link_O2_stripped	1	1	data/bir/coreutils3_link_O2.bir	305154	1	100	schemaA:functions=addr->name		148	52	45	52	0			train	train	train		0		1	1	52	45	52	0	1	98e439757c94421116deefdcac73a343bf8a3824	98e439757c94421116deefdcac73a343bf8a3824	1	1	DYN	1	97	97	1.0	archive		1			
coreutils3_link_O3	coreutils3	link	O3	local_main;wulver	data/raw/coreutils3_link_O3_sym	data/stripped/coreutils3_link_O3_stripped	1	1	data/bir/coreutils3_link_O3.bir	533342	1	106	schemaA:functions=addr->name		168	72	45	71	0			train	train	train		0		1	1	72	45	71	0	1	de027bc8b0820f6dc647a65a17e8f4994f02211e	de027bc8b0820f6dc647a65a17e8f4994f02211e	1	1	DYN	1	103	103	1.0	archive		1			
coreutils3_ln_O0	coreutils3	ln	O0	local_main;wulver	data/raw/coreutils3_ln_O0_sym	data/stripped/coreutils3_ln_O0_stripped	1	1	data/bir/coreutils3_ln_O0.bir	1470716	1	238	schemaA:functions=addr->name		629	459	85	234	0			train	train	train		0		1	1	459	85	234	0	1	46d7808381c9dcdd6decbbbbbbd7e065aa294760	46d7808381c9dcdd6decbbbbbbd7e065aa294760	1	1	DYN	1	238	238	1.0	archive		1			
coreutils3_ln_O1	coreutils3	ln	O1	local_main;wulver	data/raw/coreutils3_ln_O1_sym	data/stripped/coreutils3_ln_O1_stripped	1	1	data/bir/coreutils3_ln_O1.bir	1035532	1	173	schemaA:functions=addr->name		288	120	84	120	0			train	train	train		0		1	1	120	84	120	0	1	96454a38eccbf21dd23d63042a204ee6d80626e8	96454a38eccbf21dd23d63042a204ee6d80626e8	1	1	DYN	1	170	170	1.0	archive		1			
coreutils3_ln_O2	coreutils3	ln	O2	local_main;wulver	data/raw/coreutils3_ln_O2_sym	data/stripped/coreutils3_ln_O2_stripped	1	1	data/bir/coreutils3_ln_O2.bir	1018643	1	191	schemaA:functions=addr->name		287	119	84	119	0			train	train	train		0		1	1	119	84	119	0	1	13f8f49f8694bd287d01a0eb8a58db4273dc12a8	13f8f49f8694bd287d01a0eb8a58db4273dc12a8	1	1	DYN	1	188	188	1.0	archive		1			
coreutils3_ln_O3	coreutils3	ln	O3	local_main;wulver	data/raw/coreutils3_ln_O3_sym	data/stripped/coreutils3_ln_O3_stripped	1	1	data/bir/coreutils3_ln_O3.bir	1330451	1	195	schemaA:functions=addr->name		306	136	85	137	0			train	train	train		0		1	1	136	85	137	0	1	c9fc8917d8978ad0b7dea34692222b0160fd3d46	c9fc8917d8978ad0b7dea34692222b0160fd3d46	1	1	DYN	1	192	192	1.0	archive		1			
coreutils3_mkdir_O0	coreutils3	mkdir	O0	local_main;wulver	data/raw/coreutils3_mkdir_O0_sym	data/stripped/coreutils3_mkdir_O0_stripped	1	1	data/bir/coreutils3_mkdir_O0.bir	1173279	1	174	schemaA:functions=addr->name		466	326	67	167	0			train	train	train		0		1	1	326	67	167	0	1	777b8de16e483bbae36a91034f5e622fdbdc696d	777b8de16e483bbae36a91034f5e622fdbdc696d	1	1	DYN	1	171	171	1.0	archive		1			
coreutils3_mkdir_O1	coreutils3	mkdir	O1	local_main;wulver	data/raw/coreutils3_mkdir_O1_sym	data/stripped/coreutils3_mkdir_O1_stripped	1	1	data/bir/coreutils3_mkdir_O1.bir	781135	1	111	schemaA:functions=addr->name		223	81	68	80	0			train	train	train		0		1	1	81	68	80	0	1	a66e102bdf160991b5d1487bf51ec019bbb8010a	a66e102bdf160991b5d1487bf51ec019bbb8010a	1	1	DYN	1	108	108	1.0	archive		1			
coreutils3_mkdir_O2	coreutils3	mkdir	O2	local_main;wulver	data/raw/coreutils3_mkdir_O2_sym	data/stripped/coreutils3_mkdir_O2_stripped	1	1	data/bir/coreutils3_mkdir_O2.bir	713907	1	124	schemaA:functions=addr->name		216	74	68	72	0			train	train	train		0		1	1	74	68	72	0	1	b6762096425914a700192e764f28944561e38ebe	b6762096425914a700192e764f28944561e38ebe	1	1	DYN	1	121	121	1.0	archive		1			
coreutils3_mkdir_O3	coreutils3	mkdir	O3	local_main;wulver	data/raw/coreutils3_mkdir_O3_sym	data/stripped/coreutils3_mkdir_O3_stripped	1	1	data/bir/coreutils3_mkdir_O3.bir	949451	1	130	schemaA:functions=addr->name		234	92	68	91	0			train	train	train		0		1	1	92	68	91	0	1	f143af9cf57e6253f2a940867fea56880615dcc2	f143af9cf57e6253f2a940867fea56880615dcc2	1	1	DYN	1	127	127	1.0	archive		1			
coreutils3_nproc_O0	coreutils3	nproc	O0	local_main;wulver	data/raw/coreutils3_nproc_O0_sym	data/stripped/coreutils3_nproc_O0_stripped	1	1	data/bir/coreutils3_nproc_O0.bir	563945	1	123	schemaA:functions=addr->name		342	230	53	116	0			train	train	train		0		1	1	230	53	116	0	1	dbdc2a09985c9ffdb333bb24a8816b1c1dc1c887	dbdc2a09985c9ffdb333bb24a8816b1c1dc1c887	1	1	DYN	1	120	120	1.0	archive		1			
coreutils3_nproc_O1	coreutils3	nproc	O1	local_main;wulver	data/raw/coreutils3_nproc_O1_sym	data/stripped/coreutils3_nproc_O1_stripped	1	1	data/bir/coreutils3_nproc_O1.bir	396461	1	93	schemaA:functions=addr->name		172	62	52	62	0			train	train	train		0		1	1	62	52	62	0	1	998eddde9bfd184c8ccd1f494639f7947d51f3a7	998eddde9bfd184c8ccd1f494639f7947d51f3a7	1	1	DYN	1	90	90	1.0	archive		1			
coreutils3_nproc_O2	coreutils3	nproc	O2	local_main;wulver	data/raw/coreutils3_nproc_O2_sym	data/stripped/coreutils3_nproc_O2_stripped	1	1	data/bir/coreutils3_nproc_O2.bir	313833	1	103	schemaA:functions=addr->name		159	49	52	49	0			train	train	train		0		1	1	49	52	49	0	1	348110e9c363f15984ddc3968979d7b5f9fd559f	348110e9c363f15984ddc3968979d7b5f9fd559f	1	1	DYN	1	100	100	1.0	archive		1			
coreutils3_nproc_O3	coreutils3	nproc	O3	local_main;wulver	data/raw/coreutils3_nproc_O3_sym	data/stripped/coreutils3_nproc_O3_stripped	1	1	data/bir/coreutils3_nproc_O3.bir	567735	1	109	schemaA:functions=addr->name		182	72	52	72	0			train	train	train		0		1	1	72	52	72	0	1	7de5c1fc5079e97fd362d6478b3434c8094ca583	7de5c1fc5079e97fd362d6478b3434c8094ca583	1	1	DYN	1	106	106	1.0	archive		1			
coreutils3_seq_O0	coreutils3	seq	O0	local_main;wulver	data/raw/coreutils3_seq_O0_sym	data/stripped/coreutils3_seq_O0_stripped	1	1	data/bir/coreutils3_seq_O0.bir	1059140	1	140	schemaA:functions=addr->name		391	261	62	133	0			train	train	train		0		1	1	261	62	133	0	1	57e9c3c13e38e5b2559a0b031075284590955c22	57e9c3c13e38e5b2559a0b031075284590955c22	1	1	DYN	1	137	137	1.0	archive		1			
coreutils3_seq_O1	coreutils3	seq	O1	local_main;wulver	data/raw/coreutils3_seq_O1_sym	data/stripped/coreutils3_seq_O1_stripped	1	1	data/bir/coreutils3_seq_O1.bir	716188	1	99	schemaA:functions=addr->name		197	69	61	68	0			train	train	train		0		1	1	69	61	68	0	1	acc7eeb6c47edff44dad1fabe44fc9dcea21a8d3	acc7eeb6c47edff44dad1fabe44fc9dcea21a8d3	1	1	DYN	1	96	96	1.0	archive		1			
coreutils3_seq_O2	coreutils3	seq	O2	local_main;wulver	data/raw/coreutils3_seq_O2_sym	data/stripped/coreutils3_seq_O2_stripped	1	1	data/bir/coreutils3_seq_O2.bir	629500	1	113	schemaA:functions=addr->name		191	63	61	61	0			train	train	train		0		1	1	63	61	61	0	1	cf1d1d84e5811204bd29a5574bd5bf57c9d3d3f3	cf1d1d84e5811204bd29a5574bd5bf57c9d3d3f3	1	1	DYN	1	110	110	1.0	archive		1			
coreutils3_seq_O3	coreutils3	seq	O3	local_main;wulver	data/raw/coreutils3_seq_O3_sym	data/stripped/coreutils3_seq_O3_stripped	1	1	data/bir/coreutils3_seq_O3.bir	879464	1	119	schemaA:functions=addr->name		212	84	61	82	0			train	train	train		0		1	1	84	61	82	0	1	ae37d38e6e0a76d5e41164d4f1f44312744a2f8d	ae37d38e6e0a76d5e41164d4f1f44312744a2f8d	1	1	DYN	1	116	116	1.0	archive		1			
coreutils3_split_O0	coreutils3	split	O0	local_main;wulver	data/raw/coreutils3_split_O0_sym	data/stripped/coreutils3_split_O0_stripped	1	1	data/bir/coreutils3_split_O0.bir	1211058	1	183	schemaA:functions=addr->name		525	345	87	178	0			train	train	train		0		1	1	345	87	178	0	1	684ac015b009cf684a836077c9e0f59f4ae28ce3	684ac015b009cf684a836077c9e0f59f4ae28ce3	1	1	DYN	1	182	182	1.0	archive		1			
coreutils3_split_O1	coreutils3	split	O1	local_main;wulver	data/raw/coreutils3_split_O1_sym	data/stripped/coreutils3_split_O1_stripped	1	1	data/bir/coreutils3_split_O1.bir	699514	1	124	schemaA:functions=addr->name		275	97	86	97	0			train	train	train		0		1	1	97	86	97	0	1	93d502228e88ab952a4df547fa7d48bbb5bf4067	93d502228e88ab952a4df547fa7d48bbb5bf4067	1	1	DYN	1	122	122	1.0	archive		1			
coreutils3_split_O2	coreutils3	split	O2	local_main;wulver	data/raw/coreutils3_split_O2_sym	data/stripped/coreutils3_split_O2_stripped	1	1	data/bir/coreutils3_split_O2.bir	725743	1	134	schemaA:functions=addr->name		266	88	86	88	0			train	train	train		0		1	1	88	86	88	0	1	f3a7f1c320887eaea5055f7eb479a3b339ef06e5	f3a7f1c320887eaea5055f7eb479a3b339ef06e5	1	1	DYN	1	131	131	1.0	archive		1			
coreutils3_split_O3	coreutils3	split	O3	local_main;wulver	data/raw/coreutils3_split_O3_sym	data/stripped/coreutils3_split_O3_stripped	1	1	data/bir/coreutils3_split_O3.bir	988825	1	141	schemaA:functions=addr->name		286	108	86	108	0			train	train	train		0		1	1	108	86	108	0	1	2a9f0697ea1f8494e0464e1e9cb61d7889efd4e5	2a9f0697ea1f8494e0464e1e9cb61d7889efd4e5	1	1	DYN	1	138	138	1.0	archive		1			
coreutils3_stat_O0	coreutils3	stat	O0	local_main;wulver	data/raw/coreutils3_stat_O0_sym	data/stripped/coreutils3_stat_O0_stripped	1	1	data/bir/coreutils3_stat_O0.bir	1892299	1	254	schemaA:functions=addr->name		675	485	93	247	0			train	train	train		0		1	1	485	93	247	0	1	6d2614354774ddcb46ff7a291926c9d3f81ef237	6d2614354774ddcb46ff7a291926c9d3f81ef237	1	1	DYN	1	251	251	1.0	archive		1			
coreutils3_stat_O1	coreutils3	stat	O1	local_main;wulver	data/raw/coreutils3_stat_O1_sym	data/stripped/coreutils3_stat_O1_stripped	1	1	data/bir/coreutils3_stat_O1.bir	1185305	1	159	schemaA:functions=addr->name		314	132	89	130	0			train	train	train		0		1	1	132	89	130	0	1	f7e5ccd7282bcf24d4ffbdd080de06ff42d2cf40	f7e5ccd7282bcf24d4ffbdd080de06ff42d2cf40	1	1	DYN	1	156	156	1.0	archive		1			
coreutils3_stat_O2	coreutils3	stat	O2	local_main;wulver	data/raw/coreutils3_stat_O2_sym	data/stripped/coreutils3_stat_O2_stripped	1	1	data/bir/coreutils3_stat_O2.bir	1171270	1	163	schemaA:functions=addr->name		300	118	89	115	0			train	train	train		0		1	1	118	89	115	0	1	545010c0906575b99c1585dba8bf1d8ae82f77aa	545010c0906575b99c1585dba8bf1d8ae82f77aa	1	1	DYN	1	160	160	1.0	archive		1			
coreutils3_stat_O3	coreutils3	stat	O3	local_main;wulver	data/raw/coreutils3_stat_O3_sym	data/stripped/coreutils3_stat_O3_stripped	1	1	data/bir/coreutils3_stat_O3.bir	1518327	1	168	schemaA:functions=addr->name		312	132	88	130	0			train	train	train		0		1	1	132	88	130	0	1	eecfeead220ab66dca2074b2e696b71e83e53af2	eecfeead220ab66dca2074b2e696b71e83e53af2	1	1	DYN	1	165	165	1.0	archive		1			
coreutils3_tee_O0	coreutils3	tee	O0	local_main;wulver	data/raw/coreutils3_tee_O0_sym	data/stripped/coreutils3_tee_O0_stripped	1	1	data/bir/coreutils3_tee_O0.bir	708967	1	146	schemaA:functions=addr->name		403	275	61	139	0			train	train	train		0		1	1	275	61	139	0	1	00834e7ad7f3bb59d7796aaf0f4771e3462181da	00834e7ad7f3bb59d7796aaf0f4771e3462181da	1	1	DYN	1	143	143	1.0	archive		1			
coreutils3_tee_O1	coreutils3	tee	O1	local_main;wulver	data/raw/coreutils3_tee_O1_sym	data/stripped/coreutils3_tee_O1_stripped	1	1	data/bir/coreutils3_tee_O1.bir	494162	1	109	schemaA:functions=addr->name		205	77	61	77	0			train	train	train		0		1	1	77	61	77	0	1	2dfc5ecb6aca3478001b4514e64e4a03505eb93b	2dfc5ecb6aca3478001b4514e64e4a03505eb93b	1	1	DYN	1	106	106	1.0	archive		1			
coreutils3_tee_O2	coreutils3	tee	O2	local_main;wulver	data/raw/coreutils3_tee_O2_sym	data/stripped/coreutils3_tee_O2_stripped	1	1	data/bir/coreutils3_tee_O2.bir	444911	1	121	schemaA:functions=addr->name		201	73	61	73	0			train	train	train		0		1	1	73	61	73	0	1	e1696b0be2844d4e57ce9eb9c086757c26185935	e1696b0be2844d4e57ce9eb9c086757c26185935	1	1	DYN	1	118	118	1.0	archive		1			
coreutils3_tee_O3	coreutils3	tee	O3	local_main;wulver	data/raw/coreutils3_tee_O3_sym	data/stripped/coreutils3_tee_O3_stripped	1	1	data/bir/coreutils3_tee_O3.bir	671364	1	126	schemaA:functions=addr->name		218	90	61	90	0			train	train	train		0		1	1	90	61	90	0	1	73be95cfb5bff58d6daa380d4628ab883489f949	73be95cfb5bff58d6daa380d4628ab883489f949	1	1	DYN	1	123	123	1.0	archive		1			
coreutils3_touch_O0	coreutils3	touch	O0	local_main;wulver	data/raw/coreutils3_touch_O0_sym	data/stripped/coreutils3_touch_O0_stripped	1	1	data/bir/coreutils3_touch_O0.bir	1831563	1	209	schemaA:functions=addr->name		550	400	73	202	0			train	train	train		0		1	1	400	73	202	0	1	d1c48528b0d0b856f5a78a314e4d01a589c1ad52	d1c48528b0d0b856f5a78a314e4d01a589c1ad52	1	1	DYN	1	206	206	1.0	archive		1			
coreutils3_touch_O1	coreutils3	touch	O1	local_main;wulver	data/raw/coreutils3_touch_O1_sym	data/stripped/coreutils3_touch_O1_stripped	1	1	data/bir/coreutils3_touch_O1.bir	1256031	1	141	schemaA:functions=addr->name		260	110	73	109	0			train	train	train		0		1	1	110	73	109	0	1	035d9179c9ae3aa80abf6853c6c0ba9cf2cbe28b	035d9179c9ae3aa80abf6853c6c0ba9cf2cbe28b	1	1	DYN	1	138	138	1.0	archive		1			
coreutils3_touch_O2	coreutils3	touch	O2	local_main;wulver	data/raw/coreutils3_touch_O2_sym	data/stripped/coreutils3_touch_O2_stripped	1	1	data/bir/coreutils3_touch_O2.bir	1265674	1	150	schemaA:functions=addr->name		252	102	73	100	0			train	train	train		0		1	1	102	73	100	0	1	f045db23b1f47d74f413be238312032b713d19a7	f045db23b1f47d74f413be238312032b713d19a7	1	1	DYN	1	147	147	1.0	archive		1			
coreutils3_touch_O3	coreutils3	touch	O3	local_main;wulver	data/raw/coreutils3_touch_O3_sym	data/stripped/coreutils3_touch_O3_stripped	1	1	data/bir/coreutils3_touch_O3.bir	1576174	1	150	schemaA:functions=addr->name		261	111	73	110	0			train	train	train		0		1	1	111	73	110	0	1	f375782969a437179e56a8ef1d7c00c5a3805a40	f375782969a437179e56a8ef1d7c00c5a3805a40	1	1	DYN	1	147	147	1.0	archive		1			
coreutils3_yes_O0	coreutils3	yes	O0	local_main;wulver	data/raw/coreutils3_yes_O0_sym	data/stripped/coreutils3_yes_O0_stripped	1	1	data/bir/coreutils3_yes_O0.bir	531509	1	119	schemaA:functions=addr->name		319	221	46	112	0			train	train	train		0		1	1	221	46	112	0	1	1dc0fec1a1bde82e7e481cec0be17ca314dc3f2c	1dc0fec1a1bde82e7e481cec0be17ca314dc3f2c	1	1	DYN	1	116	116	1.0	archive		1			
coreutils3_yes_O1	coreutils3	yes	O1	local_main;wulver	data/raw/coreutils3_yes_O1_sym	data/stripped/coreutils3_yes_O1_stripped	1	1	data/bir/coreutils3_yes_O1.bir	368768	1	90	schemaA:functions=addr->name		153	57	45	57	0			train	train	train		0		1	1	57	45	57	0	1	77f67c41664218e315ed141a493a386deefaecfb	77f67c41664218e315ed141a493a386deefaecfb	1	1	DYN	1	87	87	1.0	archive		1			
coreutils3_yes_O2	coreutils3	yes	O2	local_main;wulver	data/raw/coreutils3_yes_O2_sym	data/stripped/coreutils3_yes_O2_stripped	1	1	data/bir/coreutils3_yes_O2.bir	295130	1	102	schemaA:functions=addr->name		145	49	45	49	0			train	train	train		0		1	1	49	45	49	0	1	29b56c4a701093ad2f8e4c5119315762f475441e	29b56c4a701093ad2f8e4c5119315762f475441e	1	1	DYN	1	99	99	1.0	archive		1			
coreutils3_yes_O3	coreutils3	yes	O3	local_main;wulver	data/raw/coreutils3_yes_O3_sym	data/stripped/coreutils3_yes_O3_stripped	1	1	data/bir/coreutils3_yes_O3.bir	550811	1	108	schemaA:functions=addr->name		170	74	45	73	0			train	train	train		0		1	1	74	45	73	0	1	2b86590f0bec4bf92f50db8315a5f28437b13d28	2b86590f0bec4bf92f50db8315a5f28437b13d28	1	1	DYN	1	105	105	1.0	archive		1			
coreutils4_basename_O0	coreutils4	basename	O0	local_main;wulver	data/raw/coreutils4_basename_O0_sym	data/stripped/coreutils4_basename_O0_stripped	1	1	data/bir/coreutils4_basename_O0.bir	532206	1	121	schemaA:functions=addr->name		323	225	46	114	0			train	train	train		0		1	1	225	46	114	0	1	1a0fe858ce7611099824ccd8ed3368d028107068	1a0fe858ce7611099824ccd8ed3368d028107068	1	1	DYN	1	118	118	1.0	archive		1			
coreutils4_basename_O1	coreutils4	basename	O1	local_main;wulver	data/raw/coreutils4_basename_O1_sym	data/stripped/coreutils4_basename_O1_stripped	1	1	data/bir/coreutils4_basename_O1.bir	361628	1	91	schemaA:functions=addr->name		156	60	45	60	0			train	train	train		0		1	1	60	45	60	0	1	76024c241b670dae522d58a21a032f80b87b20f7	76024c241b670dae522d58a21a032f80b87b20f7	1	1	DYN	1	88	88	1.0	archive		1			
coreutils4_basename_O2	coreutils4	basename	O2	local_main;wulver	data/raw/coreutils4_basename_O2_sym	data/stripped/coreutils4_basename_O2_stripped	1	1	data/bir/coreutils4_basename_O2.bir	281192	1	103	schemaA:functions=addr->name		146	50	45	50	0			train	train	train		0		1	1	50	45	50	0	1	b345cf6931733ad3efe7a384bbcdc03d0fb4e475	b345cf6931733ad3efe7a384bbcdc03d0fb4e475	1	1	DYN	1	100	100	1.0	archive		1			
coreutils4_basename_O3	coreutils4	basename	O3	local_main;wulver	data/raw/coreutils4_basename_O3_sym	data/stripped/coreutils4_basename_O3_stripped	1	1	data/bir/coreutils4_basename_O3.bir	530225	1	109	schemaA:functions=addr->name		169	73	45	73	0			train	train	train		0		1	1	73	45	73	0	1	7753a182baa35220d4de2cc0d7664dfe2268ab0c	7753a182baa35220d4de2cc0d7664dfe2268ab0c	1	1	DYN	1	106	106	1.0	archive		1			
coreutils4_date_O0	coreutils4	date	O0	local_main;wulver	data/raw/coreutils4_date_O0_sym	data/stripped/coreutils4_date_O0_stripped	1	1	data/bir/coreutils4_date_O0.bir	1965561	1	219	schemaA:functions=addr->name		573	421	74	214	0			train	train	train		0		1	1	421	74	214	0	1	4f7e0fcca2e01f665ad333d1572beef9873ef807	4f7e0fcca2e01f665ad333d1572beef9873ef807	1	1	DYN	1	218	218	1.0	archive		1			
coreutils4_date_O1	coreutils4	date	O1	local_main;wulver	data/raw/coreutils4_date_O1_sym	data/stripped/coreutils4_date_O1_stripped	1	1	data/bir/coreutils4_date_O1.bir	1333311	1	145	schemaA:functions=addr->name		269	115	75	114	0			train	train	train		0		1	1	115	75	114	0	1	152718557b743badd18c38af6214735fb129fc41	152718557b743badd18c38af6214735fb129fc41	1	1	DYN	1	143	143	1.0	archive		1			
coreutils4_date_O2	coreutils4	date	O2	local_main;wulver	data/raw/coreutils4_date_O2_sym	data/stripped/coreutils4_date_O2_stripped	1	1	data/bir/coreutils4_date_O2.bir	1350538	1	152	schemaA:functions=addr->name		260	106	75	104	0			train	train	train		0		1	1	106	75	104	0	1	c01ef65961f67fdd20f25535e9e5828f25af309e	c01ef65961f67fdd20f25535e9e5828f25af309e	1	1	DYN	1	150	150	1.0	archive		1			
coreutils4_date_O3	coreutils4	date	O3	local_main;wulver	data/raw/coreutils4_date_O3_sym	data/stripped/coreutils4_date_O3_stripped	1	1	data/bir/coreutils4_date_O3.bir	1684192	1	152	schemaA:functions=addr->name		270	116	75	115	0			train	train	train		0		1	1	116	75	115	0	1	80897cbde03f8bb7ab00b84cf7cc614d9c837bac	80897cbde03f8bb7ab00b84cf7cc614d9c837bac	1	1	DYN	1	150	150	1.0	archive		1			
coreutils4_echo_O0	coreutils4	echo	O0	local_main;wulver	data/raw/coreutils4_echo_O0_sym	data/stripped/coreutils4_echo_O0_stripped	1	1	data/bir/coreutils4_echo_O0.bir	518817	1	115	schemaA:functions=addr->name		314	214	47	108	0			train	train	train		0		1	1	214	47	108	0	1	af3783b49faf4c36d36198ddbe3459dadf4acf28	af3783b49faf4c36d36198ddbe3459dadf4acf28	1	1	DYN	1	112	112	1.0	archive		1			
coreutils4_echo_O1	coreutils4	echo	O1	local_main;wulver	data/raw/coreutils4_echo_O1_sym	data/stripped/coreutils4_echo_O1_stripped	1	1	data/bir/coreutils4_echo_O1.bir	361397	1	87	schemaA:functions=addr->name		153	55	46	56	0			train	train	train		0		1	1	55	46	56	0	1	f58ad2fe6ed2416050e6dbe4b09c978f2d1da2c1	f58ad2fe6ed2416050e6dbe4b09c978f2d1da2c1	1	1	DYN	1	84	84	0.9818181818181818	archive		1			
coreutils4_echo_O2	coreutils4	echo	O2	local_main;wulver	data/raw/coreutils4_echo_O2_sym	data/stripped/coreutils4_echo_O2_stripped	1	1	data/bir/coreutils4_echo_O2.bir	281328	1	99	schemaA:functions=addr->name		142	44	46	44	0			train	train	train		0		1	1	44	46	44	0	1	1899fe4a076d9a76b188c99db51b489036c63b36	1899fe4a076d9a76b188c99db51b489036c63b36	1	1	DYN	1	96	96	0.9772727272727273	archive		1			
coreutils4_echo_O3	coreutils4	echo	O3	local_main;wulver	data/raw/coreutils4_echo_O3_sym	data/stripped/coreutils4_echo_O3_stripped	1	1	data/bir/coreutils4_echo_O3.bir	529673	1	105	schemaA:functions=addr->name		166	68	46	69	0			train	train	train		0		1	1	68	46	69	0	1	fc7b7b19ff0a27a965b323f3f066166b8ba95595	fc7b7b19ff0a27a965b323f3f066166b8ba95595	1	1	DYN	1	102	102	0.9852941176470589	archive		1			
coreutils4_factor_O0	coreutils4	factor	O0	local_main;wulver	data/raw/coreutils4_factor_O0_sym	data/stripped/coreutils4_factor_O0_stripped	1	1	data/bir/coreutils4_factor_O0.bir	1154251	1	160	schemaA:functions=addr->name		468	302	80	153	0			train	train	train		0		1	1	302	80	153	0	1	3b07d0049882adba75d61d955c516046324616eb	3b07d0049882adba75d61d955c516046324616eb	1	1	DYN	1	157	157	1.0	archive		1			
coreutils4_factor_O1	coreutils4	factor	O1	local_main;wulver	data/raw/coreutils4_factor_O1_sym	data/stripped/coreutils4_factor_O1_stripped	1	1	data/bir/coreutils4_factor_O1.bir	854652	1	120	schemaA:functions=addr->name		254	90	79	90	0			train	train	train		0		1	1	90	79	90	0	1	ae80ea03cc0cf138237d15af01f77d892db98549	ae80ea03cc0cf138237d15af01f77d892db98549	1	1	DYN	1	117	117	1.0	archive		1			
coreutils4_factor_O2	coreutils4	factor	O2	local_main;wulver	data/raw/coreutils4_factor_O2_sym	data/stripped/coreutils4_factor_O2_stripped	1	1	data/bir/coreutils4_factor_O2.bir	806896	1	130	schemaA:functions=addr->name		243	79	79	79	0			train	train	train		0		1	1	79	79	79	0	1	6171ba27abee9dcadc9c77fdbed4dbb5da8dff7d	6171ba27abee9dcadc9c77fdbed4dbb5da8dff7d	1	1	DYN	1	127	127	1.0	archive		1			
coreutils4_factor_O3	coreutils4	factor	O3	local_main;wulver	data/raw/coreutils4_factor_O3_sym	data/stripped/coreutils4_factor_O3_stripped	1	1	data/bir/coreutils4_factor_O3.bir	1176746	1	130	schemaA:functions=addr->name		260	96	79	96	0			train	train	train		0		1	1	96	79	96	0	1	a928534b65123afbe5f1d604ff7e0be55c940088	a928534b65123afbe5f1d604ff7e0be55c940088	1	1	DYN	1	127	127	1.0	archive		1			
coreutils4_groups_O0	coreutils4	groups	O0	local_main;wulver	data/raw/coreutils4_groups_O0_sym	data/stripped/coreutils4_groups_O0_stripped	1	1	data/bir/coreutils4_groups_O0.bir	587632	1	122	schemaA:functions=addr->name		348	228	57	115	0			train	train	train		0		1	1	228	57	115	0	1	588b5f6f5e9ef3004a21dc226e82f185f0ffd381	588b5f6f5e9ef3004a21dc226e82f185f0ffd381	1	1	DYN	1	119	119	1.0	archive		1			
coreutils4_groups_O1	coreutils4	groups	O1	local_main;wulver	data/raw/coreutils4_groups_O1_sym	data/stripped/coreutils4_groups_O1_stripped	1	1	data/bir/coreutils4_groups_O1.bir	393247	1	92	schemaA:functions=addr->name		174	62	53	62	0			train	train	train		0		1	1	62	53	62	0	1	0c634ee5cb9926b8b4e3f33e87e7231990299138	0c634ee5cb9926b8b4e3f33e87e7231990299138	1	1	DYN	1	89	89	1.0	archive		1			
coreutils4_groups_O2	coreutils4	groups	O2	local_main;wulver	data/raw/coreutils4_groups_O2_sym	data/stripped/coreutils4_groups_O2_stripped	1	1	data/bir/coreutils4_groups_O2.bir	309671	1	103	schemaA:functions=addr->name		161	49	53	49	0			train	train	train		0		1	1	49	53	49	0	1	47655df2461def827cd24184135eccfac22bfbfc	47655df2461def827cd24184135eccfac22bfbfc	1	1	DYN	1	100	100	1.0	archive		1			
coreutils4_groups_O3	coreutils4	groups	O3	local_main;wulver	data/raw/coreutils4_groups_O3_sym	data/stripped/coreutils4_groups_O3_stripped	1	1	data/bir/coreutils4_groups_O3.bir	566629	1	109	schemaA:functions=addr->name		184	72	53	72	0			train	train	train		0		1	1	72	53	72	0	1	99fe5b084c3c54f45097da0ee3b1593e14fbbc49	99fe5b084c3c54f45097da0ee3b1593e14fbbc49	1	1	DYN	1	106	106	1.0	archive		1			
coreutils4_hostid_O0	coreutils4	hostid	O0	local_main;wulver	data/raw/coreutils4_hostid_O0_sym	data/stripped/coreutils4_hostid_O0_stripped	1	1	data/bir/coreutils4_hostid_O0.bir	501942	1	116	schemaA:functions=addr->name		314	216	46	109	0			train	train	train		0		1	1	216	46	109	0	1	367478fbe609a273adb53e03e58a470415d604b4	367478fbe609a273adb53e03e58a470415d604b4	1	1	DYN	1	113	113	1.0	archive		1			
coreutils4_hostid_O1	coreutils4	hostid	O1	local_main;wulver	data/raw/coreutils4_hostid_O1_sym	data/stripped/coreutils4_hostid_O1_stripped	1	1	data/bir/coreutils4_hostid_O1.bir	348936	1	88	schemaA:functions=addr->name		152	56	45	56	0			train	train	train		0		1	1	56	45	56	0	1	7425ed2eb0798bb6224081911c12a1e230344663	7425ed2eb0798bb6224081911c12a1e230344663	1	1	DYN	1	85	85	1.0	archive		1			
coreutils4_hostid_O2	coreutils4	hostid	O2	local_main;wulver	data/raw/coreutils4_hostid_O2_sym	data/stripped/coreutils4_hostid_O2_stripped	1	1	data/bir/coreutils4_hostid_O2.bir	272514	1	100	schemaA:functions=addr->name		143	47	45	47	0			train	train	train		0		1	1	47	45	47	0	1	14c5927b4421a99d6ea468e6822e6316be80c45f	14c5927b4421a99d6ea468e6822e6316be80c45f	1	1	DYN	1	97	97	1.0	archive		1			
coreutils4_hostid_O3	coreutils4	hostid	O3	local_main;wulver	data/raw/coreutils4_hostid_O3_sym	data/stripped/coreutils4_hostid_O3_stripped	1	1	data/bir/coreutils4_hostid_O3.bir	527015	1	106	schemaA:functions=addr->name		167	71	45	70	0			train	train	train		0		1	1	71	45	70	0	1	cdb74555a8941fb37066f3b14909e82ddd6c8536	cdb74555a8941fb37066f3b14909e82ddd6c8536	1	1	DYN	1	103	103	1.0	archive		1			
coreutils4_logname_O0	coreutils4	logname	O0	local_main;wulver	data/raw/coreutils4_logname_O0_sym	data/stripped/coreutils4_logname_O0_stripped	1	1	data/bir/coreutils4_logname_O0.bir	503833	1	116	schemaA:functions=addr->name		316	216	47	109	0			train	train	train		0		1	1	216	47	109	0	1	1d7cf813d7369aa848a40a7f060cca38e88f930e	1d7cf813d7369aa848a40a7f060cca38e88f930e	1	1	DYN	1	113	113	1.0	archive		1			
coreutils4_logname_O1	coreutils4	logname	O1	local_main;wulver	data/raw/coreutils4_logname_O1_sym	data/stripped/coreutils4_logname_O1_stripped	1	1	data/bir/coreutils4_logname_O1.bir	350340	1	88	schemaA:functions=addr->name		154	56	46	56	0			train	train	train		0		1	1	56	46	56	0	1	eefc22ecea813355fdf219cf2d412924b479a6bd	eefc22ecea813355fdf219cf2d412924b479a6bd	1	1	DYN	1	85	85	1.0	archive		1			
coreutils4_logname_O2	coreutils4	logname	O2	local_main;wulver	data/raw/coreutils4_logname_O2_sym	data/stripped/coreutils4_logname_O2_stripped	1	1	data/bir/coreutils4_logname_O2.bir	274164	1	100	schemaA:functions=addr->name		145	47	46	48	0			train	train	train		0		1	1	47	46	48	0	1	81850ab814ea99de64ab18984cf32fda3ceaa7f4	81850ab814ea99de64ab18984cf32fda3ceaa7f4	1	1	DYN	1	97	97	1.0	archive		1			
coreutils4_logname_O3	coreutils4	logname	O3	local_main;wulver	data/raw/coreutils4_logname_O3_sym	data/stripped/coreutils4_logname_O3_stripped	1	1	data/bir/coreutils4_logname_O3.bir	528665	1	106	schemaA:functions=addr->name		169	71	46	70	0			train	train	train		0		1	1	71	46	70	0	1	21ebd481b4134dcd22d488aa53452b0af0c50b7f	21ebd481b4134dcd22d488aa53452b0af0c50b7f	1	1	DYN	1	103	103	1.0	archive		1			
coreutils4_mkfifo_O0	coreutils4	mkfifo	O0	local_main;wulver	data/raw/coreutils4_mkfifo_O0_sym	data/stripped/coreutils4_mkfifo_O0_stripped	1	1	data/bir/coreutils4_mkfifo_O0.bir	603901	1	140	schemaA:functions=addr->name		364	260	49	134	0			train	train	train		0		1	1	260	49	134	0	1	689c5e741e014eb4e563633ba5d3fd1a88962492	689c5e741e014eb4e563633ba5d3fd1a88962492	1	1	DYN	1	137	137	1.0	archive		1			
coreutils4_mkfifo_O1	coreutils4	mkfifo	O1	local_main;wulver	data/raw/coreutils4_mkfifo_O1_sym	data/stripped/coreutils4_mkfifo_O1_stripped	1	1	data/bir/coreutils4_mkfifo_O1.bir	398764	1	89	schemaA:functions=addr->name		161	59	48	59	0			train	train	train		0		1	1	59	48	59	0	1	a3f3ef42aaf12cf60b21cfb9cb765d43e49fec14	a3f3ef42aaf12cf60b21cfb9cb765d43e49fec14	1	1	DYN	1	86	86	1.0	archive		1			
coreutils4_mkfifo_O2	coreutils4	mkfifo	O2	local_main;wulver	data/raw/coreutils4_mkfifo_O2_sym	data/stripped/coreutils4_mkfifo_O2_stripped	1	1	data/bir/coreutils4_mkfifo_O2.bir	340200	1	101	schemaA:functions=addr->name		153	51	48	51	0			train	train	train		0		1	1	51	48	51	0	1	bb6aaeeb25833d8b0045782a331b0884fa9a3687	bb6aaeeb25833d8b0045782a331b0884fa9a3687	1	1	DYN	1	98	98	1.0	archive		1			
coreutils4_mkfifo_O3	coreutils4	mkfifo	O3	local_main;wulver	data/raw/coreutils4_mkfifo_O3_sym	data/stripped/coreutils4_mkfifo_O3_stripped	1	1	data/bir/coreutils4_mkfifo_O3.bir	570198	1	107	schemaA:functions=addr->name		174	72	48	72	0			train	train	train		0		1	1	72	48	72	0	1	5fc1d4ba7b57ddfe2606258c2d1c9f4ba8052e75	5fc1d4ba7b57ddfe2606258c2d1c9f4ba8052e75	1	1	DYN	1	104	104	1.0	archive		1			
coreutils4_numfmt_O0	coreutils4	numfmt	O0	local_main;wulver	data/raw/coreutils4_numfmt_O0_sym	data/stripped/coreutils4_numfmt_O0_stripped	1	1	data/bir/coreutils4_numfmt_O0.bir	1028578	1	166	schemaA:functions=addr->name		441	307	64	162	0			train	train	train		0		1	1	307	64	162	0	1	d292117cf51c21123fa8f988512e87d2cc2f30ba	d292117cf51c21123fa8f988512e87d2cc2f30ba	1	1	DYN	1	166	166	1.0	archive		1			
coreutils4_numfmt_O1	coreutils4	numfmt	O1	local_main;wulver	data/raw/coreutils4_numfmt_O1_sym	data/stripped/coreutils4_numfmt_O1_stripped	1	1	data/bir/coreutils4_numfmt_O1.bir	706459	1	106	schemaA:functions=addr->name		205	74	63	74	0			train	train	train		0		1	1	74	63	74	0	1	0b7b343b22311466f2bee7f88fbbb457530d20b9	0b7b343b22311466f2bee7f88fbbb457530d20b9	1	1	DYN	1	104	104	1.0	archive		1			
coreutils4_numfmt_O2	coreutils4	numfmt	O2	local_main;wulver	data/raw/coreutils4_numfmt_O2_sym	data/stripped/coreutils4_numfmt_O2_stripped	1	1	data/bir/coreutils4_numfmt_O2.bir	662488	1	117	schemaA:functions=addr->name		206	76	62	67	0			train	train	train		0		1	1	76	62	67	0	1	049ae93fa3fca83721cf778a39466426b5f12d75	049ae93fa3fca83721cf778a39466426b5f12d75	1	1	DYN	1	114	114	0.9736842105263158	archive		1			
coreutils4_numfmt_O3	coreutils4	numfmt	O3	local_main;wulver	data/raw/coreutils4_numfmt_O3_sym	data/stripped/coreutils4_numfmt_O3_stripped	1	1	data/bir/coreutils4_numfmt_O3.bir	904197	1	122	schemaA:functions=addr->name		230	100	62	84	0			train	train	train		0		1	1	100	62	84	0	1	40b8a73040aa9697dd77f405ea51e51406a3a560	40b8a73040aa9697dd77f405ea51e51406a3a560	1	1	DYN	1	119	119	0.92	archive		1			
coreutils4_pr_O0	coreutils4	pr	O0	local_main;wulver	data/raw/coreutils4_pr_O0_sym	data/stripped/coreutils4_pr_O0_stripped	1	1	data/bir/coreutils4_pr_O0.bir	1406542	1	218	schemaA:functions=addr->name		575	423	74	215	0			train	train	train		0		1	1	423	74	215	0	1	c84db108ed121a5ffd340bd46605192581b5f94b	c84db108ed121a5ffd340bd46605192581b5f94b	1	1	DYN	1	219	219	1.0	archive		1			
coreutils4_pr_O1	coreutils4	pr	O1	local_main;wulver	data/raw/coreutils4_pr_O1_sym	data/stripped/coreutils4_pr_O1_stripped	1	1	data/bir/coreutils4_pr_O1.bir	1032315	1	147	schemaA:functions=addr->name		270	118	74	118	0			train	train	train		0		1	1	118	74	118	0	1	42abe0754281c7a55d111db4d6437b4667248d8b	42abe0754281c7a55d111db4d6437b4667248d8b	1	1	DYN	1	146	146	1.0	archive		1			
coreutils4_pr_O2	coreutils4	pr	O2	local_main;wulver	data/raw/coreutils4_pr_O2_sym	data/stripped/coreutils4_pr_O2_stripped	1	1	data/bir/coreutils4_pr_O2.bir	988476	1	156	schemaA:functions=addr->name		252	100	74	101	0			train	train	train		0		1	1	100	74	101	0	1	8318e503315a8910cf12e0d28a29bb796cafd626	8318e503315a8910cf12e0d28a29bb796cafd626	1	1	DYN	1	153	153	1.0	archive		1			
coreutils4_pr_O3	coreutils4	pr	O3	local_main;wulver	data/raw/coreutils4_pr_O3_sym	data/stripped/coreutils4_pr_O3_stripped	1	1	data/bir/coreutils4_pr_O3.bir	1375309	1	158	schemaA:functions=addr->name		269	117	74	117	0			train	train	train		0		1	1	117	74	117	0	1	d86791aaad3879dd1b549931afbb26cf93313de3	d86791aaad3879dd1b549931afbb26cf93313de3	1	1	DYN	1	155	155	1.0	archive		1			
coreutils4_printenv_O0	coreutils4	printenv	O0	local_main;wulver	data/raw/coreutils4_printenv_O0_sym	data/stripped/coreutils4_printenv_O0_stripped	1	1	data/bir/coreutils4_printenv_O0.bir	501452	1	115	schemaA:functions=addr->name		311	213	46	109	0			train	train	train		0		1	1	213	46	109	0	1	758fbcec82c0c8c8f3901a8ecf184a654da3b0d4	758fbcec82c0c8c8f3901a8ecf184a654da3b0d4	1	1	DYN	1	112	112	1.0	archive		1			
coreutils4_printenv_O1	coreutils4	printenv	O1	local_main;wulver	data/raw/coreutils4_printenv_O1_sym	data/stripped/coreutils4_printenv_O1_stripped	1	1	data/bir/coreutils4_printenv_O1.bir	345588	1	86	schemaA:functions=addr->name		150	54	45	54	0			train	train	train		0		1	1	54	45	54	0	1	fd0b466995fb07f030f1a2d849a530f4abbbd405	fd0b466995fb07f030f1a2d849a530f4abbbd405	1	1	DYN	1	83	83	1.0	archive		1			
coreutils4_printenv_O2	coreutils4	printenv	O2	local_main;wulver	data/raw/coreutils4_printenv_O2_sym	data/stripped/coreutils4_printenv_O2_stripped	1	1	data/bir/coreutils4_printenv_O2.bir	263828	1	98	schemaA:functions=addr->name		139	43	45	43	0			train	train	train		0		1	1	43	45	43	0	1	47f80ac8a4847c781791059615859b6476469bf1	47f80ac8a4847c781791059615859b6476469bf1	1	1	DYN	1	95	95	1.0	archive		1			
coreutils4_printenv_O3	coreutils4	printenv	O3	local_main;wulver	data/raw/coreutils4_printenv_O3_sym	data/stripped/coreutils4_printenv_O3_stripped	1	1	data/bir/coreutils4_printenv_O3.bir	511932	1	104	schemaA:functions=addr->name		163	67	45	67	0			train	train	train		0		1	1	67	45	67	0	1	02596a92ecb04af3aeede8b4b387c3a75f01e9b1	02596a92ecb04af3aeede8b4b387c3a75f01e9b1	1	1	DYN	1	101	101	1.0	archive		1			
coreutils4_printf_O0	coreutils4	printf	O0	local_main;wulver	data/raw/coreutils4_printf_O0_sym	data/stripped/coreutils4_printf_O0_stripped	1	1	data/bir/coreutils4_printf_O0.bir	1071750	1	148	schemaA:functions=addr->name		403	279	59	141	0			train	train	train		0		1	1	279	59	141	0	1	e4b8ea6b603410edfdbd286f7cea5dd369af7bbe	e4b8ea6b603410edfdbd286f7cea5dd369af7bbe	1	1	DYN	1	145	145	1.0	archive		1			
coreutils4_printf_O1	coreutils4	printf	O1	local_main;wulver	data/raw/coreutils4_printf_O1_sym	data/stripped/coreutils4_printf_O1_stripped	1	1	data/bir/coreutils4_printf_O1.bir	712293	1	108	schemaA:functions=addr->name		198	76	58	75	0			train	train	train		0		1	1	76	58	75	0	1	13a4e030f3c0840b3e82a7430c7dc89900d8c964	13a4e030f3c0840b3e82a7430c7dc89900d8c964	1	1	DYN	1	105	105	1.0	archive		1			
coreutils4_printf_O2	coreutils4	printf	O2	local_main;wulver	data/raw/coreutils4_printf_O2_sym	data/stripped/coreutils4_printf_O2_stripped	1	1	data/bir/coreutils4_printf_O2.bir	656059	1	122	schemaA:functions=addr->name		194	72	58	70	0			train	train	train		0		1	1	72	58	70	0	1	c9684bf519e0a1ebd7639491f9218dd6a1ed715e	c9684bf519e0a1ebd7639491f9218dd6a1ed715e	1	1	DYN	1	119	119	1.0	archive		1			
coreutils4_printf_O3	coreutils4	printf	O3	local_main;wulver	data/raw/coreutils4_printf_O3_sym	data/stripped/coreutils4_printf_O3_stripped	1	1	data/bir/coreutils4_printf_O3.bir	928537	1	129	schemaA:functions=addr->name		214	92	58	90	0			train	train	train		0		1	1	92	58	90	0	1	6a1c35b3cf2d6067e755e00c7345fb83ccb93792	6a1c35b3cf2d6067e755e00c7345fb83ccb93792	1	1	DYN	1	126	126	1.0	archive		1			
coreutils4_pwd_O0	coreutils4	pwd	O0	local_main;wulver	data/raw/coreutils4_pwd_O0_sym	data/stripped/coreutils4_pwd_O0_stripped	1	1	data/bir/coreutils4_pwd_O0.bir	572641	1	125	schemaA:functions=addr->name		354	232	58	119	0			train	train	train		0		1	1	232	58	119	0	1	a0f56d72f4103dd9269088a89a13300525a63e5c	a0f56d72f4103dd9269088a89a13300525a63e5c	1	1	DYN	1	122	122	1.0	archive		1			
coreutils4_pwd_O1	coreutils4	pwd	O1	local_main;wulver	data/raw/coreutils4_pwd_O1_sym	data/stripped/coreutils4_pwd_O1_stripped	1	1	data/bir/coreutils4_pwd_O1.bir	398721	1	92	schemaA:functions=addr->name		183	63	57	63	0			train	train	train		0		1	1	63	57	63	0	1	f15447eb5b71a9561393f25e3620f4f2d373b43d	f15447eb5b71a9561393f25e3620f4f2d373b43d	1	1	DYN	1	89	89	1.0	archive		1			
coreutils4_pwd_O2	coreutils4	pwd	O2	local_main;wulver	data/raw/coreutils4_pwd_O2_sym	data/stripped/coreutils4_pwd_O2_stripped	1	1	data/bir/coreutils4_pwd_O2.bir	329244	1	103	schemaA:functions=addr->name		174	54	57	55	0			train	train	train		0		1	1	54	57	55	0	1	e5141bf5692ee31eaa9844e2a6ff7b30747a0f1a	e5141bf5692ee31eaa9844e2a6ff7b30747a0f1a	1	1	DYN	1	100	100	1.0	archive		1			
coreutils4_pwd_O3	coreutils4	pwd	O3	local_main;wulver	data/raw/coreutils4_pwd_O3_sym	data/stripped/coreutils4_pwd_O3_stripped	1	1	data/bir/coreutils4_pwd_O3.bir	569874	1	109	schemaA:functions=addr->name		194	74	57	74	0			train	train	train		0		1	1	74	57	74	0	1	785e6a878233de0f6fac0119321f0370663a9039	785e6a878233de0f6fac0119321f0370663a9039	1	1	DYN	1	106	106	1.0	archive		1			
coreutils4_readlink_O0	coreutils4	readlink	O0	local_main;wulver	data/raw/coreutils4_readlink_O0_sym	data/stripped/coreutils4_readlink_O0_stripped	1	1	data/bir/coreutils4_readlink_O0.bir	999143	1	174	schemaA:functions=addr->name		453	333	60	170	0			train	train	train		0		1	1	333	60	170	0	1	45fff00d545885a2b34c7e42bfa44c2022fe3696	45fff00d545885a2b34c7e42bfa44c2022fe3696	1	1	DYN	1	174	174	1.0	archive		1			
coreutils4_readlink_O1	coreutils4	readlink	O1	local_main;wulver	data/raw/coreutils4_readlink_O1_sym	data/stripped/coreutils4_readlink_O1_stripped	1	1	data/bir/coreutils4_readlink_O1.bir	700121	1	124	schemaA:functions=addr->name		198	80	59	81	0			train	train	train		0		1	1	80	59	81	0	1	ae09c199b077708fd35b74b2f9ae19b2385a2d73	ae09c199b077708fd35b74b2f9ae19b2385a2d73	1	1	DYN	1	121	121	1.0	archive		1			
coreutils4_readlink_O2	coreutils4	readlink	O2	local_main;wulver	data/raw/coreutils4_readlink_O2_sym	data/stripped/coreutils4_readlink_O2_stripped	1	1	data/bir/coreutils4_readlink_O2.bir	636088	1	142	schemaA:functions=addr->name		193	75	59	75	0			train	train	train		0		1	1	75	59	75	0	1	99cec7ccb845bab5e4e76d108b42b3318cda878e	99cec7ccb845bab5e4e76d108b42b3318cda878e	1	1	DYN	1	139	139	1.0	archive		1			
coreutils4_readlink_O3	coreutils4	readlink	O3	local_main;wulver	data/raw/coreutils4_readlink_O3_sym	data/stripped/coreutils4_readlink_O3_stripped	1	1	data/bir/coreutils4_readlink_O3.bir	933774	1	147	schemaA:functions=addr->name		217	99	59	99	0			train	train	train		0		1	1	99	59	99	0	1	6628ac86c23bab77587667bb84ccd2fe580f3a82	6628ac86c23bab77587667bb84ccd2fe580f3a82	1	1	DYN	1	144	144	1.0	archive		1			
coreutils4_rmdir_O0	coreutils4	rmdir	O0	local_main;wulver	data/raw/coreutils4_rmdir_O0_sym	data/stripped/coreutils4_rmdir_O0_stripped	1	1	data/bir/coreutils4_rmdir_O0.bir	902332	1	134	schemaA:functions=addr->name		367	249	56	127	0			train	train	train		0		1	1	249	56	127	0	1	5836ed8da329318b9a28d362106cf00761410ee1	5836ed8da329318b9a28d362106cf00761410ee1	1	1	DYN	1	131	131	1.0	archive		1			
coreutils4_rmdir_O1	coreutils4	rmdir	O1	local_main;wulver	data/raw/coreutils4_rmdir_O1_sym	data/stripped/coreutils4_rmdir_O1_stripped	1	1	data/bir/coreutils4_rmdir_O1.bir	604872	1	96	schemaA:functions=addr->name		184	66	56	65	0			train	train	train		0		1	1	66	56	65	0	1	06f8cfc793bd95fc4549b518458c2ad0dd6f3e4c	06f8cfc793bd95fc4549b518458c2ad0dd6f3e4c	1	1	DYN	1	93	93	1.0	archive		1			
coreutils4_rmdir_O2	coreutils4	rmdir	O2	local_main;wulver	data/raw/coreutils4_rmdir_O2_sym	data/stripped/coreutils4_rmdir_O2_stripped	1	1	data/bir/coreutils4_rmdir_O2.bir	533288	1	109	schemaA:functions=addr->name		177	59	56	57	0			train	train	train		0		1	1	59	56	57	0	1	573e51a1679d67066c37434ed32dbd957dac196f	573e51a1679d67066c37434ed32dbd957dac196f	1	1	DYN	1	106	106	1.0	archive		1			
coreutils4_rmdir_O3	coreutils4	rmdir	O3	local_main;wulver	data/raw/coreutils4_rmdir_O3_sym	data/stripped/coreutils4_rmdir_O3_stripped	1	1	data/bir/coreutils4_rmdir_O3.bir	763786	1	115	schemaA:functions=addr->name		196	78	56	77	0			train	train	train		0		1	1	78	56	77	0	1	d5cafb6f823f116e6dc82c8dc659abeafd6ab632	d5cafb6f823f116e6dc82c8dc659abeafd6ab632	1	1	DYN	1	112	112	1.0	archive		1			
coreutils4_sha1sum_O0	coreutils4	sha1sum	O0	local_main;wulver	data/raw/coreutils4_sha1sum_O0_sym	data/stripped/coreutils4_sha1sum_O0_stripped	1	1	data/bir/coreutils4_sha1sum_O0.bir	782461	1	145	schemaA:functions=addr->name		405	269	65	138	0			train	train	train		0		1	1	269	65	138	0	1	b5fb7ecc1c857d2be54124c3f6cceee7c0e371f4	b5fb7ecc1c857d2be54124c3f6cceee7c0e371f4	1	1	DYN	1	142	142	1.0	archive		1			
coreutils4_sha1sum_O1	coreutils4	sha1sum	O1	local_main;wulver	data/raw/coreutils4_sha1sum_O1_sym	data/stripped/coreutils4_sha1sum_O1_stripped	1	1	data/bir/coreutils4_sha1sum_O1.bir	533228	1	103	schemaA:functions=addr->name		200	66	64	66	0			train	train	train		0		1	1	66	64	66	0	1	abc26561e5ba774313255aa5ef9c76e391f7751d	abc26561e5ba774313255aa5ef9c76e391f7751d	1	1	DYN	1	100	100	1.0	archive		1			
coreutils4_sha1sum_O2	coreutils4	sha1sum	O2	local_main;wulver	data/raw/coreutils4_sha1sum_O2_sym	data/stripped/coreutils4_sha1sum_O2_stripped	1	1	data/bir/coreutils4_sha1sum_O2.bir	455116	1	115	schemaA:functions=addr->name		190	56	64	56	0			train	train	train		0		1	1	56	64	56	0	1	1cef2e953dca4c9574dada3c0302efec6a2be40d	1cef2e953dca4c9574dada3c0302efec6a2be40d	1	1	DYN	1	112	112	1.0	archive		1			
coreutils4_sha1sum_O3	coreutils4	sha1sum	O3	local_main;wulver	data/raw/coreutils4_sha1sum_O3_sym	data/stripped/coreutils4_sha1sum_O3_stripped	1	1	data/bir/coreutils4_sha1sum_O3.bir	702025	1	120	schemaA:functions=addr->name		213	79	64	79	0			train	train	train		0		1	1	79	64	79	0	1	61dc8c1c9896c35f6e2d123d9643eda847b58c59	61dc8c1c9896c35f6e2d123d9643eda847b58c59	1	1	DYN	1	117	117	1.0	archive		1			
coreutils4_sha512sum_O0	coreutils4	sha512sum	O0	local_main;wulver	data/raw/coreutils4_sha512sum_O0_sym	data/stripped/coreutils4_sha512sum_O0_stripped	1	1	data/bir/coreutils4_sha512sum_O0.bir	797176	1	151	schemaA:functions=addr->name		423	281	68	144	0			train	train	train		0		1	1	281	68	144	0	1	d2dd8ba4515f93970f7d81702b8d1e970eab2f6c	d2dd8ba4515f93970f7d81702b8d1e970eab2f6c	1	1	DYN	1	148	148	1.0	archive		1			
coreutils4_sha512sum_O1	coreutils4	sha512sum	O1	local_main;wulver	data/raw/coreutils4_sha512sum_O1_sym	data/stripped/coreutils4_sha512sum_O1_stripped	1	1	data/bir/coreutils4_sha512sum_O1.bir	546865	1	109	schemaA:functions=addr->name		209	69	67	69	0			train	train	train		0		1	1	69	67	69	0	1	80675638f126285f38d96b26480489e20bfc11c6	80675638f126285f38d96b26480489e20bfc11c6	1	1	DYN	1	106	106	1.0	archive		1			
coreutils4_sha512sum_O2	coreutils4	sha512sum	O2	local_main;wulver	data/raw/coreutils4_sha512sum_O2_sym	data/stripped/coreutils4_sha512sum_O2_stripped	1	1	data/bir/coreutils4_sha512sum_O2.bir	466517	1	121	schemaA:functions=addr->name		198	58	67	58	0			train	train	train		0		1	1	58	67	58	0	1	af791009c58cc927b830e147d753d9878a423103	af791009c58cc927b830e147d753d9878a423103	1	1	DYN	1	118	118	1.0	archive		1			
coreutils4_sha512sum_O3	coreutils4	sha512sum	O3	local_main;wulver	data/raw/coreutils4_sha512sum_O3_sym	data/stripped/coreutils4_sha512sum_O3_stripped	1	1	data/bir/coreutils4_sha512sum_O3.bir	721741	1	125	schemaA:functions=addr->name		222	82	67	82	0			train	train	train		0		1	1	82	67	82	0	1	ecc0bd321f7fe30d45c9001eaa2f8bef71e9dcb8	ecc0bd321f7fe30d45c9001eaa2f8bef71e9dcb8	1	1	DYN	1	122	122	1.0	archive		1			
coreutils4_shuf_O0	coreutils4	shuf	O0	local_main;wulver	data/raw/coreutils4_shuf_O0_sym	data/stripped/coreutils4_shuf_O0_stripped	1	1	data/bir/coreutils4_shuf_O0.bir	1370553	1	227	schemaA:functions=addr->name		586	431	78	221	0			train	train	train		0		1	1	431	78	221	0	1	ebd3f957bfb165b6cf9a85ee8350ef44e99f249d	ebd3f957bfb165b6cf9a85ee8350ef44e99f249d	1	1	DYN	1	225	225	1.0	archive		1			
coreutils4_shuf_O1	coreutils4	shuf	O1	local_main;wulver	data/raw/coreutils4_shuf_O1_sym	data/stripped/coreutils4_shuf_O1_stripped	1	1	data/bir/coreutils4_shuf_O1.bir	926551	1	151	schemaA:functions=addr->name		256	103	77	103	0			train	train	train		0		1	1	103	77	103	0	1	38d9858e2278734bf4c945097695c0de12d57d36	38d9858e2278734bf4c945097695c0de12d57d36	1	1	DYN	1	148	148	1.0	archive		1			
coreutils4_shuf_O2	coreutils4	shuf	O2	local_main;wulver	data/raw/coreutils4_shuf_O2_sym	data/stripped/coreutils4_shuf_O2_stripped	1	1	data/bir/coreutils4_shuf_O2.bir	871101	1	166	schemaA:functions=addr->name		248	95	77	95	0			train	train	train		0		1	1	95	77	95	0	1	ae9f4a9c4b4db3fefcae8ca6736eb510a68abb23	ae9f4a9c4b4db3fefcae8ca6736eb510a68abb23	1	1	DYN	1	163	163	1.0	archive		1			
coreutils4_shuf_O3	coreutils4	shuf	O3	local_main;wulver	data/raw/coreutils4_shuf_O3_sym	data/stripped/coreutils4_shuf_O3_stripped	1	1	data/bir/coreutils4_shuf_O3.bir	1190527	1	171	schemaA:functions=addr->name		270	117	77	117	0			train	train	train		0		1	1	117	77	117	0	1	5e93de0212c34844c035193d312e1395151410e6	5e93de0212c34844c035193d312e1395151410e6	1	1	DYN	1	168	168	1.0	archive		1			
coreutils4_sleep_O0	coreutils4	sleep	O0	local_main;wulver	data/raw/coreutils4_sleep_O0_sym	data/stripped/coreutils4_sleep_O0_stripped	1	1	data/bir/coreutils4_sleep_O0.bir	703184	1	128	schemaA:functions=addr->name		354	240	58	121	0			train	train	train		0		1	1	240	58	121	0	1	b079e0c1e1d99a5634480f1bc918615c1c3015a0	b079e0c1e1d99a5634480f1bc918615c1c3015a0	1	1	DYN	1	125	125	1.0	archive		1			
coreutils4_sleep_O1	coreutils4	sleep	O1	local_main;wulver	data/raw/coreutils4_sleep_O1_sym	data/stripped/coreutils4_sleep_O1_stripped	1	1	data/bir/coreutils4_sleep_O1.bir	470147	1	94	schemaA:functions=addr->name		173	62	56	62	0			train	train	train		0		1	1	62	56	62	0	1	e01485993f73af577755759d90ce7352136f3b2c	e01485993f73af577755759d90ce7352136f3b2c	1	1	DYN	1	91	91	1.0	archive		1			
coreutils4_sleep_O2	coreutils4	sleep	O2	local_main;wulver	data/raw/coreutils4_sleep_O2_sym	data/stripped/coreutils4_sleep_O2_stripped	1	1	data/bir/coreutils4_sleep_O2.bir	396337	1	106	schemaA:functions=addr->name		164	53	56	54	0			train	train	train		0		1	1	53	56	54	0	1	4fe4261568aebadbba7b3f332be5e871d5fc4b8e	4fe4261568aebadbba7b3f332be5e871d5fc4b8e	1	1	DYN	1	103	103	1.0	archive		1			
coreutils4_sleep_O3	coreutils4	sleep	O3	local_main;wulver	data/raw/coreutils4_sleep_O3_sym	data/stripped/coreutils4_sleep_O3_stripped	1	1	data/bir/coreutils4_sleep_O3.bir	652142	1	112	schemaA:functions=addr->name		188	77	56	76	0			train	train	train		0		1	1	77	56	76	0	1	8bdcfde92903f62bd0497d3e3850cc3e6cd53c78	8bdcfde92903f62bd0497d3e3850cc3e6cd53c78	1	1	DYN	1	109	109	1.0	archive		1			
coreutils4_sum_O0	coreutils4	sum	O0	local_main;wulver	data/raw/coreutils4_sum_O0_sym	data/stripped/coreutils4_sum_O0_stripped	1	1	data/bir/coreutils4_sum_O0.bir	1002659	1	157	schemaA:functions=addr->name		437	293	69	150	0			train	train	train		0		1	1	293	69	150	0	1	b45cc38d6951ddada3805e7d22b03185c23b910e	b45cc38d6951ddada3805e7d22b03185c23b910e	1	1	DYN	1	154	154	1.0	archive		1			
coreutils4_sum_O1	coreutils4	sum	O1	local_main;wulver	data/raw/coreutils4_sum_O1_sym	data/stripped/coreutils4_sum_O1_stripped	1	1	data/bir/coreutils4_sum_O1.bir	588958	1	108	schemaA:functions=addr->name		205	75	62	75	0			train	train	train		0		1	1	75	62	75	0	1	a71af969a213e96c338059b9e9c560a259efbbbb	a71af969a213e96c338059b9e9c560a259efbbbb	1	1	DYN	1	105	105	0.9866666666666667	archive		1			
coreutils4_sum_O2	coreutils4	sum	O2	local_main;wulver	data/raw/coreutils4_sum_O2_sym	data/stripped/coreutils4_sum_O2_stripped	1	1	data/bir/coreutils4_sum_O2.bir	555085	1	118	schemaA:functions=addr->name		199	69	62	69	0			train	train	train		0		1	1	69	62	69	0	1	65acdb176714b33c6bc61897ba6cbbe68158fc23	65acdb176714b33c6bc61897ba6cbbe68158fc23	1	1	DYN	1	115	115	1.0	archive		1			
coreutils4_sum_O3	coreutils4	sum	O3	local_main;wulver	data/raw/coreutils4_sum_O3_sym	data/stripped/coreutils4_sum_O3_stripped	1	1	data/bir/coreutils4_sum_O3.bir	860603	1	124	schemaA:functions=addr->name		217	87	62	87	0			train	train	train		0		1	1	87	62	87	0	1	294338fbc58ec203b57f6847ac6a29455b1f72f9	294338fbc58ec203b57f6847ac6a29455b1f72f9	1	1	DYN	1	121	121	1.0	archive		1			
coreutils4_tac_O0	coreutils4	tac	O0	local_main;wulver	data/raw/coreutils4_tac_O0_sym	data/stripped/coreutils4_tac_O0_stripped	1	1	data/bir/coreutils4_tac_O0.bir	701639	1	140	schemaA:functions=addr->name		396	262	64	133	0			train	train	train		0		1	1	262	64	133	0	1	62cf7016df01f3bad957356570cf992b4d96aeed	62cf7016df01f3bad957356570cf992b4d96aeed	1	1	DYN	1	137	137	1.0	archive		1			
coreutils4_tac_O1	coreutils4	tac	O1	local_main;wulver	data/raw/coreutils4_tac_O1_sym	data/stripped/coreutils4_tac_O1_stripped	1	1	data/bir/coreutils4_tac_O1.bir	486796	1	100	schemaA:functions=addr->name		201	69	63	69	0			train	train	train		0		1	1	69	63	69	0	1	8aaaa02be22b5db410ec1e29158060b332742d5e	8aaaa02be22b5db410ec1e29158060b332742d5e	1	1	DYN	1	97	97	1.0	archive		1			
coreutils4_tac_O2	coreutils4	tac	O2	local_main;wulver	data/raw/coreutils4_tac_O2_sym	data/stripped/coreutils4_tac_O2_stripped	1	1	data/bir/coreutils4_tac_O2.bir	432112	1	111	schemaA:functions=addr->name		193	61	63	61	0			train	train	train		0		1	1	61	63	61	0	1	41ad20497d4b71bdf8c2d17028d7ef6faae99a9a	41ad20497d4b71bdf8c2d17028d7ef6faae99a9a	1	1	DYN	1	108	108	1.0	archive		1			
coreutils4_tac_O3	coreutils4	tac	O3	local_main;wulver	data/raw/coreutils4_tac_O3_sym	data/stripped/coreutils4_tac_O3_stripped	1	1	data/bir/coreutils4_tac_O3.bir	659565	1	117	schemaA:functions=addr->name		214	82	63	83	0			train	train	train		0		1	1	82	63	83	0	1	b3cf20e911008ac1546bb27cba0a9fc572d6bc91	b3cf20e911008ac1546bb27cba0a9fc572d6bc91	1	1	DYN	1	114	114	1.0	archive		1			
coreutils4_timeout_O0	coreutils4	timeout	O0	local_main;wulver	data/raw/coreutils4_timeout_O0_sym	data/stripped/coreutils4_timeout_O0_stripped	1	1	data/bir/coreutils4_timeout_O0.bir	807494	1	140	schemaA:functions=addr->name		420	262	80	136	0			train	train	train		0		1	1	262	80	136	0	1	04314ac3c1cc89cd9556d3a403f737eb68374e05	04314ac3c1cc89cd9556d3a403f737eb68374e05	1	1	DYN	1	137	137	1.0	archive		1			
coreutils4_timeout_O1	coreutils4	timeout	O1	local_main;wulver	data/raw/coreutils4_timeout_O1_sym	data/stripped/coreutils4_timeout_O1_stripped	1	1	data/bir/coreutils4_timeout_O1.bir	513143	1	99	schemaA:functions=addr->name		221	67	77	67	0			train	train	train		0		1	1	67	77	67	0	1	36b10ef3885aef9025c5b183d3bb41f8ed836e55	36b10ef3885aef9025c5b183d3bb41f8ed836e55	1	1	DYN	1	96	96	1.0	archive		1			
coreutils4_timeout_O2	coreutils4	timeout	O2	local_main;wulver	data/raw/coreutils4_timeout_O2_sym	data/stripped/coreutils4_timeout_O2_stripped	1	1	data/bir/coreutils4_timeout_O2.bir	440279	1	110	schemaA:functions=addr->name		209	55	77	55	0			train	train	train		0		1	1	55	77	55	0	1	9c69847e85c9da62d21b9faaababf3169e97ac1f	9c69847e85c9da62d21b9faaababf3169e97ac1f	1	1	DYN	1	107	107	1.0	archive		1			
coreutils4_timeout_O3	coreutils4	timeout	O3	local_main;wulver	data/raw/coreutils4_timeout_O3_sym	data/stripped/coreutils4_timeout_O3_stripped	1	1	data/bir/coreutils4_timeout_O3.bir	690103	1	116	schemaA:functions=addr->name		232	78	77	78	0			train	train	train		0		1	1	78	77	78	0	1	72e024fb810d2767b5baf8c5580b90304b77eb09	72e024fb810d2767b5baf8c5580b90304b77eb09	1	1	DYN	1	113	113	1.0	archive		1			
coreutils4_truncate_O0	coreutils4	truncate	O0	local_main;wulver	data/raw/coreutils4_truncate_O0_sym	data/stripped/coreutils4_truncate_O0_stripped	1	1	data/bir/coreutils4_truncate_O0.bir	617625	1	124	schemaA:functions=addr->name		340	228	53	117	0			train	train	train		0		1	1	228	53	117	0	1	2fa04696dc050399b63c9b61dcb2e53a1d85bd3a	2fa04696dc050399b63c9b61dcb2e53a1d85bd3a	1	1	DYN	1	121	121	1.0	archive		1			
coreutils4_truncate_O1	coreutils4	truncate	O1	local_main;wulver	data/raw/coreutils4_truncate_O1_sym	data/stripped/coreutils4_truncate_O1_stripped	1	1	data/bir/coreutils4_truncate_O1.bir	426777	1	90	schemaA:functions=addr->name		170	60	52	61	0			train	train	train		0		1	1	60	52	61	0	1	7dbf4a8663251f85083cb1c6d1aad784bf09670b	7dbf4a8663251f85083cb1c6d1aad784bf09670b	1	1	DYN	1	87	87	1.0	archive		1			
coreutils4_truncate_O2	coreutils4	truncate	O2	local_main;wulver	data/raw/coreutils4_truncate_O2_sym	data/stripped/coreutils4_truncate_O2_stripped	1	1	data/bir/coreutils4_truncate_O2.bir	363282	1	101	schemaA:functions=addr->name		161	51	52	52	0			train	train	train		0		1	1	51	52	52	0	1	b3df7e7a8614a5f8a7ca78a5f6db42952ae5a268	b3df7e7a8614a5f8a7ca78a5f6db42952ae5a268	1	1	DYN	1	98	98	1.0	archive		1			
coreutils4_truncate_O3	coreutils4	truncate	O3	local_main;wulver	data/raw/coreutils4_truncate_O3_sym	data/stripped/coreutils4_truncate_O3_stripped	1	1	data/bir/coreutils4_truncate_O3.bir	599501	1	107	schemaA:functions=addr->name		180	70	52	70	0			train	train	train		0		1	1	70	52	70	0	1	bcd24b32dffccc5a9e7c465e6aafb339de7de404	bcd24b32dffccc5a9e7c465e6aafb339de7de404	1	1	DYN	1	104	104	1.0	archive		1			
coreutils4_tty_O0	coreutils4	tty	O0	local_main;wulver	data/raw/coreutils4_tty_O0_sym	data/stripped/coreutils4_tty_O0_stripped	1	1	data/bir/coreutils4_tty_O0.bir	490794	1	115	schemaA:functions=addr->name		315	213	48	108	0			train	train	train		0		1	1	213	48	108	0	1	b89d50a1da39c537c2923ae417b2de8861e6ff3d	b89d50a1da39c537c2923ae417b2de8861e6ff3d	1	1	DYN	1	112	112	1.0	archive		1			
coreutils4_tty_O1	coreutils4	tty	O1	local_main;wulver	data/raw/coreutils4_tty_O1_sym	data/stripped/coreutils4_tty_O1_stripped	1	1	data/bir/coreutils4_tty_O1.bir	337301	1	86	schemaA:functions=addr->name		155	55	47	55	0			train	train	train		0		1	1	55	47	55	0	1	a6caf8b03ced33f33925cab68d627d33e1d46192	a6caf8b03ced33f33925cab68d627d33e1d46192	1	1	DYN	1	83	83	1.0	archive		1			
coreutils4_tty_O2	coreutils4	tty	O2	local_main;wulver	data/raw/coreutils4_tty_O2_sym	data/stripped/coreutils4_tty_O2_stripped	1	1	data/bir/coreutils4_tty_O2.bir	253729	1	98	schemaA:functions=addr->name		144	44	47	44	0			train	train	train		0		1	1	44	47	44	0	1	1aed2712007db93c07b0d27fcf9054bf23909ece	1aed2712007db93c07b0d27fcf9054bf23909ece	1	1	DYN	1	95	95	1.0	archive		1			
coreutils4_tty_O3	coreutils4	tty	O3	local_main;wulver	data/raw/coreutils4_tty_O3_sym	data/stripped/coreutils4_tty_O3_stripped	1	1	data/bir/coreutils4_tty_O3.bir	501468	1	104	schemaA:functions=addr->name		167	67	47	67	0			train	train	train		0		1	1	67	47	67	0	1	d49c0b75da291212b244af136c0c97e149d78d41	d49c0b75da291212b244af136c0c97e149d78d41	1	1	DYN	1	101	101	1.0	archive		1			
coreutils4_uname_O0	coreutils4	uname	O0	local_main;wulver	data/raw/coreutils4_uname_O0_sym	data/stripped/coreutils4_uname_O0_stripped	1	1	data/bir/coreutils4_uname_O0.bir	517010	1	117	schemaA:functions=addr->name		318	218	47	110	0			train	train	train		0		1	1	218	47	110	0	1	2fcbac7c641d76cd4734a240704634d19fa268f6	2fcbac7c641d76cd4734a240704634d19fa268f6	1	1	DYN	1	114	114	1.0	archive		1			
coreutils4_uname_O1	coreutils4	uname	O1	local_main;wulver	data/raw/coreutils4_uname_O1_sym	data/stripped/coreutils4_uname_O1_stripped	1	1	data/bir/coreutils4_uname_O1.bir	354771	1	87	schemaA:functions=addr->name		154	56	46	56	0			train	train	train		0		1	1	56	46	56	0	1	46a32d6fca27453c10f7d8ef8e4b64e61bd0e9f5	46a32d6fca27453c10f7d8ef8e4b64e61bd0e9f5	1	1	DYN	1	84	84	1.0	archive		1			
coreutils4_uname_O2	coreutils4	uname	O2	local_main;wulver	data/raw/coreutils4_uname_O2_sym	data/stripped/coreutils4_uname_O2_stripped	1	1	data/bir/coreutils4_uname_O2.bir	271264	1	99	schemaA:functions=addr->name		143	45	46	45	0			train	train	train		0		1	1	45	46	45	0	1	d2e171685556fa833ee186da176572af7e86873e	d2e171685556fa833ee186da176572af7e86873e	1	1	DYN	1	96	96	1.0	archive		1			
coreutils4_uname_O3	coreutils4	uname	O3	local_main;wulver	data/raw/coreutils4_uname_O3_sym	data/stripped/coreutils4_uname_O3_stripped	1	1	data/bir/coreutils4_uname_O3.bir	519683	1	105	schemaA:functions=addr->name		166	68	46	69	0			train	train	train		0		1	1	68	46	69	0	1	985b0bb9c6e712d44a9f3f49a5c9f8d3e8281876	985b0bb9c6e712d44a9f3f49a5c9f8d3e8281876	1	1	DYN	1	102	102	1.0	archive		1			
coreutils4_unexpand_O0	coreutils4	unexpand	O0	local_main;wulver	data/raw/coreutils4_unexpand_O0_sym	data/stripped/coreutils4_unexpand_O0_stripped	1	1	data/bir/coreutils4_unexpand_O0.bir	646090	1	135	schemaA:functions=addr->name		370	250	57	128	0			train	train	train		0		1	1	250	57	128	0	1	eb346a6b5c701d0ed5e5ea9c4344414050f71df8	eb346a6b5c701d0ed5e5ea9c4344414050f71df8	1	1	DYN	1	132	132	1.0	archive		1			
coreutils4_unexpand_O1	coreutils4	unexpand	O1	local_main;wulver	data/raw/coreutils4_unexpand_O1_sym	data/stripped/coreutils4_unexpand_O1_stripped	1	1	data/bir/coreutils4_unexpand_O1.bir	440298	1	101	schemaA:functions=addr->name		189	69	57	69	0			train	train	train		0		1	1	69	57	69	0	1	b3c04023fe95789943aff5fccbe2b67f7449588b	b3c04023fe95789943aff5fccbe2b67f7449588b	1	1	DYN	1	98	98	1.0	archive		1			
coreutils4_unexpand_O2	coreutils4	unexpand	O2	local_main;wulver	data/raw/coreutils4_unexpand_O2_sym	data/stripped/coreutils4_unexpand_O2_stripped	1	1	data/bir/coreutils4_unexpand_O2.bir	368640	1	111	schemaA:functions=addr->name		178	58	57	58	0			train	train	train		0		1	1	58	57	58	0	1	9cf09989a35570ea0a558e1b05fdca149ca0b0c8	9cf09989a35570ea0a558e1b05fdca149ca0b0c8	1	1	DYN	1	108	108	1.0	archive		1			
coreutils4_unexpand_O3	coreutils4	unexpand	O3	local_main;wulver	data/raw/coreutils4_unexpand_O3_sym	data/stripped/coreutils4_unexpand_O3_stripped	1	1	data/bir/coreutils4_unexpand_O3.bir	617146	1	117	schemaA:functions=addr->name		201	81	57	81	0			train	train	train		0		1	1	81	57	81	0	1	c00ba0f778ed59fcead20992b1bc42985ddff649	c00ba0f778ed59fcead20992b1bc42985ddff649	1	1	DYN	1	114	114	1.0	archive		1			
coreutils4_unlink_O0	coreutils4	unlink	O0	local_main;wulver	data/raw/coreutils4_unlink_O0_sym	data/stripped/coreutils4_unlink_O0_stripped	1	1	data/bir/coreutils4_unlink_O0.bir	507780	1	116	schemaA:functions=addr->name		314	216	46	109	0			train	train	train		0		1	1	216	46	109	0	1	e08d9f7db7c4144011d3c6b3a8e82187426edf14	e08d9f7db7c4144011d3c6b3a8e82187426edf14	1	1	DYN	1	113	113	1.0	archive		1			
coreutils4_unlink_O1	coreutils4	unlink	O1	local_main;wulver	data/raw/coreutils4_unlink_O1_sym	data/stripped/coreutils4_unlink_O1_stripped	1	1	data/bir/coreutils4_unlink_O1.bir	351790	1	88	schemaA:functions=addr->name		153	57	45	57	0			train	train	train		0		1	1	57	45	57	0	1	d799d43d5ac0d57bb8a2bb1e6a290aba2eb47b5e	d799d43d5ac0d57bb8a2bb1e6a290aba2eb47b5e	1	1	DYN	1	85	85	1.0	archive		1			
coreutils4_unlink_O2	coreutils4	unlink	O2	local_main;wulver	data/raw/coreutils4_unlink_O2_sym	data/stripped/coreutils4_unlink_O2_stripped	1	1	data/bir/coreutils4_unlink_O2.bir	297498	1	100	schemaA:functions=addr->name		146	50	45	50	0			train	train	train		0		1	1	50	45	50	0	1	4c7e9c8fc630e34f9527d1d021b04ac750881501	4c7e9c8fc630e34f9527d1d021b04ac750881501	1	1	DYN	1	97	97	1.0	archive		1			
coreutils4_unlink_O3	coreutils4	unlink	O3	local_main;wulver	data/raw/coreutils4_unlink_O3_sym	data/stripped/coreutils4_unlink_O3_stripped	1	1	data/bir/coreutils4_unlink_O3.bir	531913	1	106	schemaA:functions=addr->name		167	71	45	70	0			train	train	train		0		1	1	71	45	70	0	1	8ebb6bf33cac08f0a0f64c63cd6e199bc8f0f4fa	8ebb6bf33cac08f0a0f64c63cd6e199bc8f0f4fa	1	1	DYN	1	103	103	1.0	archive		1			
coreutils4_uptime_O0	coreutils4	uptime	O0	local_main;wulver	data/raw/coreutils4_uptime_O0_sym	data/stripped/coreutils4_uptime_O0_stripped	1	1	data/bir/coreutils4_uptime_O0.bir	972175	1	169	schemaA:functions=addr->name		476	320	76	162	0			train	train	train		0		1	1	320	76	162	0	1	e8c1f731f21f412e0d0dd59f334b13b04897bd07	e8c1f731f21f412e0d0dd59f334b13b04897bd07	1	1	DYN	1	166	166	1.0	archive		1			
coreutils4_uptime_O1	coreutils4	uptime	O1	local_main;wulver	data/raw/coreutils4_uptime_O1_sym	data/stripped/coreutils4_uptime_O1_stripped	1	1	data/bir/coreutils4_uptime_O1.bir	640265	1	111	schemaA:functions=addr->name		235	79	76	79	0			train	train	train		0		1	1	79	76	79	0	1	8e816d5465c16c0d6dd2f595abaf0ad391da1688	8e816d5465c16c0d6dd2f595abaf0ad391da1688	1	1	DYN	1	108	108	1.0	archive		1			
coreutils4_uptime_O2	coreutils4	uptime	O2	local_main;wulver	data/raw/coreutils4_uptime_O2_sym	data/stripped/coreutils4_uptime_O2_stripped	1	1	data/bir/coreutils4_uptime_O2.bir	583158	1	121	schemaA:functions=addr->name		223	67	76	68	0			train	train	train		0		1	1	67	76	68	0	1	80a304ab1711cc627e2da2516efbdbcfaf6e7ce3	80a304ab1711cc627e2da2516efbdbcfaf6e7ce3	1	1	DYN	1	118	118	1.0	archive		1			
coreutils4_uptime_O3	coreutils4	uptime	O3	local_main;wulver	data/raw/coreutils4_uptime_O3_sym	data/stripped/coreutils4_uptime_O3_stripped	1	1	data/bir/coreutils4_uptime_O3.bir	905790	1	126	schemaA:functions=addr->name		250	94	76	88	0			train	train	train		0		1	1	94	76	88	0	1	921b0bb7068b43fe7234aa4b140de291dfcd1e11	921b0bb7068b43fe7234aa4b140de291dfcd1e11	1	1	DYN	1	123	123	1.0	archive		1			
coreutils4_users_O0	coreutils4	users	O0	local_main;wulver	data/raw/coreutils4_users_O0_sym	data/stripped/coreutils4_users_O0_stripped	1	1	data/bir/coreutils4_users_O0.bir	689650	1	140	schemaA:functions=addr->name		396	264	63	133	0			train	train	train		0		1	1	264	63	133	0	1	e022a4c207ce945370ca820ac613e2b29a019ff4	e022a4c207ce945370ca820ac613e2b29a019ff4	1	1	DYN	1	137	137	1.0	archive		1			
coreutils4_users_O1	coreutils4	users	O1	local_main;wulver	data/raw/coreutils4_users_O1_sym	data/stripped/coreutils4_users_O1_stripped	1	1	data/bir/coreutils4_users_O1.bir	456167	1	94	schemaA:functions=addr->name		194	62	63	62	0			train	train	train		0		1	1	62	63	62	0	1	4dc7ea5303e68928e9236acdd9eb3a3f432d1526	4dc7ea5303e68928e9236acdd9eb3a3f432d1526	1	1	DYN	1	91	91	1.0	archive		1			
coreutils4_users_O2	coreutils4	users	O2	local_main;wulver	data/raw/coreutils4_users_O2_sym	data/stripped/coreutils4_users_O2_stripped	1	1	data/bir/coreutils4_users_O2.bir	386910	1	106	schemaA:functions=addr->name		186	54	63	54	0			train	train	train		0		1	1	54	63	54	0	1	a2bf4cd16175ab9d7fa2b8166975aa73398e8591	a2bf4cd16175ab9d7fa2b8166975aa73398e8591	1	1	DYN	1	103	103	1.0	archive		1			
coreutils4_users_O3	coreutils4	users	O3	local_main;wulver	data/raw/coreutils4_users_O3_sym	data/stripped/coreutils4_users_O3_stripped	1	1	data/bir/coreutils4_users_O3.bir	661115	1	113	schemaA:functions=addr->name		214	82	63	78	0			train	train	train		0		1	1	82	63	78	0	1	4d0846ca3adc547f631917c39cda8e6aff32368f	4d0846ca3adc547f631917c39cda8e6aff32368f	1	1	DYN	1	110	110	1.0	archive		1			
coreutils4_who_O0	coreutils4	who	O0	local_main;wulver	data/raw/coreutils4_who_O0_sym	data/stripped/coreutils4_who_O0_stripped	1	1	data/bir/coreutils4_who_O0.bir	1172494	1	166	schemaA:functions=addr->name		475	315	77	159	0			train	train	train		0		1	1	315	77	159	0	1	86d302e219d1d0bf96de83130e1ca7584375e09c	86d302e219d1d0bf96de83130e1ca7584375e09c	1	1	DYN	1	163	163	1.0	archive		1			
coreutils4_who_O1	coreutils4	who	O1	local_main;wulver	data/raw/coreutils4_who_O1_sym	data/stripped/coreutils4_who_O1_stripped	1	1	data/bir/coreutils4_who_O1.bir	769942	1	104	schemaA:functions=addr->name		233	73	77	72	0			train	train	train		0		1	1	73	77	72	0	1	d231eabd40f57a8cb56a22d47f979a6c10d8b1bb	d231eabd40f57a8cb56a22d47f979a6c10d8b1bb	1	1	DYN	1	101	101	1.0	archive		1			
coreutils4_who_O2	coreutils4	who	O2	local_main;wulver	data/raw/coreutils4_who_O2_sym	data/stripped/coreutils4_who_O2_stripped	1	1	data/bir/coreutils4_who_O2.bir	695077	1	117	schemaA:functions=addr->name		226	66	77	64	0			train	train	train		0		1	1	66	77	64	0	1	e9f392d966cd3491c2f54299c006de1bca5d64e9	e9f392d966cd3491c2f54299c006de1bca5d64e9	1	1	DYN	1	114	114	1.0	archive		1			
coreutils4_who_O3	coreutils4	who	O3	local_main;wulver	data/raw/coreutils4_who_O3_sym	data/stripped/coreutils4_who_O3_stripped	1	1	data/bir/coreutils4_who_O3.bir	963743	1	123	schemaA:functions=addr->name		251	91	77	85	0			train	train	train		0		1	1	91	77	85	0	1	45727834938fd45116d95a739ec5dbb574003749	45727834938fd45116d95a739ec5dbb574003749	1	1	DYN	1	120	120	1.0	archive		1			
coreutils4_whoami_O0	coreutils4	whoami	O0	local_main;wulver	data/raw/coreutils4_whoami_O0_sym	data/stripped/coreutils4_whoami_O0_stripped	1	1	data/bir/coreutils4_whoami_O0.bir	506422	1	116	schemaA:functions=addr->name		318	216	48	111	0			train	train	train		0		1	1	216	48	111	0	1	b1208d19fc8fbadeb06b1eb3cafa512187126e2a	b1208d19fc8fbadeb06b1eb3cafa512187126e2a	1	1	DYN	1	113	113	1.0	archive		1			
coreutils4_whoami_O1	coreutils4	whoami	O1	local_main;wulver	data/raw/coreutils4_whoami_O1_sym	data/stripped/coreutils4_whoami_O1_stripped	1	1	data/bir/coreutils4_whoami_O1.bir	352153	1	88	schemaA:functions=addr->name		156	56	47	56	0			train	train	train		0		1	1	56	47	56	0	1	3154bbb787b0bd46fdd118dd99c1e7abbe7ce38b	3154bbb787b0bd46fdd118dd99c1e7abbe7ce38b	1	1	DYN	1	85	85	1.0	archive		1			
coreutils4_whoami_O2	coreutils4	whoami	O2	local_main;wulver	data/raw/coreutils4_whoami_O2_sym	data/stripped/coreutils4_whoami_O2_stripped	1	1	data/bir/coreutils4_whoami_O2.bir	275977	1	100	schemaA:functions=addr->name		147	47	47	47	0			train	train	train		0		1	1	47	47	47	0	1	c86af4db6886ac45ea4d0bf4a82215c2791470b5	c86af4db6886ac45ea4d0bf4a82215c2791470b5	1	1	DYN	1	97	97	1.0	archive		1			
coreutils4_whoami_O3	coreutils4	whoami	O3	local_main;wulver	data/raw/coreutils4_whoami_O3_sym	data/stripped/coreutils4_whoami_O3_stripped	1	1	data/bir/coreutils4_whoami_O3.bir	530478	1	106	schemaA:functions=addr->name		171	71	47	70	0			train	train	train		0		1	1	71	47	70	0	1	ebd7c5be268ce3f49cac90a5693f54371cf46701	ebd7c5be268ce3f49cac90a5693f54371cf46701	1	1	DYN	1	103	103	1.0	archive		1			
coreutils_[_clang_O0	coreutils	[_clang	O0	clang_train	clang_train/bins/coreutils_[_clang_O0.debug	clang_train/bins/coreutils_[_clang_O0	1	1	clang_train/bir/coreutils_[_clang_O0.bir	1160088	1	155	schemaA:functions=name->addr		263	155	53			155															7827cb85fc4560180071ab044ca5c79aac7a9a2e	7827cb85fc4560180071ab044ca5c79aac7a9a2e	1	1	DYN	1	158	158	1.0	computed		1			
coreutils_[_clang_O1	coreutils	[_clang	O1	clang_train	clang_train/bins/coreutils_[_clang_O1.debug	clang_train/bins/coreutils_[_clang_O1	1	1	clang_train/bir/coreutils_[_clang_O1.bir	503009	1	99	schemaA:functions=name->addr		148	46	48			45															11d46988d64208126c03383cbfd7e0485fbcc66f	11d46988d64208126c03383cbfd7e0485fbcc66f	1	1	DYN	1	102	102	0.9565217391304348	computed		1			
coreutils_[_clang_O2	coreutils	[_clang	O2	clang_train	clang_train/bins/coreutils_[_clang_O2.debug	clang_train/bins/coreutils_[_clang_O2	1	1	clang_train/bir/coreutils_[_clang_O2.bir	482603	1	99	schemaA:functions=name->addr		147	45	48			44															7fa7cf3fcba77886561393893e4423b4c477f206	7fa7cf3fcba77886561393893e4423b4c477f206	1	1	DYN	1	102	102	0.9555555555555556	computed		1			
coreutils_[_clang_O3	coreutils	[_clang	O3	clang_train	clang_train/bins/coreutils_[_clang_O3.debug	clang_train/bins/coreutils_[_clang_O3	1	1	clang_train/bir/coreutils_[_clang_O3.bir	512578	1	99	schemaA:functions=name->addr		147	45	48			44															5d2509778465d5e11ecfb18f60f9155f0c5742e6	5d2509778465d5e11ecfb18f60f9155f0c5742e6	1	1	DYN	1	102	102	0.9555555555555556	computed		1			
coreutils_b2sum_clang_O0	coreutils	b2sum_clang	O0	clang_train	clang_train/bins/coreutils_b2sum_clang_O0.debug	clang_train/bins/coreutils_b2sum_clang_O0	1	1	clang_train/bir/coreutils_b2sum_clang_O0.bir	1478177	1	155	schemaA:functions=name->addr		278	155	59			155															4f57db91c4705ed678543fb937be0b9aaa7a580e	4f57db91c4705ed678543fb937be0b9aaa7a580e	1	1	DYN	1	158	158	1.0	computed		1			
coreutils_b2sum_clang_O1	coreutils	b2sum_clang	O1	clang_train	clang_train/bins/coreutils_b2sum_clang_O1.debug	clang_train/bins/coreutils_b2sum_clang_O1	1	1	clang_train/bir/coreutils_b2sum_clang_O1.bir	980790	1	101	schemaA:functions=name->addr		165	45	57			44															ca81563c4ccb0837f5ab7f1971aaed01cf3122d3	ca81563c4ccb0837f5ab7f1971aaed01cf3122d3	1	1	DYN	1	104	104	1.0	computed		1			
coreutils_b2sum_clang_O2	coreutils	b2sum_clang	O2	clang_train	clang_train/bins/coreutils_b2sum_clang_O2.debug	clang_train/bins/coreutils_b2sum_clang_O2	1	1	clang_train/bir/coreutils_b2sum_clang_O2.bir	916038	1	101	schemaA:functions=name->addr		162	42	57			41															577511887e0007f093e58c7436e201e8a2704688	577511887e0007f093e58c7436e201e8a2704688	1	1	DYN	1	104	104	1.0	computed		1			
coreutils_b2sum_clang_O3	coreutils	b2sum_clang	O3	clang_train	clang_train/bins/coreutils_b2sum_clang_O3.debug	clang_train/bins/coreutils_b2sum_clang_O3	1	1	clang_train/bir/coreutils_b2sum_clang_O3.bir	948968	1	101	schemaA:functions=name->addr		162	42	57			41															81fd8ca5a6edcdf1402c76b418cdcebed37dd2ec	81fd8ca5a6edcdf1402c76b418cdcebed37dd2ec	1	1	DYN	1	104	104	1.0	computed		1			
coreutils_base32_clang_O0	coreutils	base32_clang	O0	clang_train	clang_train/bins/coreutils_base32_clang_O0.debug	clang_train/bins/coreutils_base32_clang_O0	1	1	clang_train/bir/coreutils_base32_clang_O0.bir	772063	1	137	schemaA:functions=name->addr		258	137	58			137															e4c3d6e02f7a2367f772e1bec35dafd29b90aa94	e4c3d6e02f7a2367f772e1bec35dafd29b90aa94	1	1	DYN	1	140	140	1.0	computed		1			
coreutils_base32_clang_O1	coreutils	base32_clang	O1	clang_train	clang_train/bins/coreutils_base32_clang_O1.debug	clang_train/bins/coreutils_base32_clang_O1	1	1	clang_train/bir/coreutils_base32_clang_O1.bir	385183	1	97	schemaA:functions=name->addr		156	40	55			39															2d6b53cdbde2d54445728daacda423f527904cfa	2d6b53cdbde2d54445728daacda423f527904cfa	1	1	DYN	1	100	100	1.0	computed		1			
coreutils_base32_clang_O2	coreutils	base32_clang	O2	clang_train	clang_train/bins/coreutils_base32_clang_O2.debug	clang_train/bins/coreutils_base32_clang_O2	1	1	clang_train/bir/coreutils_base32_clang_O2.bir	380510	1	97	schemaA:functions=name->addr		155	39	55			38															a5785c706513097f0c4ffc2e14aaeda6aeee5f36	a5785c706513097f0c4ffc2e14aaeda6aeee5f36	1	1	DYN	1	100	100	1.0	computed		1			
coreutils_base32_clang_O3	coreutils	base32_clang	O3	clang_train	clang_train/bins/coreutils_base32_clang_O3.debug	clang_train/bins/coreutils_base32_clang_O3	1	1	clang_train/bir/coreutils_base32_clang_O3.bir	399794	1	97	schemaA:functions=name->addr		155	39	55			38															f4bc3d95242258c506404e23a6795316807f3b96	f4bc3d95242258c506404e23a6795316807f3b96	1	1	DYN	1	100	100	1.0	computed		1			
coreutils_base64	coreutils	base64	default	local_main;wulver	data/raw/coreutils_base64_sym	data/stripped/coreutils_base64_stripped	1	1	data/bir/coreutils_base64.bir	388842	1	100	schemaA:functions=name->addr		168	54	54	52	0		train	train	train	train	train	0		1	1	54	54	52	0	1	742b8d1b5bb553dbbbb6407507c0b3347c63c313	742b8d1b5bb553dbbbb6407507c0b3347c63c313	1	1	DYN	1	104	104	1.0	archive		1			
coreutils_base64_clang_O0	coreutils	base64_clang	O0	clang_train	clang_train/bins/coreutils_base64_clang_O0.debug	clang_train/bins/coreutils_base64_clang_O0	1	1	clang_train/bir/coreutils_base64_clang_O0.bir	748508	1	138	schemaA:functions=name->addr		259	138	58			138															55a9df963a99e2cdab993c6f40667fc9ef057705	55a9df963a99e2cdab993c6f40667fc9ef057705	1	1	DYN	1	141	141	1.0	computed		1			
coreutils_base64_clang_O1	coreutils	base64_clang	O1	clang_train	clang_train/bins/coreutils_base64_clang_O1.debug	clang_train/bins/coreutils_base64_clang_O1	1	1	clang_train/bir/coreutils_base64_clang_O1.bir	360985	1	97	schemaA:functions=name->addr		156	40	55			39															fa7935a2c56e029ea51483e36842f617efcce01d	fa7935a2c56e029ea51483e36842f617efcce01d	1	1	DYN	1	100	100	1.0	computed		1			
coreutils_base64_clang_O2	coreutils	base64_clang	O2	clang_train	clang_train/bins/coreutils_base64_clang_O2.debug	clang_train/bins/coreutils_base64_clang_O2	1	1	clang_train/bir/coreutils_base64_clang_O2.bir	360842	1	97	schemaA:functions=name->addr		155	39	55			38															d2c285471c9917bd8c7c0fe9a57f87af81a17dc5	d2c285471c9917bd8c7c0fe9a57f87af81a17dc5	1	1	DYN	1	100	100	1.0	computed		1			
coreutils_base64_clang_O3	coreutils	base64_clang	O3	clang_train	clang_train/bins/coreutils_base64_clang_O3.debug	clang_train/bins/coreutils_base64_clang_O3	1	1	clang_train/bir/coreutils_base64_clang_O3.bir	399355	1	96	schemaA:functions=name->addr		154	38	55			37															5a9775a768199ec7de513b10ad456095f69e66b7	5a9775a768199ec7de513b10ad456095f69e66b7	1	1	DYN	1	99	99	1.0	computed		1			
coreutils_basename_clang_O0	coreutils	basename_clang	O0	clang_train	clang_train/bins/coreutils_basename_clang_O0.debug	clang_train/bins/coreutils_basename_clang_O0	1	1	clang_train/bir/coreutils_basename_clang_O0.bir	505987	1	114	schemaA:functions=name->addr		203	114	42			114															5c99e21e814b91dbb576f729e4adea2b4e379aff	5c99e21e814b91dbb576f729e4adea2b4e379aff	1	1	DYN	1	117	117	1.0	computed		1			
coreutils_basename_clang_O1	coreutils	basename_clang	O1	clang_train	clang_train/bins/coreutils_basename_clang_O1.debug	clang_train/bins/coreutils_basename_clang_O1	1	1	clang_train/bir/coreutils_basename_clang_O1.bir	213622	1	86	schemaA:functions=name->addr		119	33	40			32															f0d650c08f7c7c7d14fe4544b4edcc6e9d8f1386	f0d650c08f7c7c7d14fe4544b4edcc6e9d8f1386	1	1	DYN	1	89	89	1.0	computed		1			
coreutils_basename_clang_O2	coreutils	basename_clang	O2	clang_train	clang_train/bins/coreutils_basename_clang_O2.debug	clang_train/bins/coreutils_basename_clang_O2	1	1	clang_train/bir/coreutils_basename_clang_O2.bir	219693	1	86	schemaA:functions=name->addr		118	32	40			31															7512f1dca85f02b805411ea3b6ea9b31c02bd896	7512f1dca85f02b805411ea3b6ea9b31c02bd896	1	1	DYN	1	89	89	1.0	computed		1			
coreutils_basename_clang_O3	coreutils	basename_clang	O3	clang_train	clang_train/bins/coreutils_basename_clang_O3.debug	clang_train/bins/coreutils_basename_clang_O3	1	1	clang_train/bir/coreutils_basename_clang_O3.bir	231941	1	86	schemaA:functions=name->addr		118	32	40			31															03586e460a02cafd86571a89066c16406c873ef0	03586e460a02cafd86571a89066c16406c873ef0	1	1	DYN	1	89	89	1.0	computed		1			
coreutils_basenc_clang_O0	coreutils	basenc_clang	O0	clang_train	clang_train/bins/coreutils_basenc_clang_O0.debug	clang_train/bins/coreutils_basenc_clang_O0	1	1	clang_train/bir/coreutils_basenc_clang_O0.bir	1082469	1	182	schemaA:functions=name->addr		304	183	58			182															7d6ad324aa14574c4ab04afe2685034f5d72ab87	7d6ad324aa14574c4ab04afe2685034f5d72ab87	1	1	DYN	1	186	186	1.0	computed		1			
coreutils_basenc_clang_O1	coreutils	basenc_clang	O1	clang_train	clang_train/bins/coreutils_basenc_clang_O1.debug	clang_train/bins/coreutils_basenc_clang_O1	1	1	clang_train/bir/coreutils_basenc_clang_O1.bir	477628	1	154	schemaA:functions=name->addr		169	53	55			52															6f0bfc566f7b0047388a1cee037917a59afbce51	6f0bfc566f7b0047388a1cee037917a59afbce51	1	1	DYN	1	157	157	0.9811320754716981	computed		1			
coreutils_basenc_clang_O2	coreutils	basenc_clang	O2	clang_train	clang_train/bins/coreutils_basenc_clang_O2.debug	clang_train/bins/coreutils_basenc_clang_O2	1	1	clang_train/bir/coreutils_basenc_clang_O2.bir	474801	1	154	schemaA:functions=name->addr		169	53	55			52															728e92fc9fbcddce2980157634be3d13e56087d9	728e92fc9fbcddce2980157634be3d13e56087d9	1	1	DYN	1	157	157	0.9811320754716981	computed		1			
coreutils_basenc_clang_O3	coreutils	basenc_clang	O3	clang_train	clang_train/bins/coreutils_basenc_clang_O3.debug	clang_train/bins/coreutils_basenc_clang_O3	1	1	clang_train/bir/coreutils_basenc_clang_O3.bir	512665	1	153	schemaA:functions=name->addr		168	52	55			51															baf30b4151707377cda8fbc69f99f1672ef96c11	baf30b4151707377cda8fbc69f99f1672ef96c11	1	1	DYN	1	156	156	0.9807692307692307	computed		1			
coreutils_cat	coreutils	cat	default	local_main;wulver	data/raw/coreutils_cat_sym	data/stripped/coreutils_cat_stripped	1	1	data/bir/coreutils_cat.bir	374616	1	97	schemaA:functions=name->addr		170	52	56	50	0		train	train	train	train	train	0		1	1	52	56	50	0	1	20cc9c2814f8485228f0eefb580a0cabb4fa8d15	20cc9c2814f8485228f0eefb580a0cabb4fa8d15	1	1	DYN	1	101	101	1.0	archive		1			
coreutils_cat_O0	coreutils	cat	O0	local_main;wulver	data/raw/coreutils_cat_O0_sym	data/stripped/coreutils_cat_O0_stripped	1	1	data/bir/coreutils_cat_O0.bir	630746	1	124	schemaA:functions=name->addr		362	242	57	241	0		test	test	test	test	test	0		1	1	242	57	241	0	1	433d43467d2ce229d195afd600a9f7db84c2ec43	433d43467d2ce229d195afd600a9f7db84c2ec43	1	1	DYN	1	128	128	1.0	archive		1			
coreutils_cat_O1	coreutils	cat	O1	local_main;wulver	data/raw/coreutils_cat_O1_sym	data/stripped/coreutils_cat_O1_stripped	1	1	data/bir/coreutils_cat_O1.bir	428856	1	84	schemaA:functions=name->addr		177	59	60	58	0		train	train	train	train	train	0		1	1	59	60	58	0	1	e401967bbe63a20cf11b8bc399cbc18aff06635a	e401967bbe63a20cf11b8bc399cbc18aff06635a	1	1	DYN	1	88	88	1.0	archive		1			
coreutils_cat_O2	coreutils	cat	O2	local_main;wulver	data/raw/coreutils_cat_O2_sym	data/stripped/coreutils_cat_O2_stripped	1	1	data/bir/coreutils_cat_O2.bir	374616	1	97	schemaA:functions=name->addr		170	52	56	50	0		train	train	train	train	train	0		1	1	52	56	50	0	1	20cc9c2814f8485228f0eefb580a0cabb4fa8d15	20cc9c2814f8485228f0eefb580a0cabb4fa8d15	1	1	DYN	1	101	101	1.0	archive		1			
coreutils_cat_O3	coreutils	cat	O3	local_main;wulver	data/raw/coreutils_cat_O3_sym	data/stripped/coreutils_cat_O3_stripped	1	1	data/bir/coreutils_cat_O3.bir	605329	1	102	schemaA:functions=name->addr		190	72	60	70	0		train	train	train	train	train	0		1	1	72	60	70	0	1	62299a6c6300393a25175eb8d43bc0ccfa4b9f59	62299a6c6300393a25175eb8d43bc0ccfa4b9f59	1	1	DYN	1	106	106	1.0	archive		1			
coreutils_cat_clang_O0	coreutils	cat_clang	O0	clang_train	clang_train/bins/coreutils_cat_clang_O0.debug	clang_train/bins/coreutils_cat_clang_O0	1	1	clang_train/bir/coreutils_cat_clang_O0.bir	663651	1	133	schemaA:functions=name->addr		252	133	57			133															dcd28d777833a087981fa129383e388b3fd73845	dcd28d777833a087981fa129383e388b3fd73845	1	1	DYN	1	136	136	1.0	computed		1			
coreutils_cat_clang_O1	coreutils	cat_clang	O1	clang_train	clang_train/bins/coreutils_cat_clang_O1.debug	clang_train/bins/coreutils_cat_clang_O1	1	1	clang_train/bir/coreutils_cat_clang_O1.bir	358300	1	89	schemaA:functions=name->addr		151	35	55			34															1ca0928e490e597e3057244c0a6d0a14ea11a1eb	1ca0928e490e597e3057244c0a6d0a14ea11a1eb	1	1	DYN	1	92	92	1.0	computed		1			
coreutils_cat_clang_O2	coreutils	cat_clang	O2	clang_train	clang_train/bins/coreutils_cat_clang_O2.debug	clang_train/bins/coreutils_cat_clang_O2	1	1	clang_train/bir/coreutils_cat_clang_O2.bir	361506	1	89	schemaA:functions=name->addr		150	34	55			33															e9168fc5a38c8113667d23ad4f0c5f819aadafc3	e9168fc5a38c8113667d23ad4f0c5f819aadafc3	1	1	DYN	1	92	92	1.0	computed		1			
coreutils_cat_clang_O3	coreutils	cat_clang	O3	clang_train	clang_train/bins/coreutils_cat_clang_O3.debug	clang_train/bins/coreutils_cat_clang_O3	1	1	clang_train/bir/coreutils_cat_clang_O3.bir	377403	1	89	schemaA:functions=name->addr		150	34	55			33															d17b75a3fa46af1d52101c56a9216c5788b84277	d17b75a3fa46af1d52101c56a9216c5788b84277	1	1	DYN	1	92	92	1.0	computed		1			
coreutils_chcon_clang_O0	coreutils	chcon_clang	O0	clang_train	clang_train/bins/coreutils_chcon_clang_O0.debug	clang_train/bins/coreutils_chcon_clang_O0	1	1	clang_train/bir/coreutils_chcon_clang_O0.bir	1602015	1	261	schemaA:functions=name->addr		403	261	73			261															d0714446f54dc62a85eb22681539b4f08a806852	d0714446f54dc62a85eb22681539b4f08a806852	1	1	DYN	1	264	264	1.0	computed		1			
coreutils_chcon_clang_O1	coreutils	chcon_clang	O1	clang_train	clang_train/bins/coreutils_chcon_clang_O1.debug	clang_train/bins/coreutils_chcon_clang_O1	1	1	clang_train/bir/coreutils_chcon_clang_O1.bir	934641	1	157	schemaA:functions=name->addr		224	85	71			84															8e468f1ebddd2fce00f2e7998b08c6448a1630ae	8e468f1ebddd2fce00f2e7998b08c6448a1630ae	1	1	DYN	1	160	160	0.9764705882352941	computed		1			
coreutils_chcon_clang_O2	coreutils	chcon_clang	O2	clang_train	clang_train/bins/coreutils_chcon_clang_O2.debug	clang_train/bins/coreutils_chcon_clang_O2	1	1	clang_train/bir/coreutils_chcon_clang_O2.bir	937698	1	156	schemaA:functions=name->addr		221	82	71			81															10fc0153ef3d0271cf4a338cfa89af6965360cd9	10fc0153ef3d0271cf4a338cfa89af6965360cd9	1	1	DYN	1	159	159	0.975609756097561	computed		1			
coreutils_chcon_clang_O3	coreutils	chcon_clang	O3	clang_train	clang_train/bins/coreutils_chcon_clang_O3.debug	clang_train/bins/coreutils_chcon_clang_O3	1	1	clang_train/bir/coreutils_chcon_clang_O3.bir	970598	1	156	schemaA:functions=name->addr		221	82	71			81															ada2d71eb3435fa54a0ce8cf6eeddaaddeb8554c	ada2d71eb3435fa54a0ce8cf6eeddaaddeb8554c	1	1	DYN	1	159	159	0.975609756097561	computed		1			
coreutils_chgrp_clang_O0	coreutils	chgrp_clang	O0	clang_train	clang_train/bins/coreutils_chgrp_clang_O0.debug	clang_train/bins/coreutils_chgrp_clang_O0	1	1	clang_train/bir/coreutils_chgrp_clang_O0.bir	1596726	1	224	schemaA:functions=name->addr		374	224	77			224															18852c4c6b6bbbdf16c1a0646363b6dac9b0a7b5	18852c4c6b6bbbdf16c1a0646363b6dac9b0a7b5	1	1	DYN	1	227	227	1.0	computed		1			
coreutils_chgrp_clang_O1	coreutils	chgrp_clang	O1	clang_train	clang_train/bins/coreutils_chgrp_clang_O1.debug	clang_train/bins/coreutils_chgrp_clang_O1	1	1	clang_train/bir/coreutils_chgrp_clang_O1.bir	1006143	1	156	schemaA:functions=name->addr		233	84	76			83															24ac51da771196f6291b086d4f0658e5cb3bc94b	24ac51da771196f6291b086d4f0658e5cb3bc94b	1	1	DYN	1	159	159	0.9523809523809523	computed		1			
coreutils_chgrp_clang_O2	coreutils	chgrp_clang	O2	clang_train	clang_train/bins/coreutils_chgrp_clang_O2.debug	clang_train/bins/coreutils_chgrp_clang_O2	1	1	clang_train/bir/coreutils_chgrp_clang_O2.bir	1002037	1	155	schemaA:functions=name->addr		231	82	76			81															7222bbac3f66ff75bea8abc8da5e4b608bf17a75	7222bbac3f66ff75bea8abc8da5e4b608bf17a75	1	1	DYN	1	158	158	0.9512195121951219	computed		1			
coreutils_chgrp_clang_O3	coreutils	chgrp_clang	O3	clang_train	clang_train/bins/coreutils_chgrp_clang_O3.debug	clang_train/bins/coreutils_chgrp_clang_O3	1	1	clang_train/bir/coreutils_chgrp_clang_O3.bir	1041280	1	155	schemaA:functions=name->addr		231	82	76			81															274b4320351824fa6f0e8dca6c38264cfbc00c49	274b4320351824fa6f0e8dca6c38264cfbc00c49	1	1	DYN	1	158	158	0.9512195121951219	computed		1			
coreutils_chmod	coreutils	chmod	default	local_main;wulver	data/raw/coreutils_chmod_sym	data/stripped/coreutils_chmod_stripped	1	1	data/bir/coreutils_chmod.bir	1038379	1	171	schemaA:functions=name->addr		251	114	69	112	0		train	train	train	train	train	0		1	1	114	69	112	0	1	ab24ff96251768d91f87ccb003ae070a0245936e	ab24ff96251768d91f87ccb003ae070a0245936e	1	1	DYN	1	175	175	1.0	archive		1			
coreutils_chmod_O0	coreutils	chmod	O0	local_main;wulver	data/raw/coreutils_chmod_O0_sym	data/stripped/coreutils_chmod_O0_stripped	1	1	data/bir/coreutils_chmod_O0.bir	1452407	1	212	schemaA:functions=name->addr		561	422	70	421	0		train	train	train	train	train	0		1	1	422	70	421	0	1	a559f79ce185ae2c01dfaa5aa76fca4ec5827161	a559f79ce185ae2c01dfaa5aa76fca4ec5827161	1	1	DYN	1	216	216	1.0	archive		1			
coreutils_chmod_O1	coreutils	chmod	O1	local_main;wulver	data/raw/coreutils_chmod_O1_sym	data/stripped/coreutils_chmod_O1_stripped	1	1	data/bir/coreutils_chmod_O1.bir	1045054	1	151	schemaA:functions=name->addr		250	113	79	112	0		train	train	train	train	train	0		1	1	113	79	112	0	1	bce66ee7bb6c6f41efe40d13a5181981bb177448	bce66ee7bb6c6f41efe40d13a5181981bb177448	1	1	DYN	1	155	155	1.0	archive		1			
coreutils_chmod_O2	coreutils	chmod	O2	local_main;wulver	data/raw/coreutils_chmod_O2_sym	data/stripped/coreutils_chmod_O2_stripped	1	1	data/bir/coreutils_chmod_O2.bir	1038379	1	171	schemaA:functions=name->addr		251	114	69	112	0		val	val	val	val	val	0		1	1	114	69	112	0	1	ab24ff96251768d91f87ccb003ae070a0245936e	ab24ff96251768d91f87ccb003ae070a0245936e	1	1	DYN	1	175	175	1.0	archive		1			
coreutils_chmod_O3	coreutils	chmod	O3	local_main;wulver	data/raw/coreutils_chmod_O3_sym	data/stripped/coreutils_chmod_O3_stripped	1	1	data/bir/coreutils_chmod_O3.bir	1319003	1	172	schemaA:functions=name->addr		265	128	79	126	0		train	train	train	train	train	0		1	1	128	79	126	0	1	243c0f4c1d6f2e72c186b18d0c2fb00dd5731878	243c0f4c1d6f2e72c186b18d0c2fb00dd5731878	1	1	DYN	1	176	176	1.0	archive		1			
coreutils_chmod_clang_O0	coreutils	chmod_clang	O0	clang_train	clang_train/bins/coreutils_chmod_clang_O0.debug	clang_train/bins/coreutils_chmod_clang_O0	1	1	clang_train/bir/coreutils_chmod_clang_O0.bir	1510606	1	215	schemaA:functions=name->addr		347	215	68			215															f7d9a24049cd4834afbff5f6977b53642d77583c	f7d9a24049cd4834afbff5f6977b53642d77583c	1	1	DYN	1	218	218	1.0	computed		1			
coreutils_chmod_clang_O1	coreutils	chmod_clang	O1	clang_train	clang_train/bins/coreutils_chmod_clang_O1.debug	clang_train/bins/coreutils_chmod_clang_O1	1	1	clang_train/bir/coreutils_chmod_clang_O1.bir	911904	1	150	schemaA:functions=name->addr		207	78	66			77															273b01bd635328eb89c3c1d4e1530a119eeb4b51	273b01bd635328eb89c3c1d4e1530a119eeb4b51	1	1	DYN	1	153	153	0.9743589743589743	computed		1			
coreutils_chmod_clang_O2	coreutils	chmod_clang	O2	clang_train	clang_train/bins/coreutils_chmod_clang_O2.debug	clang_train/bins/coreutils_chmod_clang_O2	1	1	clang_train/bir/coreutils_chmod_clang_O2.bir	918431	1	149	schemaA:functions=name->addr		205	76	66			75															1c9d7caf999fd9dc9d41e8dcd61c947d506befdc	1c9d7caf999fd9dc9d41e8dcd61c947d506befdc	1	1	DYN	1	152	152	0.9736842105263158	computed		1			
coreutils_chmod_clang_O3	coreutils	chmod_clang	O3	clang_train	clang_train/bins/coreutils_chmod_clang_O3.debug	clang_train/bins/coreutils_chmod_clang_O3	1	1	clang_train/bir/coreutils_chmod_clang_O3.bir	951650	1	149	schemaA:functions=name->addr		205	76	66			75															4bd9ff4b662ab540e3b535beddfa462adda9f835	4bd9ff4b662ab540e3b535beddfa462adda9f835	1	1	DYN	1	152	152	0.9736842105263158	computed		1			
coreutils_chown	coreutils	chown	default	local_main;wulver	data/raw/coreutils_chown_sym	data/stripped/coreutils_chown_stripped	1	1	data/bir/coreutils_chown.bir	1077875	1	177	schemaA:functions=name->addr		279	120	80	118	0		val	val	val	val	val	0		1	1	120	80	118	0	1	b44d17cc872273727a993ecbc956a9937a70b611	b44d17cc872273727a993ecbc956a9937a70b611	1	1	DYN	1	181	181	1.0	archive		1			
coreutils_chown_O0	coreutils	chown	O0	local_main;wulver	data/raw/coreutils_chown_O0_sym	data/stripped/coreutils_chown_O0_stripped	1	1	data/bir/coreutils_chown_O0.bir	1490217	1	218	schemaA:functions=name->addr		593	434	80	433	0		train	train	train	train	train	0		1	1	434	80	433	0	1	d3023dc3eeb0a5f4a3b999f3677d9fb1b08fa735	d3023dc3eeb0a5f4a3b999f3677d9fb1b08fa735	1	1	DYN	1	222	222	1.0	archive		1			
coreutils_chown_O1	coreutils	chown	O1	local_main;wulver	data/raw/coreutils_chown_O1_sym	data/stripped/coreutils_chown_O1_stripped	1	1	data/bir/coreutils_chown_O1.bir	1068087	1	158	schemaA:functions=name->addr		277	118	90	117	0		train	train	train	train	train	0		1	1	118	90	117	0	1	3caf40dd7b6a289647bf9369b97b9c92e046445c	3caf40dd7b6a289647bf9369b97b9c92e046445c	1	1	DYN	1	162	162	1.0	archive		1			
coreutils_chown_O2	coreutils	chown	O2	local_main;wulver	data/raw/coreutils_chown_O2_sym	data/stripped/coreutils_chown_O2_stripped	1	1	data/bir/coreutils_chown_O2.bir	1077875	1	177	schemaA:functions=name->addr		279	120	80	118	0		train	train	train	train	train	0		1	1	120	80	118	0	1	b44d17cc872273727a993ecbc956a9937a70b611	b44d17cc872273727a993ecbc956a9937a70b611	1	1	DYN	1	181	181	1.0	archive		1			
coreutils_chown_O3	coreutils	chown	O3	local_main;wulver	data/raw/coreutils_chown_O3_sym	data/stripped/coreutils_chown_O3_stripped	1	1	data/bir/coreutils_chown_O3.bir	1354643	1	179	schemaA:functions=name->addr		294	135	90	133	0		train	train	train	train	train	0		1	1	135	90	133	0	1	e4c548d60c5afd8f63e5cc7827336df3988333c3	e4c548d60c5afd8f63e5cc7827336df3988333c3	1	1	DYN	1	183	183	1.0	archive		1			
coreutils_chown_clang_O0	coreutils	chown_clang	O0	clang_train	clang_train/bins/coreutils_chown_clang_O0.debug	clang_train/bins/coreutils_chown_clang_O0	1	1	clang_train/bir/coreutils_chown_clang_O0.bir	1596726	1	224	schemaA:functions=name->addr		374	224	77			224															126c0bc47c649004ad4a95992ab92a9ea0de139f	126c0bc47c649004ad4a95992ab92a9ea0de139f	1	1	DYN	1	227	227	1.0	computed		1			
coreutils_chown_clang_O1	coreutils	chown_clang	O1	clang_train	clang_train/bins/coreutils_chown_clang_O1.debug	clang_train/bins/coreutils_chown_clang_O1	1	1	clang_train/bir/coreutils_chown_clang_O1.bir	1006143	1	156	schemaA:functions=name->addr		233	84	76			83															9610daef7c59cf68b8f1adaab1f4cdeaedc4a834	9610daef7c59cf68b8f1adaab1f4cdeaedc4a834	1	1	DYN	1	159	159	0.9523809523809523	computed		1			
coreutils_chown_clang_O2	coreutils	chown_clang	O2	clang_train	clang_train/bins/coreutils_chown_clang_O2.debug	clang_train/bins/coreutils_chown_clang_O2	1	1	clang_train/bir/coreutils_chown_clang_O2.bir	1002037	1	155	schemaA:functions=name->addr		231	82	76			81															91c0830d72a2d3ef39a6789415774b54dca2d0ff	91c0830d72a2d3ef39a6789415774b54dca2d0ff	1	1	DYN	1	158	158	0.9512195121951219	computed		1			
coreutils_chown_clang_O3	coreutils	chown_clang	O3	clang_train	clang_train/bins/coreutils_chown_clang_O3.debug	clang_train/bins/coreutils_chown_clang_O3	1	1	clang_train/bir/coreutils_chown_clang_O3.bir	1041280	1	155	schemaA:functions=name->addr		231	82	76			81															40627961033675ae04d3a45093c4aafd3dbd1bbd	40627961033675ae04d3a45093c4aafd3dbd1bbd	1	1	DYN	1	158	158	0.9512195121951219	computed		1			
coreutils_chroot_clang_O0	coreutils	chroot_clang	O0	clang_train	clang_train/bins/coreutils_chroot_clang_O0.debug	clang_train/bins/coreutils_chroot_clang_O0	1	1	clang_train/bir/coreutils_chroot_clang_O0.bir	722557	1	127	schemaA:functions=name->addr		262	129	64			127															5096ba9317b9590f24c0f586456b2be8ab829276	5096ba9317b9590f24c0f586456b2be8ab829276	1	1	DYN	1	132	132	1.0	computed		1			
coreutils_chroot_clang_O1	coreutils	chroot_clang	O1	clang_train	clang_train/bins/coreutils_chroot_clang_O1.debug	clang_train/bins/coreutils_chroot_clang_O1	1	1	clang_train/bir/coreutils_chroot_clang_O1.bir	357196	1	90	schemaA:functions=name->addr		166	40	60			39															e83323a6a44d55628c2354a599fca6c5f3d15c86	e83323a6a44d55628c2354a599fca6c5f3d15c86	1	1	DYN	1	93	93	0.975	computed		1			
coreutils_chroot_clang_O2	coreutils	chroot_clang	O2	clang_train	clang_train/bins/coreutils_chroot_clang_O2.debug	clang_train/bins/coreutils_chroot_clang_O2	1	1	clang_train/bir/coreutils_chroot_clang_O2.bir	366494	1	90	schemaA:functions=name->addr		165	39	60			38															2d3ed27b31e4ee0569ac5949507b7cf575def3e7	2d3ed27b31e4ee0569ac5949507b7cf575def3e7	1	1	DYN	1	93	93	0.9743589743589743	computed		1			
coreutils_chroot_clang_O3	coreutils	chroot_clang	O3	clang_train	clang_train/bins/coreutils_chroot_clang_O3.debug	clang_train/bins/coreutils_chroot_clang_O3	1	1	clang_train/bir/coreutils_chroot_clang_O3.bir	383375	1	90	schemaA:functions=name->addr		165	39	60			38															39aaae831551b3aa4155d2cb394a312201efcc8b	39aaae831551b3aa4155d2cb394a312201efcc8b	1	1	DYN	1	93	93	0.9743589743589743	computed		1			
coreutils_cksum_clang_O0	coreutils	cksum_clang	O0	clang_train	clang_train/bins/coreutils_cksum_clang_O0.debug	clang_train/bins/coreutils_cksum_clang_O0	1	1	clang_train/bir/coreutils_cksum_clang_O0.bir	4613593	1	253	schemaA:functions=name->addr		441	258	89			252															bd16c11ae6d3a79da88a924c160b303afc5cd3f6	bd16c11ae6d3a79da88a924c160b303afc5cd3f6	1	1	DYN	1	261	261	1.0	computed		1			
coreutils_cksum_clang_O1	coreutils	cksum_clang	O1	clang_train	clang_train/bins/coreutils_cksum_clang_O1.debug	clang_train/bins/coreutils_cksum_clang_O1	1	1	clang_train/bir/coreutils_cksum_clang_O1.bir	1944184	1	184	schemaA:functions=name->addr		251	73	86			71															4510a311aea5d566ee233e833d3b5798b8caca6a	4510a311aea5d566ee233e833d3b5798b8caca6a	1	1	DYN	1	187	187	0.9863013698630136	computed		1			
coreutils_cksum_clang_O2	coreutils	cksum_clang	O2	clang_train	clang_train/bins/coreutils_cksum_clang_O2.debug	clang_train/bins/coreutils_cksum_clang_O2	1	1	clang_train/bir/coreutils_cksum_clang_O2.bir	1836583	1	184	schemaA:functions=name->addr		239	61	86			59															f711b9a3c02f85fa8c4bb7196dc6a68822f434f1	f711b9a3c02f85fa8c4bb7196dc6a68822f434f1	1	1	DYN	1	187	187	0.9836065573770492	computed		1			
coreutils_cksum_clang_O3	coreutils	cksum_clang	O3	clang_train	clang_train/bins/coreutils_cksum_clang_O3.debug	clang_train/bins/coreutils_cksum_clang_O3	1	1	clang_train/bir/coreutils_cksum_clang_O3.bir	1885516	1	183	schemaA:functions=name->addr		239	61	86			59															943f0e34303fd6eae44ca4cd29b65f7d6395800e	943f0e34303fd6eae44ca4cd29b65f7d6395800e	1	1	DYN	1	186	186	0.9836065573770492	computed		1			
coreutils_comm_clang_O0	coreutils	comm_clang	O0	clang_train	clang_train/bins/coreutils_comm_clang_O0.debug	clang_train/bins/coreutils_comm_clang_O0	1	1	clang_train/bir/coreutils_comm_clang_O0.bir	711812	1	133	schemaA:functions=name->addr		246	133	54			133															bb98e0b7c57cc5465f6073206c3c67b065bea888	bb98e0b7c57cc5465f6073206c3c67b065bea888	1	1	DYN	1	136	136	1.0	computed		1			
coreutils_comm_clang_O1	coreutils	comm_clang	O1	clang_train	clang_train/bins/coreutils_comm_clang_O1.debug	clang_train/bins/coreutils_comm_clang_O1	1	1	clang_train/bir/coreutils_comm_clang_O1.bir	365686	1	101	schemaA:functions=name->addr		155	45	52			44															4d37afd2dc656366cad5ac92fddcb9d598c4e5cb	4d37afd2dc656366cad5ac92fddcb9d598c4e5cb	1	1	DYN	1	104	104	0.9777777777777777	computed		1			
coreutils_comm_clang_O2	coreutils	comm_clang	O2	clang_train	clang_train/bins/coreutils_comm_clang_O2.debug	clang_train/bins/coreutils_comm_clang_O2	1	1	clang_train/bir/coreutils_comm_clang_O2.bir	361487	1	101	schemaA:functions=name->addr		153	43	52			42															ae3c88ad733adc072699653c15470dc3156cb1ea	ae3c88ad733adc072699653c15470dc3156cb1ea	1	1	DYN	1	104	104	0.9767441860465116	computed		1			
coreutils_comm_clang_O3	coreutils	comm_clang	O3	clang_train	clang_train/bins/coreutils_comm_clang_O3.debug	clang_train/bins/coreutils_comm_clang_O3	1	1	clang_train/bir/coreutils_comm_clang_O3.bir	390233	1	99	schemaA:functions=name->addr		151	41	52			40															278b329e701d73aa3c2f025731d44ce9f653ac67	278b329e701d73aa3c2f025731d44ce9f653ac67	1	1	DYN	1	102	102	0.975609756097561	computed		1			
coreutils_cp	coreutils	cp	default	local_main;wulver	data/raw/coreutils_cp_sym	data/stripped/coreutils_cp_stripped	1	1	data/bir/coreutils_cp.bir	1762800	1	238	schemaA:functions=name->addr		384	166	109	162	0		train	train	train	train	train	0		1	1	166	109	162	0	1	81b37489ed24739cee7403e1a92934605ba9364c	81b37489ed24739cee7403e1a92934605ba9364c	1	1	DYN	1	242	242	0.9939759036144579	archive		1			
coreutils_cp_O0	coreutils	cp	O0	local_main;wulver	data/raw/coreutils_cp_O0_sym	data/stripped/coreutils_cp_O0_stripped	1	1	data/bir/coreutils_cp_O0.bir	2422968	1	333	schemaA:functions=name->addr		874	653	111	652	0		train	train	train	train	train	0		1	1	653	111	652	0	1	1558b67a80b699c14370734affd41ea927354428	1558b67a80b699c14370734affd41ea927354428	1	1	DYN	1	337	337	1.0	archive		1			
coreutils_cp_O1	coreutils	cp	O1	local_main;wulver	data/raw/coreutils_cp_O1_sym	data/stripped/coreutils_cp_O1_stripped	1	1	data/bir/coreutils_cp_O1.bir	1758855	1	221	schemaA:functions=name->addr		383	166	119	165	0		train	train	train	train	train	0		1	1	166	119	165	0	1	fe886f7a57c6889fc367fb6fb638e23b097f49a0	fe886f7a57c6889fc367fb6fb638e23b097f49a0	1	1	DYN	1	225	225	0.9939759036144579	archive		1			
coreutils_cp_O2	coreutils	cp	O2	local_main;wulver	data/raw/coreutils_cp_O2_sym	data/stripped/coreutils_cp_O2_stripped	1	1	data/bir/coreutils_cp_O2.bir	1762800	1	238	schemaA:functions=name->addr		384	166	109	162	0		train	train	train	train	train	0		1	1	166	109	162	0	1	81b37489ed24739cee7403e1a92934605ba9364c	81b37489ed24739cee7403e1a92934605ba9364c	1	1	DYN	1	242	242	0.9939759036144579	archive		1			
coreutils_cp_O3	coreutils	cp	O3	local_main;wulver	data/raw/coreutils_cp_O3_sym	data/stripped/coreutils_cp_O3_stripped	1	1	data/bir/coreutils_cp_O3.bir	2213744	1	242	schemaA:functions=name->addr		401	183	119	179	0		train	train	train	train	train	0		1	1	183	119	179	0	1	facf5610e743646ab816c65f66e91e3ee28d4a33	facf5610e743646ab816c65f66e91e3ee28d4a33	1	1	DYN	1	246	246	0.994535519125683	archive		1			
coreutils_cp_clang_O0	coreutils	cp_clang	O0	clang_train	clang_train/bins/coreutils_cp_clang_O0.debug	clang_train/bins/coreutils_cp_clang_O0	1	1	clang_train/bir/coreutils_cp_clang_O0.bir	2494076	1	362	schemaA:functions=name->addr		578	362	110			362															30e1416e6791523bb3f7c190e248bdf55f3ed323	30e1416e6791523bb3f7c190e248bdf55f3ed323	1	1	DYN	1	365	365	1.0	computed		1			
coreutils_cp_clang_O1	coreutils	cp_clang	O1	clang_train	clang_train/bins/coreutils_cp_clang_O1.debug	clang_train/bins/coreutils_cp_clang_O1	1	1	clang_train/bir/coreutils_cp_clang_O1.bir	1664482	1	225	schemaA:functions=name->addr		344	133	107			132															5d4673a5a7e42b82eefed2a9c4bfafad59a21e0d	5d4673a5a7e42b82eefed2a9c4bfafad59a21e0d	1	1	DYN	1	228	228	0.9924812030075187	computed		1			
coreutils_cp_clang_O2	coreutils	cp_clang	O2	clang_train	clang_train/bins/coreutils_cp_clang_O2.debug	clang_train/bins/coreutils_cp_clang_O2	1	1	clang_train/bir/coreutils_cp_clang_O2.bir	1644381	1	225	schemaA:functions=name->addr		341	130	107			129															cc8550c77dfdc04e3c6c2177d8bac06463f82c65	cc8550c77dfdc04e3c6c2177d8bac06463f82c65	1	1	DYN	1	228	228	0.9923076923076923	computed		1			
coreutils_cp_clang_O3	coreutils	cp_clang	O3	clang_train	clang_train/bins/coreutils_cp_clang_O3.debug	clang_train/bins/coreutils_cp_clang_O3	1	1	clang_train/bir/coreutils_cp_clang_O3.bir	1826652	1	225	schemaA:functions=name->addr		343	132	107			131															a3e8ec8eb328d9fbd3e7fce17e25aa3482870ac5	a3e8ec8eb328d9fbd3e7fce17e25aa3482870ac5	1	1	DYN	1	228	228	0.9924242424242424	computed		1			
coreutils_csplit_clang_O0	coreutils	csplit_clang	O0	clang_train	clang_train/bins/coreutils_csplit_clang_O0.debug	clang_train/bins/coreutils_csplit_clang_O0	1	1	clang_train/bir/coreutils_csplit_clang_O0.bir	915278	1	162	schemaA:functions=name->addr		303	164	67			162															8f49629c28dbdfbc7dbbf478417aaebb23d57115	8f49629c28dbdfbc7dbbf478417aaebb23d57115	1	1	DYN	1	167	167	1.0	computed		1			
coreutils_csplit_clang_O1	coreutils	csplit_clang	O1	clang_train	clang_train/bins/coreutils_csplit_clang_O1.debug	clang_train/bins/coreutils_csplit_clang_O1	1	1	clang_train/bir/coreutils_csplit_clang_O1.bir	524112	1	104	schemaA:functions=name->addr		190	54	65			53															bc276a38a38001971724fb01b9b65960b233a633	bc276a38a38001971724fb01b9b65960b233a633	1	1	DYN	1	107	107	0.9814814814814815	computed		1			
coreutils_csplit_clang_O2	coreutils	csplit_clang	O2	clang_train	clang_train/bins/coreutils_csplit_clang_O2.debug	clang_train/bins/coreutils_csplit_clang_O2	1	1	clang_train/bir/coreutils_csplit_clang_O2.bir	528980	1	103	schemaA:functions=name->addr		187	51	65			50															ccdc297633f2547f7d32a3942aa2d216b294944c	ccdc297633f2547f7d32a3942aa2d216b294944c	1	1	DYN	1	106	106	0.9803921568627451	computed		1			
coreutils_csplit_clang_O3	coreutils	csplit_clang	O3	clang_train	clang_train/bins/coreutils_csplit_clang_O3.debug	clang_train/bins/coreutils_csplit_clang_O3	1	1	clang_train/bir/coreutils_csplit_clang_O3.bir	607621	1	103	schemaA:functions=name->addr		187	51	65			50															8159ff6a0c7b12f10dbea8d5d41f6d537d2503a1	8159ff6a0c7b12f10dbea8d5d41f6d537d2503a1	1	1	DYN	1	106	106	0.9803921568627451	computed		1			
coreutils_cut	coreutils	cut	default	local_main;wulver	data/raw/coreutils_cut_sym	data/stripped/coreutils_cut_stripped	1	1	data/bir/coreutils_cut.bir	434495	1	102	schemaA:functions=name->addr		177	53	59	51	0		train	train	train	train	train	0		1	1	53	59	51	0	1	773bb6b7f500f240df25d1d0f801edaf430f2c63	773bb6b7f500f240df25d1d0f801edaf430f2c63	1	1	DYN	1	106	106	1.0	archive	coreutils_cut_O2:0.941	1			dup_group_keeper:coreutils_cut_O2
coreutils_cut_O0	coreutils	cut	O0	local_main;wulver	data/raw/coreutils_cut_O0_sym	data/stripped/coreutils_cut_O0_stripped	1	1	data/bir/coreutils_cut_O0.bir	724381	1	125	schemaA:functions=name->addr		371	243	61	241	0		train	train	train	train	train	0		1	1	243	61	241	0	1	80fe6e309be1292b4dcf16072359e4424fab6d49	80fe6e309be1292b4dcf16072359e4424fab6d49	1	1	DYN	1	130	130	1.0	archive		1			
coreutils_cut_O1	coreutils	cut	O1	local_main;wulver	data/raw/coreutils_cut_O1_sym	data/stripped/coreutils_cut_O1_stripped	1	1	data/bir/coreutils_cut_O1.bir	517220	1	90	schemaA:functions=name->addr		188	64	63	63	0		train	train	train	train	train	0		1	1	64	63	63	0	1	8414d140c74ce986357b926ebffe1f4c1a9e07c2	8414d140c74ce986357b926ebffe1f4c1a9e07c2	1	1	DYN	1	94	94	1.0	archive		1			
coreutils_cut_O2	coreutils	cut	O2	local_main;wulver	data/raw/coreutils_cut_O2_sym	data/stripped/coreutils_cut_O2_stripped	1	1	data/bir/coreutils_cut_O2.bir	434495	1	102	schemaA:functions=name->addr		177	53	59	51	0		train	train	train	train	train	0		1	1	53	59	51	0	1	773bb6b7f500f240df25d1d0f801edaf430f2c63	773bb6b7f500f240df25d1d0f801edaf430f2c63	1	1	DYN	1	106	106	1.0	archive	coreutils_cut:0.941	0	duplicate_build_of:coreutils_cut		
coreutils_cut_O3	coreutils	cut	O3	local_main;wulver	data/raw/coreutils_cut_O3_sym	data/stripped/coreutils_cut_O3_stripped	1	1	data/bir/coreutils_cut_O3.bir	691942	1	107	schemaA:functions=name->addr		199	75	63	73	0		train	train	train	train	train	0		1	1	75	63	73	0	1	57872398cc235fff9d0d291c972521b8256ab8d7	57872398cc235fff9d0d291c972521b8256ab8d7	1	1	DYN	1	111	111	1.0	archive		1			
coreutils_cut_clang_O0	coreutils	cut_clang	O0	clang_train	clang_train/bins/coreutils_cut_clang_O0.debug	clang_train/bins/coreutils_cut_clang_O0	1	1	clang_train/bir/coreutils_cut_clang_O0.bir	759817	1	132	schemaA:functions=name->addr		262	133	62			132															44b7a0c287522764918c5b78633096f2977181c9	44b7a0c287522764918c5b78633096f2977181c9	1	1	DYN	1	136	136	1.0	computed		1			
coreutils_cut_clang_O1	coreutils	cut_clang	O1	clang_train	clang_train/bins/coreutils_cut_clang_O1.debug	clang_train/bins/coreutils_cut_clang_O1	1	1	clang_train/bir/coreutils_cut_clang_O1.bir	377173	1	95	schemaA:functions=name->addr		165	41	59			40															4b6d66242de489e33f345ccb18aebe76a4bb2e77	4b6d66242de489e33f345ccb18aebe76a4bb2e77	1	1	DYN	1	98	98	1.0	computed		1			
coreutils_cut_clang_O2	coreutils	cut_clang	O2	clang_train	clang_train/bins/coreutils_cut_clang_O2.debug	clang_train/bins/coreutils_cut_clang_O2	1	1	clang_train/bir/coreutils_cut_clang_O2.bir	398651	1	95	schemaA:functions=name->addr		164	40	59			39															b7aec7ce6a09182b117e5a0a55d1457faa0ef96c	b7aec7ce6a09182b117e5a0a55d1457faa0ef96c	1	1	DYN	1	98	98	1.0	computed		1			
coreutils_cut_clang_O3	coreutils	cut_clang	O3	clang_train	clang_train/bins/coreutils_cut_clang_O3.debug	clang_train/bins/coreutils_cut_clang_O3	1	1	clang_train/bir/coreutils_cut_clang_O3.bir	413393	1	95	schemaA:functions=name->addr		164	40	59			39															40fcfdf01e3f48877af8fd9790d772de68faa663	40fcfdf01e3f48877af8fd9790d772de68faa663	1	1	DYN	1	98	98	1.0	computed		1			
coreutils_date_clang_O0	coreutils	date_clang	O0	clang_train	clang_train/bins/coreutils_date_clang_O0.debug	clang_train/bins/coreutils_date_clang_O0	1	1	clang_train/bir/coreutils_date_clang_O0.bir	1818698	1	212	schemaA:functions=name->addr		359	214	71			212															a32883f8c4c6cf625b30b87cb8b60484bfa57626	a32883f8c4c6cf625b30b87cb8b60484bfa57626	1	1	DYN	1	217	217	1.0	computed		1			
coreutils_date_clang_O1	coreutils	date_clang	O1	clang_train	clang_train/bins/coreutils_date_clang_O1.debug	clang_train/bins/coreutils_date_clang_O1	1	1	clang_train/bir/coreutils_date_clang_O1.bir	1281597	1	131	schemaA:functions=name->addr		216	77	67			75															25fa25b46994c17df69d03502319379908d7ac6c	25fa25b46994c17df69d03502319379908d7ac6c	1	1	DYN	1	135	135	0.987012987012987	computed		1			
coreutils_date_clang_O2	coreutils	date_clang	O2	clang_train	clang_train/bins/coreutils_date_clang_O2.debug	clang_train/bins/coreutils_date_clang_O2	1	1	clang_train/bir/coreutils_date_clang_O2.bir	1261706	1	131	schemaA:functions=name->addr		212	73	67			71															bc54ae292723d4d3afc7455afdf15d670ed9bcd8	bc54ae292723d4d3afc7455afdf15d670ed9bcd8	1	1	DYN	1	135	135	0.9863013698630136	computed		1			
coreutils_date_clang_O3	coreutils	date_clang	O3	clang_train	clang_train/bins/coreutils_date_clang_O3.debug	clang_train/bins/coreutils_date_clang_O3	1	1	clang_train/bir/coreutils_date_clang_O3.bir	1359312	1	130	schemaA:functions=name->addr		213	74	67			72															5c75fb9b14b28c92b779130d0da3ee443dcf7ac5	5c75fb9b14b28c92b779130d0da3ee443dcf7ac5	1	1	DYN	1	134	134	0.9864864864864865	computed		1			
coreutils_dd_clang_O0	coreutils	dd_clang	O0	clang_train	clang_train/bins/coreutils_dd_clang_O0.debug	clang_train/bins/coreutils_dd_clang_O0	1	1	clang_train/bir/coreutils_dd_clang_O0.bir	1654355	1	200	schemaA:functions=name->addr		357	200	77			200															feafb56fd62f9bb479898cc240e17bb1bc6aee08	feafb56fd62f9bb479898cc240e17bb1bc6aee08	1	1	DYN	1	203	203	1.0	computed		1			
coreutils_dd_clang_O1	coreutils	dd_clang	O1	clang_train	clang_train/bins/coreutils_dd_clang_O1.debug	clang_train/bins/coreutils_dd_clang_O1	1	1	clang_train/bir/coreutils_dd_clang_O1.bir	1065227	1	128	schemaA:functions=name->addr		224	70	75			69															f8ddbff0f94d805a95939aea5b86c57c6f59a33c	f8ddbff0f94d805a95939aea5b86c57c6f59a33c	1	1	DYN	1	131	131	1.0	computed		1			
coreutils_dd_clang_O2	coreutils	dd_clang	O2	clang_train	clang_train/bins/coreutils_dd_clang_O2.debug	clang_train/bins/coreutils_dd_clang_O2	1	1	clang_train/bir/coreutils_dd_clang_O2.bir	1051401	1	128	schemaA:functions=name->addr		220	66	75			65															6b9e39dae6fd194d32bf240b607e91f76de4de2a	6b9e39dae6fd194d32bf240b607e91f76de4de2a	1	1	DYN	1	131	131	1.0	computed		1			
coreutils_dd_clang_O3	coreutils	dd_clang	O3	clang_train	clang_train/bins/coreutils_dd_clang_O3.debug	clang_train/bins/coreutils_dd_clang_O3	1	1	clang_train/bir/coreutils_dd_clang_O3.bir	1121522	1	128	schemaA:functions=name->addr		221	67	75			66															218c703369d2f26443e3078ea9e4f6de04e76861	218c703369d2f26443e3078ea9e4f6de04e76861	1	1	DYN	1	131	131	1.0	computed		1			
coreutils_df_clang_O0	coreutils	df_clang	O0	clang_train	clang_train/bins/coreutils_df_clang_O0.debug	clang_train/bins/coreutils_df_clang_O0	1	1	clang_train/bir/coreutils_df_clang_O0.bir	2175828	1	264	schemaA:functions=name->addr		454	267	95			264															d3c450972393df90d724de3b84324ee86d157af9	d3c450972393df90d724de3b84324ee86d157af9	1	1	DYN	1	270	270	1.0	computed		1			
coreutils_df_clang_O1	coreutils	df_clang	O1	clang_train	clang_train/bins/coreutils_df_clang_O1.debug	clang_train/bins/coreutils_df_clang_O1	1	1	clang_train/bir/coreutils_df_clang_O1.bir	1254157	1	176	schemaA:functions=name->addr		269	89	91			88															97386a73c278f044692bb575c32e45461c67cdb6	97386a73c278f044692bb575c32e45461c67cdb6	1	1	DYN	1	179	179	0.9662921348314607	computed		1			
coreutils_df_clang_O2	coreutils	df_clang	O2	clang_train	clang_train/bins/coreutils_df_clang_O2.debug	clang_train/bins/coreutils_df_clang_O2	1	1	clang_train/bir/coreutils_df_clang_O2.bir	1235740	1	176	schemaA:functions=name->addr		264	84	91			83															a67e7ae690e12b3d0ee98e98d9b899c2fc6b036b	a67e7ae690e12b3d0ee98e98d9b899c2fc6b036b	1	1	DYN	1	179	179	0.9642857142857143	computed		1			
coreutils_df_clang_O3	coreutils	df_clang	O3	clang_train	clang_train/bins/coreutils_df_clang_O3.debug	clang_train/bins/coreutils_df_clang_O3	1	1	clang_train/bir/coreutils_df_clang_O3.bir	1301286	1	176	schemaA:functions=name->addr		265	85	91			84															ea2d969062b914cf61a87c4462e0003df8b4571f	ea2d969062b914cf61a87c4462e0003df8b4571f	1	1	DYN	1	179	179	0.9647058823529412	computed		1			
coreutils_dir_clang_O0	coreutils	dir_clang	O0	clang_train	clang_train/bins/coreutils_dir_clang_O0.debug	clang_train/bins/coreutils_dir_clang_O0	1	1	clang_train/bir/coreutils_dir_clang_O0.bir	2930319	1	486	schemaA:functions=name->addr		695	489	107			486															66c47b443578952705cb02455224840d4f0a5f83	66c47b443578952705cb02455224840d4f0a5f83	1	1	DYN	1	492	492	1.0	computed		1			
coreutils_dir_clang_O1	coreutils	dir_clang	O1	clang_train	clang_train/bins/coreutils_dir_clang_O1.debug	clang_train/bins/coreutils_dir_clang_O1	1	1	clang_train/bir/coreutils_dir_clang_O1.bir	1788393	1	282	schemaA:functions=name->addr		328	131	101			130															eb26f12e994b19d499b6631203671ab8eb20d889	eb26f12e994b19d499b6631203671ab8eb20d889	1	1	DYN	1	285	285	0.9694656488549618	computed		1			
coreutils_dir_clang_O2	coreutils	dir_clang	O2	clang_train	clang_train/bins/coreutils_dir_clang_O2.debug	clang_train/bins/coreutils_dir_clang_O2	1	1	clang_train/bir/coreutils_dir_clang_O2.bir	1804797	1	282	schemaA:functions=name->addr		317	120	101			119															154d0d06a09f0ebde5dae3507c08b4dfc6641414	154d0d06a09f0ebde5dae3507c08b4dfc6641414	1	1	DYN	1	285	285	0.9666666666666667	computed		1			
coreutils_dir_clang_O3	coreutils	dir_clang	O3	clang_train	clang_train/bins/coreutils_dir_clang_O3.debug	clang_train/bins/coreutils_dir_clang_O3	1	1	clang_train/bir/coreutils_dir_clang_O3.bir	1966732	1	282	schemaA:functions=name->addr		318	121	101			120															6fd4be7f1a696080b2bf43304eb289f91363cff6	6fd4be7f1a696080b2bf43304eb289f91363cff6	1	1	DYN	1	285	285	0.9669421487603306	computed		1			
coreutils_dircolors_clang_O0	coreutils	dircolors_clang	O0	clang_train	clang_train/bins/coreutils_dircolors_clang_O0.debug	clang_train/bins/coreutils_dircolors_clang_O0	1	1	clang_train/bir/coreutils_dircolors_clang_O0.bir	661718	1	128	schemaA:functions=name->addr		231	128	50			128															d8d5eff7b1408afb0d547d1cf0a50b99ce724568	d8d5eff7b1408afb0d547d1cf0a50b99ce724568	1	1	DYN	1	131	131	1.0	computed		1			
coreutils_dircolors_clang_O1	coreutils	dircolors_clang	O1	clang_train	clang_train/bins/coreutils_dircolors_clang_O1.debug	clang_train/bins/coreutils_dircolors_clang_O1	1	1	clang_train/bir/coreutils_dircolors_clang_O1.bir	339711	1	94	schemaA:functions=name->addr		137	37	48			36															4ff9e759355cd08ad8f21aad63856e5bc67a246e	4ff9e759355cd08ad8f21aad63856e5bc67a246e	1	1	DYN	1	97	97	1.0	computed		1			
coreutils_dircolors_clang_O2	coreutils	dircolors_clang	O2	clang_train	clang_train/bins/coreutils_dircolors_clang_O2.debug	clang_train/bins/coreutils_dircolors_clang_O2	1	1	clang_train/bir/coreutils_dircolors_clang_O2.bir	337552	1	94	schemaA:functions=name->addr		136	36	48			35															3d7bfc9f64537b409a00540a088bd356f2e1ed32	3d7bfc9f64537b409a00540a088bd356f2e1ed32	1	1	DYN	1	97	97	1.0	computed		1			
coreutils_dircolors_clang_O3	coreutils	dircolors_clang	O3	clang_train	clang_train/bins/coreutils_dircolors_clang_O3.debug	clang_train/bins/coreutils_dircolors_clang_O3	1	1	clang_train/bir/coreutils_dircolors_clang_O3.bir	371461	1	94	schemaA:functions=name->addr		136	36	48			35															1cda2361d9251579e1567e3290ee923ca1a69c62	1cda2361d9251579e1567e3290ee923ca1a69c62	1	1	DYN	1	97	97	1.0	computed		1			
coreutils_dirname_clang_O0	coreutils	dirname_clang	O0	clang_train	clang_train/bins/coreutils_dirname_clang_O0.debug	clang_train/bins/coreutils_dirname_clang_O0	1	1	clang_train/bir/coreutils_dirname_clang_O0.bir	487908	1	111	schemaA:functions=name->addr		202	111	43			111															8c9b126ef28c4c7bbd5d377e54d209dde8308500	8c9b126ef28c4c7bbd5d377e54d209dde8308500	1	1	DYN	1	114	114	1.0	computed		1			
coreutils_dirname_clang_O1	coreutils	dirname_clang	O1	clang_train	clang_train/bins/coreutils_dirname_clang_O1.debug	clang_train/bins/coreutils_dirname_clang_O1	1	1	clang_train/bir/coreutils_dirname_clang_O1.bir	199207	1	85	schemaA:functions=name->addr		117	29	41			28															952f828f2308c6e61e8645a96db210b677a4c3cb	952f828f2308c6e61e8645a96db210b677a4c3cb	1	1	DYN	1	88	88	1.0	computed		1			
coreutils_dirname_clang_O2	coreutils	dirname_clang	O2	clang_train	clang_train/bins/coreutils_dirname_clang_O2.debug	clang_train/bins/coreutils_dirname_clang_O2	1	1	clang_train/bir/coreutils_dirname_clang_O2.bir	204514	1	85	schemaA:functions=name->addr		116	28	41			27															dc61355ed430033fa56aac01467b02d1bdb16054	dc61355ed430033fa56aac01467b02d1bdb16054	1	1	DYN	1	88	88	1.0	computed		1			
coreutils_dirname_clang_O3	coreutils	dirname_clang	O3	clang_train	clang_train/bins/coreutils_dirname_clang_O3.debug	clang_train/bins/coreutils_dirname_clang_O3	1	1	clang_train/bir/coreutils_dirname_clang_O3.bir	216762	1	85	schemaA:functions=name->addr		116	28	41			27															435961355e9f560a5813702a3e9c53b7ce836e34	435961355e9f560a5813702a3e9c53b7ce836e34	1	1	DYN	1	88	88	1.0	computed		1			
coreutils_du_clang_O0	coreutils	du_clang	O0	clang_train	clang_train/bins/coreutils_du_clang_O0.debug	clang_train/bins/coreutils_du_clang_O0	1	1	clang_train/bir/coreutils_du_clang_O0.bir	2432630	1	338	schemaA:functions=name->addr		542	340	104			338															ab44031dfab077d07f16da7fae884901d5f12ad2	ab44031dfab077d07f16da7fae884901d5f12ad2	1	1	DYN	1	343	343	1.0	computed		1			
coreutils_du_clang_O1	coreutils	du_clang	O1	clang_train	clang_train/bins/coreutils_du_clang_O1.debug	clang_train/bins/coreutils_du_clang_O1	1	1	clang_train/bir/coreutils_du_clang_O1.bir	1774129	1	209	schemaA:functions=name->addr		324	128	100			127															1038d74de9330f8e64efe4468601bf435655e031	1038d74de9330f8e64efe4468601bf435655e031	1	1	DYN	1	212	212	0.96875	computed		1			
coreutils_du_clang_O2	coreutils	du_clang	O2	clang_train	clang_train/bins/coreutils_du_clang_O2.debug	clang_train/bins/coreutils_du_clang_O2	1	1	clang_train/bir/coreutils_du_clang_O2.bir	1631337	1	208	schemaA:functions=name->addr		318	122	100			121															f90d9fdbcfb75507b4721f081497d12cd2a2d471	f90d9fdbcfb75507b4721f081497d12cd2a2d471	1	1	DYN	1	211	211	0.9754098360655737	computed		1			
coreutils_du_clang_O3	coreutils	du_clang	O3	clang_train	clang_train/bins/coreutils_du_clang_O3.debug	clang_train/bins/coreutils_du_clang_O3	1	1	clang_train/bir/coreutils_du_clang_O3.bir	1757535	1	208	schemaA:functions=name->addr		319	123	100			122															95fa1b811265ad3207ca86c3bcc5410f66f8c334	95fa1b811265ad3207ca86c3bcc5410f66f8c334	1	1	DYN	1	211	211	0.967479674796748	computed		1			
coreutils_echo_clang_O0	coreutils	echo_clang	O0	clang_train	clang_train/bins/coreutils_echo_clang_O0.debug	clang_train/bins/coreutils_echo_clang_O0	1	1	clang_train/bir/coreutils_echo_clang_O0.bir	491141	1	108	schemaA:functions=name->addr		199	108	43			108															ff1d4ce8eca09cc9b499670be6682d135ea3b018	ff1d4ce8eca09cc9b499670be6682d135ea3b018	1	1	DYN	1	111	111	1.0	computed		1			
coreutils_echo_clang_O1	coreutils	echo_clang	O1	clang_train	clang_train/bins/coreutils_echo_clang_O1.debug	clang_train/bins/coreutils_echo_clang_O1	1	1	clang_train/bir/coreutils_echo_clang_O1.bir	176001	1	82	schemaA:functions=name->addr		115	27	41			26															59f6f43a1b1cb8eec568841912751027e6ba206f	59f6f43a1b1cb8eec568841912751027e6ba206f	1	1	DYN	1	85	85	1.0	computed		1			
coreutils_echo_clang_O2	coreutils	echo_clang	O2	clang_train	clang_train/bins/coreutils_echo_clang_O2.debug	clang_train/bins/coreutils_echo_clang_O2	1	1	clang_train/bir/coreutils_echo_clang_O2.bir	183417	1	82	schemaA:functions=name->addr		114	26	41			25															52c3e7466395ac688da1c70e6cdc9822d7a77ae4	52c3e7466395ac688da1c70e6cdc9822d7a77ae4	1	1	DYN	1	85	85	1.0	computed		1			
coreutils_echo_clang_O3	coreutils	echo_clang	O3	clang_train	clang_train/bins/coreutils_echo_clang_O3.debug	clang_train/bins/coreutils_echo_clang_O3	1	1	clang_train/bir/coreutils_echo_clang_O3.bir	195665	1	82	schemaA:functions=name->addr		114	26	41			25															5244845c4be77c494e2cce2c976d9d5acb29f4c9	5244845c4be77c494e2cce2c976d9d5acb29f4c9	1	1	DYN	1	85	85	1.0	computed		1			
coreutils_env_clang_O0	coreutils	env_clang	O0	clang_train	clang_train/bins/coreutils_env_clang_O0.debug	clang_train/bins/coreutils_env_clang_O0	1	1	clang_train/bir/coreutils_env_clang_O0.bir	688738	1	130	schemaA:functions=name->addr		263	130	64			130															02cec1dc865e748aff0b1e13a7e666bdd5ecb45a	02cec1dc865e748aff0b1e13a7e666bdd5ecb45a	1	1	DYN	1	133	133	1.0	computed		1			
coreutils_env_clang_O1	coreutils	env_clang	O1	clang_train	clang_train/bins/coreutils_env_clang_O1.debug	clang_train/bins/coreutils_env_clang_O1	1	1	clang_train/bir/coreutils_env_clang_O1.bir	281001	1	102	schemaA:functions=name->addr		172	40	63			39															1e4637cdd6afadab810f3f253fbdb4c478394988	1e4637cdd6afadab810f3f253fbdb4c478394988	1	1	DYN	1	105	105	0.975	computed		1			
coreutils_env_clang_O2	coreutils	env_clang	O2	clang_train	clang_train/bins/coreutils_env_clang_O2.debug	clang_train/bins/coreutils_env_clang_O2	1	1	clang_train/bir/coreutils_env_clang_O2.bir	298782	1	102	schemaA:functions=name->addr		171	39	63			38															7897543ea6649ad76b5e43a943d2d8683caf1c2b	7897543ea6649ad76b5e43a943d2d8683caf1c2b	1	1	DYN	1	105	105	0.9743589743589743	computed		1			
coreutils_env_clang_O3	coreutils	env_clang	O3	clang_train	clang_train/bins/coreutils_env_clang_O3.debug	clang_train/bins/coreutils_env_clang_O3	1	1	clang_train/bir/coreutils_env_clang_O3.bir	343812	1	87	schemaA:functions=name->addr		170	38	63			37															81794caaa47c155b4b337fb24e6942881c9b8e0f	81794caaa47c155b4b337fb24e6942881c9b8e0f	1	1	DYN	1	90	90	1.0	computed		1			
coreutils_expand_clang_O0	coreutils	expand_clang	O0	clang_train	clang_train/bins/coreutils_expand_clang_O0.debug	clang_train/bins/coreutils_expand_clang_O0	1	1	clang_train/bir/coreutils_expand_clang_O0.bir	609858	1	128	schemaA:functions=name->addr		237	128	52			128															63a10f1864e8bc2fa5d7385811bddc72c794764d	63a10f1864e8bc2fa5d7385811bddc72c794764d	1	1	DYN	1	131	131	1.0	computed		1			
coreutils_expand_clang_O1	coreutils	expand_clang	O1	clang_train	clang_train/bins/coreutils_expand_clang_O1.debug	clang_train/bins/coreutils_expand_clang_O1	1	1	clang_train/bir/coreutils_expand_clang_O1.bir	304051	1	93	schemaA:functions=name->addr		146	40	50			39															c52c4a4bfeee14202a138d8da38062927cf83a94	c52c4a4bfeee14202a138d8da38062927cf83a94	1	1	DYN	1	96	96	0.95	computed		1			
coreutils_expand_clang_O2	coreutils	expand_clang	O2	clang_train	clang_train/bins/coreutils_expand_clang_O2.debug	clang_train/bins/coreutils_expand_clang_O2	1	1	clang_train/bir/coreutils_expand_clang_O2.bir	317545	1	93	schemaA:functions=name->addr		145	39	50			38															799d2b3e73520c6011c9c815ed93617a0476c2bd	799d2b3e73520c6011c9c815ed93617a0476c2bd	1	1	DYN	1	96	96	0.9487179487179487	computed		1			
coreutils_expand_clang_O3	coreutils	expand_clang	O3	clang_train	clang_train/bins/coreutils_expand_clang_O3.debug	clang_train/bins/coreutils_expand_clang_O3	1	1	clang_train/bir/coreutils_expand_clang_O3.bir	333030	1	93	schemaA:functions=name->addr		145	39	50			38															603cccf0c701565762e6ace2ef5ba2cce23bbb42	603cccf0c701565762e6ace2ef5ba2cce23bbb42	1	1	DYN	1	96	96	0.9487179487179487	computed		1			
coreutils_expr_clang_O0	coreutils	expr_clang	O0	clang_train	clang_train/bins/coreutils_expr_clang_O0.debug	clang_train/bins/coreutils_expr_clang_O0	1	1	clang_train/bir/coreutils_expr_clang_O0.bir	789102	1	147	schemaA:functions=name->addr		264	147	56			147															a60791facaa8a6db6a8b3b466e57e0dd88b68f5a	a60791facaa8a6db6a8b3b466e57e0dd88b68f5a	1	1	DYN	1	150	150	1.0	computed		1			
coreutils_expr_clang_O1	coreutils	expr_clang	O1	clang_train	clang_train/bins/coreutils_expr_clang_O1.debug	clang_train/bins/coreutils_expr_clang_O1	1	1	clang_train/bir/coreutils_expr_clang_O1.bir	478818	1	93	schemaA:functions=name->addr		151	41	52			40															0bb58930819672c462d55dcd6c8f61bcd8462691	0bb58930819672c462d55dcd6c8f61bcd8462691	1	1	DYN	1	96	96	0.975609756097561	computed		1			
coreutils_expr_clang_O2	coreutils	expr_clang	O2	clang_train	clang_train/bins/coreutils_expr_clang_O2.debug	clang_train/bins/coreutils_expr_clang_O2	1	1	clang_train/bir/coreutils_expr_clang_O2.bir	494662	1	95	schemaA:functions=name->addr		151	41	52			40															e045e202338362d9e6df1134b4c0c6b3a29bd2d0	e045e202338362d9e6df1134b4c0c6b3a29bd2d0	1	1	DYN	1	98	98	0.975609756097561	computed		1			
coreutils_expr_clang_O3	coreutils	expr_clang	O3	clang_train	clang_train/bins/coreutils_expr_clang_O3.debug	clang_train/bins/coreutils_expr_clang_O3	1	1	clang_train/bir/coreutils_expr_clang_O3.bir	538390	1	92	schemaA:functions=name->addr		148	38	52			37															7fdb04369b53e3da382ec6f44fb7d4801a617552	7fdb04369b53e3da382ec6f44fb7d4801a617552	1	1	DYN	1	95	95	0.9736842105263158	computed		1			
coreutils_factor_clang_O0	coreutils	factor_clang	O0	clang_train	clang_train/bins/coreutils_factor_clang_O0.debug	clang_train/bins/coreutils_factor_clang_O0	1	1	clang_train/bir/coreutils_factor_clang_O0.bir	1124568	1	153	schemaA:functions=name->addr		308	153	75			153															f5b82b12140b37be36e27a503a549bc546022bf5	f5b82b12140b37be36e27a503a549bc546022bf5	1	1	DYN	1	156	156	1.0	computed		1			
coreutils_factor_clang_O1	coreutils	factor_clang	O1	clang_train	clang_train/bins/coreutils_factor_clang_O1.debug	clang_train/bins/coreutils_factor_clang_O1	1	1	clang_train/bir/coreutils_factor_clang_O1.bir	775470	1	108	schemaA:functions=name->addr		209	57	73			56															ea131a401f808bea9e60a6584d3993554a9d490b	ea131a401f808bea9e60a6584d3993554a9d490b	1	1	DYN	1	111	111	0.9824561403508771	computed		1			
coreutils_factor_clang_O2	coreutils	factor_clang	O2	clang_train	clang_train/bins/coreutils_factor_clang_O2.debug	clang_train/bins/coreutils_factor_clang_O2	1	1	clang_train/bir/coreutils_factor_clang_O2.bir	815335	1	107	schemaA:functions=name->addr		212	60	73			54															c571b4c6afd374c1a62ef724cb1921ad0d8cc8f5	c571b4c6afd374c1a62ef724cb1921ad0d8cc8f5	1	1	DYN	1	110	110	0.9833333333333333	computed		1			
coreutils_factor_clang_O3	coreutils	factor_clang	O3	clang_train	clang_train/bins/coreutils_factor_clang_O3.debug	clang_train/bins/coreutils_factor_clang_O3	1	1	clang_train/bir/coreutils_factor_clang_O3.bir	868132	1	104	schemaA:functions=name->addr		204	52	73			51															c6716fe49a654a9e8d95e22ac3d5dfc9b17bf121	c6716fe49a654a9e8d95e22ac3d5dfc9b17bf121	1	1	DYN	1	107	107	0.9807692307692307	computed		1			
coreutils_false_clang_O0	coreutils	false_clang	O0	clang_train	clang_train/bins/coreutils_false_clang_O0.debug	clang_train/bins/coreutils_false_clang_O0	1	1	clang_train/bir/coreutils_false_clang_O0.bir	455091	1	107	schemaA:functions=name->addr		192	107	40			107															004ceee886ddbc3c0019d41175bc017b9b6313a8	004ceee886ddbc3c0019d41175bc017b9b6313a8	1	1	DYN	1	110	110	1.0	computed		1			
coreutils_false_clang_O1	coreutils	false_clang	O1	clang_train	clang_train/bins/coreutils_false_clang_O1.debug	clang_train/bins/coreutils_false_clang_O1	1	1	clang_train/bir/coreutils_false_clang_O1.bir	173329	1	82	schemaA:functions=name->addr		109	27	38			26															e7f9b82c8d42200319f71d09719063b3e42882bd	e7f9b82c8d42200319f71d09719063b3e42882bd	1	1	DYN	1	85	85	1.0	computed		1			
coreutils_false_clang_O2	coreutils	false_clang	O2	clang_train	clang_train/bins/coreutils_false_clang_O2.debug	clang_train/bins/coreutils_false_clang_O2	1	1	clang_train/bir/coreutils_false_clang_O2.bir	180745	1	82	schemaA:functions=name->addr		108	26	38			25															e10d78917e34fda65ba78462f467cae1f3201a26	e10d78917e34fda65ba78462f467cae1f3201a26	1	1	DYN	1	85	85	1.0	computed		1			
coreutils_false_clang_O3	coreutils	false_clang	O3	clang_train	clang_train/bins/coreutils_false_clang_O3.debug	clang_train/bins/coreutils_false_clang_O3	1	1	clang_train/bir/coreutils_false_clang_O3.bir	192993	1	82	schemaA:functions=name->addr		108	26	38			25															13800c00587bad5ace563ccc4bd4f95b54966ff3	13800c00587bad5ace563ccc4bd4f95b54966ff3	1	1	DYN	1	85	85	1.0	computed		1			
coreutils_fmt	coreutils	fmt	default	local_main;wulver	data/raw/coreutils_fmt_sym	data/stripped/coreutils_fmt_stripped	1	1	data/bir/coreutils_fmt.bir	478451	1	104	schemaA:functions=name->addr		174	60	54	58	0		train	train	train	train	train	0		1	1	60	54	58	0	1	056bb4be52861476e5b7ec75e3ef4ba9ea5ded01	056bb4be52861476e5b7ec75e3ef4ba9ea5ded01	1	1	DYN	1	108	108	1.0	archive		1			
coreutils_fmt_O0	coreutils	fmt	O0	local_main;wulver	data/raw/coreutils_fmt_O0_sym	data/stripped/coreutils_fmt_O0_stripped	1	1	data/bir/coreutils_fmt_O0.bir	737044	1	131	schemaA:functions=name->addr		374	258	55	257	0		val	val	val	val	val	0		1	1	258	55	257	0	1	fe0851f08a88d901b3c8811c6ed389b3dc3555f5	fe0851f08a88d901b3c8811c6ed389b3dc3555f5	1	1	DYN	1	135	135	1.0	archive		1			
coreutils_fmt_O1	coreutils	fmt	O1	local_main;wulver	data/raw/coreutils_fmt_O1_sym	data/stripped/coreutils_fmt_O1_stripped	1	1	data/bir/coreutils_fmt_O1.bir	530818	1	95	schemaA:functions=name->addr		185	71	58	70	0		train	train	train	train	train	0		1	1	71	58	70	0	1	6c2e431bef1c0d80922882f2cc85e9587d3e869f	6c2e431bef1c0d80922882f2cc85e9587d3e869f	1	1	DYN	1	99	99	1.0	archive		1			
coreutils_fmt_O2	coreutils	fmt	O2	local_main;wulver	data/raw/coreutils_fmt_O2_sym	data/stripped/coreutils_fmt_O2_stripped	1	1	data/bir/coreutils_fmt_O2.bir	478451	1	104	schemaA:functions=name->addr		174	60	54	58	0		train	train	train	train	train	0		1	1	60	54	58	0	1	056bb4be52861476e5b7ec75e3ef4ba9ea5ded01	056bb4be52861476e5b7ec75e3ef4ba9ea5ded01	1	1	DYN	1	108	108	1.0	archive		1			
coreutils_fmt_O3	coreutils	fmt	O3	local_main;wulver	data/raw/coreutils_fmt_O3_sym	data/stripped/coreutils_fmt_O3_stripped	1	1	data/bir/coreutils_fmt_O3.bir	794865	1	107	schemaA:functions=name->addr		191	77	58	75	0		train	train	train	train	train	0		1	1	77	58	75	0	1	a65037ea6b08ca8ec4c32172b466cafec4c9f01a	a65037ea6b08ca8ec4c32172b466cafec4c9f01a	1	1	DYN	1	111	111	1.0	archive		1			
coreutils_fmt_clang_O0	coreutils	fmt_clang	O0	clang_train	clang_train/bins/coreutils_fmt_clang_O0.debug	clang_train/bins/coreutils_fmt_clang_O0	1	1	clang_train/bir/coreutils_fmt_clang_O0.bir	765665	1	136	schemaA:functions=name->addr		249	136	54			136															b32bcc8d78bccd54de4f114772a8584bddd6a65b	b32bcc8d78bccd54de4f114772a8584bddd6a65b	1	1	DYN	1	139	139	1.0	computed		1			
coreutils_fmt_clang_O1	coreutils	fmt_clang	O1	clang_train	clang_train/bins/coreutils_fmt_clang_O1.debug	clang_train/bins/coreutils_fmt_clang_O1	1	1	clang_train/bir/coreutils_fmt_clang_O1.bir	440669	1	94	schemaA:functions=name->addr		153	41	53			40															a4dab79913e3b1208e4b5c0f9bade2ee2d86b766	a4dab79913e3b1208e4b5c0f9bade2ee2d86b766	1	1	DYN	1	97	97	1.0	computed		1			
coreutils_fmt_clang_O2	coreutils	fmt_clang	O2	clang_train	clang_train/bins/coreutils_fmt_clang_O2.debug	clang_train/bins/coreutils_fmt_clang_O2	1	1	clang_train/bir/coreutils_fmt_clang_O2.bir	442644	1	94	schemaA:functions=name->addr		152	40	53			39															cae2ae1001e3722a0881124609de32d5da353c3b	cae2ae1001e3722a0881124609de32d5da353c3b	1	1	DYN	1	97	97	1.0	computed		1			
coreutils_fmt_clang_O3	coreutils	fmt_clang	O3	clang_train	clang_train/bins/coreutils_fmt_clang_O3.debug	clang_train/bins/coreutils_fmt_clang_O3	1	1	clang_train/bir/coreutils_fmt_clang_O3.bir	517763	1	92	schemaA:functions=name->addr		150	38	53			37															332d6a23bbd82422c9352667f5e2d12dccb93442	332d6a23bbd82422c9352667f5e2d12dccb93442	1	1	DYN	1	95	95	1.0	computed		1			
coreutils_fold_clang_O0	coreutils	fold_clang	O0	clang_train	clang_train/bins/coreutils_fold_clang_O0.debug	clang_train/bins/coreutils_fold_clang_O0	1	1	clang_train/bir/coreutils_fold_clang_O0.bir	595589	1	121	schemaA:functions=name->addr		234	121	54			121															e96f73df4802ac20317d5786fe9417f91bfa35a3	e96f73df4802ac20317d5786fe9417f91bfa35a3	1	1	DYN	1	124	124	1.0	computed		1			
coreutils_fold_clang_O1	coreutils	fold_clang	O1	clang_train	clang_train/bins/coreutils_fold_clang_O1.debug	clang_train/bins/coreutils_fold_clang_O1	1	1	clang_train/bir/coreutils_fold_clang_O1.bir	284145	1	88	schemaA:functions=name->addr		145	35	52			34															1df2694cead249c98d1d4e53b1d9c4d62000094c	1df2694cead249c98d1d4e53b1d9c4d62000094c	1	1	DYN	1	91	91	1.0	computed		1			
coreutils_fold_clang_O2	coreutils	fold_clang	O2	clang_train	clang_train/bins/coreutils_fold_clang_O2.debug	clang_train/bins/coreutils_fold_clang_O2	1	1	clang_train/bir/coreutils_fold_clang_O2.bir	288568	1	88	schemaA:functions=name->addr		144	34	52			33															9803936c4de47f6b07e1958fbc987b48141385b5	9803936c4de47f6b07e1958fbc987b48141385b5	1	1	DYN	1	91	91	1.0	computed		1			
coreutils_fold_clang_O3	coreutils	fold_clang	O3	clang_train	clang_train/bins/coreutils_fold_clang_O3.debug	clang_train/bins/coreutils_fold_clang_O3	1	1	clang_train/bir/coreutils_fold_clang_O3.bir	312868	1	88	schemaA:functions=name->addr		144	34	52			33															77be88ca6353a0acc7619c871df1f8878fbf5851	77be88ca6353a0acc7619c871df1f8878fbf5851	1	1	DYN	1	91	91	1.0	computed		1			
coreutils_getlimits_clang_O0	coreutils	getlimits_clang	O0	clang_train	clang_train/bins/coreutils_getlimits_clang_O0.debug	clang_train/bins/coreutils_getlimits_clang_O0	1	1	clang_train/bir/coreutils_getlimits_clang_O0.bir	596129	1	116	schemaA:functions=name->addr		218	116	49			116															94dbe6494c430c66cdce9021ae04d97f3f321976	94dbe6494c430c66cdce9021ae04d97f3f321976	1	1	DYN	1	119	119	1.0	computed		1			
coreutils_getlimits_clang_O1	coreutils	getlimits_clang	O1	clang_train	clang_train/bins/coreutils_getlimits_clang_O1.debug	clang_train/bins/coreutils_getlimits_clang_O1	1	1	clang_train/bir/coreutils_getlimits_clang_O1.bir	211817	1	86	schemaA:functions=name->addr		128	29	47			28															d7dea2c476634d7b064ba08262e4831354af4937	d7dea2c476634d7b064ba08262e4831354af4937	1	1	DYN	1	89	89	1.0	computed		1			
coreutils_getlimits_clang_O2	coreutils	getlimits_clang	O2	clang_train	clang_train/bins/coreutils_getlimits_clang_O2.debug	clang_train/bins/coreutils_getlimits_clang_O2	1	1	clang_train/bir/coreutils_getlimits_clang_O2.bir	216486	1	86	schemaA:functions=name->addr		126	27	47			26															86c48f1d9c38e7f7d3e92d11d9dffa9bb8616bb0	86c48f1d9c38e7f7d3e92d11d9dffa9bb8616bb0	1	1	DYN	1	89	89	1.0	computed		1			
coreutils_getlimits_clang_O3	coreutils	getlimits_clang	O3	clang_train	clang_train/bins/coreutils_getlimits_clang_O3.debug	clang_train/bins/coreutils_getlimits_clang_O3	1	1	clang_train/bir/coreutils_getlimits_clang_O3.bir	228734	1	86	schemaA:functions=name->addr		126	27	47			26															eec448d243950e0a4f4668d56d2798f7a76aefac	eec448d243950e0a4f4668d56d2798f7a76aefac	1	1	DYN	1	89	89	1.0	computed		1			
coreutils_ginstall_clang_O0	coreutils	ginstall_clang	O0	clang_train	clang_train/bins/coreutils_ginstall_clang_O0.debug	clang_train/bins/coreutils_ginstall_clang_O0	1	1	clang_train/bir/coreutils_ginstall_clang_O0.bir	3095001	1	404	schemaA:functions=name->addr		663	407	130			404															5224446b9ca71144f8f343a7cf21b7672e32e671	5224446b9ca71144f8f343a7cf21b7672e32e671	1	1	DYN	1	410	410	1.0	computed		1			
coreutils_ginstall_clang_O1	coreutils	ginstall_clang	O1	clang_train	clang_train/bins/coreutils_ginstall_clang_O1.debug	clang_train/bins/coreutils_ginstall_clang_O1	1	1	clang_train/bir/coreutils_ginstall_clang_O1.bir	1951648	1	246	schemaA:functions=name->addr		393	146	125			145															9c0be2c6eb08c82108ea0194fea8ae913b39eb2c	9c0be2c6eb08c82108ea0194fea8ae913b39eb2c	1	1	DYN	1	249	249	0.9931506849315068	computed		1			
coreutils_ginstall_clang_O2	coreutils	ginstall_clang	O2	clang_train	clang_train/bins/coreutils_ginstall_clang_O2.debug	clang_train/bins/coreutils_ginstall_clang_O2	1	1	clang_train/bir/coreutils_ginstall_clang_O2.bir	1897632	1	246	schemaA:functions=name->addr		390	143	125			142															eeaaeb7409fedcf92e078930e9d0473ef12b8aa1	eeaaeb7409fedcf92e078930e9d0473ef12b8aa1	1	1	DYN	1	249	249	0.993006993006993	computed		1			
coreutils_ginstall_clang_O3	coreutils	ginstall_clang	O3	clang_train	clang_train/bins/coreutils_ginstall_clang_O3.debug	clang_train/bins/coreutils_ginstall_clang_O3	1	1	clang_train/bir/coreutils_ginstall_clang_O3.bir	2092013	1	246	schemaA:functions=name->addr		392	145	125			144															a5260c8d56e78d8b638066b7daf117c116bf096e	a5260c8d56e78d8b638066b7daf117c116bf096e	1	1	DYN	1	249	249	0.993103448275862	computed		1			
coreutils_groups_clang_O0	coreutils	groups_clang	O0	clang_train	clang_train/bins/coreutils_groups_clang_O0.debug	clang_train/bins/coreutils_groups_clang_O0	1	1	clang_train/bir/coreutils_groups_clang_O0.bir	560422	1	115	schemaA:functions=name->addr		226	115	53			115															80fba7fe79055b808d6d0ee1d96f5d6c96314da0	80fba7fe79055b808d6d0ee1d96f5d6c96314da0	1	1	DYN	1	118	118	1.0	computed		1			
coreutils_groups_clang_O1	coreutils	groups_clang	O1	clang_train	clang_train/bins/coreutils_groups_clang_O1.debug	clang_train/bins/coreutils_groups_clang_O1	1	1	clang_train/bir/coreutils_groups_clang_O1.bir	247036	1	86	schemaA:functions=name->addr		133	31	48			30															7a6334ea31969e351b4914f51525c149604bbe5d	7a6334ea31969e351b4914f51525c149604bbe5d	1	1	DYN	1	89	89	0.967741935483871	computed		1			
coreutils_groups_clang_O2	coreutils	groups_clang	O2	clang_train	clang_train/bins/coreutils_groups_clang_O2.debug	clang_train/bins/coreutils_groups_clang_O2	1	1	clang_train/bir/coreutils_groups_clang_O2.bir	249129	1	86	schemaA:functions=name->addr		132	30	48			29															03cdad896f11c96d3077dc8f8118163fd84b5f3a	03cdad896f11c96d3077dc8f8118163fd84b5f3a	1	1	DYN	1	89	89	0.9666666666666667	computed		1			
coreutils_groups_clang_O3	coreutils	groups_clang	O3	clang_train	clang_train/bins/coreutils_groups_clang_O3.debug	clang_train/bins/coreutils_groups_clang_O3	1	1	clang_train/bir/coreutils_groups_clang_O3.bir	267024	1	86	schemaA:functions=name->addr		132	30	48			29															cfae5c87db61b20cedaa38df50a0f93357939451	cfae5c87db61b20cedaa38df50a0f93357939451	1	1	DYN	1	89	89	0.9666666666666667	computed		1			
coreutils_head	coreutils	head	default	local_main;wulver	data/raw/coreutils_head_sym	data/stripped/coreutils_head_stripped	1	1	data/bir/coreutils_head.bir	500356	1	105	schemaA:functions=name->addr		182	64	56	62	0		train	train	train	train	train	0		1	1	64	56	62	0	1	3d5ec51b007c93015823a0798c92dbb0783ae444	3d5ec51b007c93015823a0798c92dbb0783ae444	1	1	DYN	1	109	109	1.0	archive		1			
coreutils_head_O0	coreutils	head	O0	local_main;wulver	data/raw/coreutils_head_O0_sym	data/stripped/coreutils_head_O0_stripped	1	1	data/bir/coreutils_head_O0.bir	797725	1	135	schemaA:functions=name->addr		385	265	57	264	0		train	train	train	train	train	0		1	1	265	57	264	0	1	0f689ceeac4e347606176059c47d2809a6b56dbb	0f689ceeac4e347606176059c47d2809a6b56dbb	1	1	DYN	1	139	139	1.0	archive		1			
coreutils_head_O1	coreutils	head	O1	local_main;wulver	data/raw/coreutils_head_O1_sym	data/stripped/coreutils_head_O1_stripped	1	1	data/bir/coreutils_head_O1.bir	550119	1	93	schemaA:functions=name->addr		189	71	60	70	0		train	train	train	train	train	0		1	1	71	60	70	0	1	35e84e66e3fe5642861f6333102d8a655e69765f	35e84e66e3fe5642861f6333102d8a655e69765f	1	1	DYN	1	97	97	1.0	archive		1			
coreutils_head_O2	coreutils	head	O2	local_main;wulver	data/raw/coreutils_head_O2_sym	data/stripped/coreutils_head_O2_stripped	1	1	data/bir/coreutils_head_O2.bir	500356	1	105	schemaA:functions=name->addr		182	64	56	62	0		train	train	train	train	train	0		1	1	64	56	62	0	1	3d5ec51b007c93015823a0798c92dbb0783ae444	3d5ec51b007c93015823a0798c92dbb0783ae444	1	1	DYN	1	109	109	1.0	archive		1			
coreutils_head_O3	coreutils	head	O3	local_main;wulver	data/raw/coreutils_head_O3_sym	data/stripped/coreutils_head_O3_stripped	1	1	data/bir/coreutils_head_O3.bir	737546	1	110	schemaA:functions=name->addr		201	83	60	81	0		train	train	train	train	train	0		1	1	83	60	81	0	1	bfb224ef30d4a71da6b25b6e9bcab2d9664e22e1	bfb224ef30d4a71da6b25b6e9bcab2d9664e22e1	1	1	DYN	1	114	114	1.0	archive		1			
coreutils_head_clang_O0	coreutils	head_clang	O0	clang_train	clang_train/bins/coreutils_head_clang_O0.debug	clang_train/bins/coreutils_head_clang_O0	1	1	clang_train/bir/coreutils_head_clang_O0.bir	783278	1	139	schemaA:functions=name->addr		252	139	54			139															40fefc56048df017466a8952fa75fc31acc130a9	40fefc56048df017466a8952fa75fc31acc130a9	1	1	DYN	1	142	142	1.0	computed		1			
coreutils_head_clang_O1	coreutils	head_clang	O1	clang_train	clang_train/bins/coreutils_head_clang_O1.debug	clang_train/bins/coreutils_head_clang_O1	1	1	clang_train/bir/coreutils_head_clang_O1.bir	438145	1	91	schemaA:functions=name->addr		152	42	52			41															a9f001b3a3feb80cb0ea33f3a445773977ca792e	a9f001b3a3feb80cb0ea33f3a445773977ca792e	1	1	DYN	1	94	94	0.9523809523809523	computed		1			
coreutils_head_clang_O2	coreutils	head_clang	O2	clang_train	clang_train/bins/coreutils_head_clang_O2.debug	clang_train/bins/coreutils_head_clang_O2	1	1	clang_train/bir/coreutils_head_clang_O2.bir	432304	1	91	schemaA:functions=name->addr		151	41	52			40															f8f0a7d618d553941ad14f9f93649dc15f80fb4b	f8f0a7d618d553941ad14f9f93649dc15f80fb4b	1	1	DYN	1	94	94	0.9512195121951219	computed		1			
coreutils_head_clang_O3	coreutils	head_clang	O3	clang_train	clang_train/bins/coreutils_head_clang_O3.debug	clang_train/bins/coreutils_head_clang_O3	1	1	clang_train/bir/coreutils_head_clang_O3.bir	480645	1	91	schemaA:functions=name->addr		151	41	52			40															c885c46bb3f48bf4b914e240de62b1dc33a67343	c885c46bb3f48bf4b914e240de62b1dc33a67343	1	1	DYN	1	94	94	0.9512195121951219	computed		1			
coreutils_hostid_clang_O0	coreutils	hostid_clang	O0	clang_train	clang_train/bins/coreutils_hostid_clang_O0.debug	clang_train/bins/coreutils_hostid_clang_O0	1	1	clang_train/bir/coreutils_hostid_clang_O0.bir	475532	1	109	schemaA:functions=name->addr		198	109	42			109															bcd95ff04495b9e3a68c3a8216ff7bdbad1404f4	bcd95ff04495b9e3a68c3a8216ff7bdbad1404f4	1	1	DYN	1	112	112	1.0	computed		1			
coreutils_hostid_clang_O1	coreutils	hostid_clang	O1	clang_train	clang_train/bins/coreutils_hostid_clang_O1.debug	clang_train/bins/coreutils_hostid_clang_O1	1	1	clang_train/bir/coreutils_hostid_clang_O1.bir	185858	1	83	schemaA:functions=name->addr		114	28	40			27															937db5cc2ffdf62ce58eee322601620949e372c1	937db5cc2ffdf62ce58eee322601620949e372c1	1	1	DYN	1	86	86	1.0	computed		1			
coreutils_hostid_clang_O2	coreutils	hostid_clang	O2	clang_train	clang_train/bins/coreutils_hostid_clang_O2.debug	clang_train/bins/coreutils_hostid_clang_O2	1	1	clang_train/bir/coreutils_hostid_clang_O2.bir	191682	1	83	schemaA:functions=name->addr		112	26	40			25															a0c09b03901eaae79536b224fe5ed35158c964c6	a0c09b03901eaae79536b224fe5ed35158c964c6	1	1	DYN	1	86	86	1.0	computed		1			
coreutils_hostid_clang_O3	coreutils	hostid_clang	O3	clang_train	clang_train/bins/coreutils_hostid_clang_O3.debug	clang_train/bins/coreutils_hostid_clang_O3	1	1	clang_train/bir/coreutils_hostid_clang_O3.bir	203930	1	83	schemaA:functions=name->addr		112	26	40			25															a7e25c11508030befe98c1ca41a75d6760893dfd	a7e25c11508030befe98c1ca41a75d6760893dfd	1	1	DYN	1	86	86	1.0	computed		1			
coreutils_id_clang_O0	coreutils	id_clang	O0	clang_train	clang_train/bins/coreutils_id_clang_O0.debug	clang_train/bins/coreutils_id_clang_O0	1	1	clang_train/bir/coreutils_id_clang_O0.bir	763871	1	155	schemaA:functions=name->addr		281	156	60			155															a4d899c87c9dbe88f5af1305e74deffd12130983	a4d899c87c9dbe88f5af1305e74deffd12130983	1	1	DYN	1	159	159	1.0	computed		1			
coreutils_id_clang_O1	coreutils	id_clang	O1	clang_train	clang_train/bins/coreutils_id_clang_O1.debug	clang_train/bins/coreutils_id_clang_O1	1	1	clang_train/bir/coreutils_id_clang_O1.bir	345793	1	91	schemaA:functions=name->addr		156	38	56			37															4335f588386e6c411d18371208805192f9547b48	4335f588386e6c411d18371208805192f9547b48	1	1	DYN	1	94	94	0.9736842105263158	computed		1			
coreutils_id_clang_O2	coreutils	id_clang	O2	clang_train	clang_train/bins/coreutils_id_clang_O2.debug	clang_train/bins/coreutils_id_clang_O2	1	1	clang_train/bir/coreutils_id_clang_O2.bir	346164	1	91	schemaA:functions=name->addr		155	37	56			36															ac88bb33fbd19b2d08eb4c8de3415bce9d8fb6e5	ac88bb33fbd19b2d08eb4c8de3415bce9d8fb6e5	1	1	DYN	1	94	94	0.972972972972973	computed		1			
coreutils_id_clang_O3	coreutils	id_clang	O3	clang_train	clang_train/bins/coreutils_id_clang_O3.debug	clang_train/bins/coreutils_id_clang_O3	1	1	clang_train/bir/coreutils_id_clang_O3.bir	372651	1	91	schemaA:functions=name->addr		155	37	56			36															c4698ad2d330f36a20e0c350465b60a64b1ac234	c4698ad2d330f36a20e0c350465b60a64b1ac234	1	1	DYN	1	94	94	0.972972972972973	computed		1			
coreutils_join	coreutils	join	default	local_main;wulver	data/raw/coreutils_join_sym	data/stripped/coreutils_join_stripped	1	1	data/bir/coreutils_join.bir	561281	1	119	schemaA:functions=name->addr		202	76	60	74	0		test	test	test	test	test	0		1	1	76	60	74	0	1	e37b4b08ca272babd1c33dac0b6027ee32e6a363	e37b4b08ca272babd1c33dac0b6027ee32e6a363	1	1	DYN	1	123	123	1.0	archive	coreutils_join_O2:0.919	1			dup_group_keeper:coreutils_join_O2
coreutils_join_O0	coreutils	join	O0	local_main;wulver	data/raw/coreutils_join_O0_sym	data/stripped/coreutils_join_O0_stripped	1	1	data/bir/coreutils_join_O0.bir	870433	1	150	schemaA:functions=name->addr		430	300	62	295	0		val	val	val	val	val	0		1	1	300	62	295	0	1	364ff33db0decb558715e8ecbf95e51d3ce7ff85	364ff33db0decb558715e8ecbf95e51d3ce7ff85	1	1	DYN	1	156	156	1.0	archive		1			
coreutils_join_O1	coreutils	join	O1	local_main;wulver	data/raw/coreutils_join_O1_sym	data/stripped/coreutils_join_O1_stripped	1	1	data/bir/coreutils_join_O1.bir	608765	1	110	schemaA:functions=name->addr		210	84	64	82	0		train	train	train	train	train	0		1	1	84	64	82	0	1	831cdce0d08ef8297261ef7661359b399376ff85	831cdce0d08ef8297261ef7661359b399376ff85	1	1	DYN	1	115	115	1.0	archive		1			
coreutils_join_O2	coreutils	join	O2	local_main;wulver	data/raw/coreutils_join_O2_sym	data/stripped/coreutils_join_O2_stripped	1	1	data/bir/coreutils_join_O2.bir	561281	1	119	schemaA:functions=name->addr		202	76	60	74	0		test	test	test	test	test	0		1	1	76	60	74	0	1	e37b4b08ca272babd1c33dac0b6027ee32e6a363	e37b4b08ca272babd1c33dac0b6027ee32e6a363	1	1	DYN	1	123	123	1.0	archive	coreutils_join:0.919	0	duplicate_build_of:coreutils_join		
coreutils_join_O3	coreutils	join	O3	local_main;wulver	data/raw/coreutils_join_O3_sym	data/stripped/coreutils_join_O3_stripped	1	1	data/bir/coreutils_join_O3.bir	834184	1	126	schemaA:functions=name->addr		222	96	64	94	0		train	train	train	train	train	0		1	1	96	64	94	0	1	47b4c54819e1c309e6beb7110b720eacc42badbf	47b4c54819e1c309e6beb7110b720eacc42badbf	1	1	DYN	1	130	130	1.0	archive		1			
coreutils_join_clang_O0	coreutils	join_clang	O0	clang_train	clang_train/bins/coreutils_join_clang_O0.debug	clang_train/bins/coreutils_join_clang_O0	1	1	clang_train/bir/coreutils_join_clang_O0.bir	946640	1	170	schemaA:functions=name->addr		299	172	61			170															029347b1cfea9467b21d76cc43c951e991dc96af	029347b1cfea9467b21d76cc43c951e991dc96af	1	1	DYN	1	175	175	1.0	computed		1			
coreutils_join_clang_O1	coreutils	join_clang	O1	clang_train	clang_train/bins/coreutils_join_clang_O1.debug	clang_train/bins/coreutils_join_clang_O1	1	1	clang_train/bir/coreutils_join_clang_O1.bir	546406	1	106	schemaA:functions=name->addr		175	51	59			50															683a669a05a2f7510c4aec55c70cf479b45479ea	683a669a05a2f7510c4aec55c70cf479b45479ea	1	1	DYN	1	109	109	1.0	computed		1			
coreutils_join_clang_O2	coreutils	join_clang	O2	clang_train	clang_train/bins/coreutils_join_clang_O2.debug	clang_train/bins/coreutils_join_clang_O2	1	1	clang_train/bir/coreutils_join_clang_O2.bir	575074	1	106	schemaA:functions=name->addr		173	49	59			48															c84203b1416e1a649c59567268534e5c6eb31beb	c84203b1416e1a649c59567268534e5c6eb31beb	1	1	DYN	1	109	109	1.0	computed		1			
coreutils_join_clang_O3	coreutils	join_clang	O3	clang_train	clang_train/bins/coreutils_join_clang_O3.debug	clang_train/bins/coreutils_join_clang_O3	1	1	clang_train/bir/coreutils_join_clang_O3.bir	615867	1	106	schemaA:functions=name->addr		173	49	59			48															60df4ff1a1570eb53e43650dcc6ee96957aca6ab	60df4ff1a1570eb53e43650dcc6ee96957aca6ab	1	1	DYN	1	109	109	1.0	computed		1			
coreutils_kill_clang_O0	coreutils	kill_clang	O0	clang_train	clang_train/bins/coreutils_kill_clang_O0.debug	clang_train/bins/coreutils_kill_clang_O0	1	1	clang_train/bir/coreutils_kill_clang_O0.bir	556369	1	115	schemaA:functions=name->addr		224	115	52			115															0f18e9311f62f62ad4a0333d06a989aef1870b13	0f18e9311f62f62ad4a0333d06a989aef1870b13	1	1	DYN	1	118	118	1.0	computed		1			
coreutils_kill_clang_O1	coreutils	kill_clang	O1	clang_train	clang_train/bins/coreutils_kill_clang_O1.debug	clang_train/bins/coreutils_kill_clang_O1	1	1	clang_train/bir/coreutils_kill_clang_O1.bir	230575	1	84	schemaA:functions=name->addr		137	31	50			30															777559abc4fdd21ca0f3fb9baf7190bf452d6b6d	777559abc4fdd21ca0f3fb9baf7190bf452d6b6d	1	1	DYN	1	87	87	1.0	computed		1			
coreutils_kill_clang_O2	coreutils	kill_clang	O2	clang_train	clang_train/bins/coreutils_kill_clang_O2.debug	clang_train/bins/coreutils_kill_clang_O2	1	1	clang_train/bir/coreutils_kill_clang_O2.bir	266477	1	84	schemaA:functions=name->addr		136	30	50			29															580897a5872f3e664252b13e1880279717b6f832	580897a5872f3e664252b13e1880279717b6f832	1	1	DYN	1	87	87	1.0	computed		1			
coreutils_kill_clang_O3	coreutils	kill_clang	O3	clang_train	clang_train/bins/coreutils_kill_clang_O3.debug	clang_train/bins/coreutils_kill_clang_O3	1	1	clang_train/bir/coreutils_kill_clang_O3.bir	312308	1	84	schemaA:functions=name->addr		136	30	50			29															da692bb57fabaca04bff22c53961765c9a1162c5	da692bb57fabaca04bff22c53961765c9a1162c5	1	1	DYN	1	87	87	1.0	computed		1			
coreutils_link_clang_O0	coreutils	link_clang	O0	clang_train	clang_train/bins/coreutils_link_clang_O0.debug	clang_train/bins/coreutils_link_clang_O0	1	1	clang_train/bir/coreutils_link_clang_O0.bir	483281	1	109	schemaA:functions=name->addr		198	109	42			109															164a4c3e3fe951c55e8c68a491e84255b807d6d4	164a4c3e3fe951c55e8c68a491e84255b807d6d4	1	1	DYN	1	112	112	1.0	computed		1			
coreutils_link_clang_O1	coreutils	link_clang	O1	clang_train	clang_train/bins/coreutils_link_clang_O1.debug	clang_train/bins/coreutils_link_clang_O1	1	1	clang_train/bir/coreutils_link_clang_O1.bir	205641	1	83	schemaA:functions=name->addr		115	29	40			28															89dd5027a2a764633b85caad04eeb03993e1398b	89dd5027a2a764633b85caad04eeb03993e1398b	1	1	DYN	1	86	86	1.0	computed		1			
coreutils_link_clang_O2	coreutils	link_clang	O2	clang_train	clang_train/bins/coreutils_link_clang_O2.debug	clang_train/bins/coreutils_link_clang_O2	1	1	clang_train/bir/coreutils_link_clang_O2.bir	211465	1	83	schemaA:functions=name->addr		113	27	40			26															3b5110a886efd6017521d3ea9ca15016098ba4db	3b5110a886efd6017521d3ea9ca15016098ba4db	1	1	DYN	1	86	86	1.0	computed		1			
coreutils_link_clang_O3	coreutils	link_clang	O3	clang_train	clang_train/bins/coreutils_link_clang_O3.debug	clang_train/bins/coreutils_link_clang_O3	1	1	clang_train/bir/coreutils_link_clang_O3.bir	223713	1	83	schemaA:functions=name->addr		113	27	40			26															26c15580a6d55eaf4ebae888874a4121a11cfeb3	26c15580a6d55eaf4ebae888874a4121a11cfeb3	1	1	DYN	1	86	86	1.0	computed		1			
coreutils_ln_clang_O0	coreutils	ln_clang	O0	clang_train	clang_train/bins/coreutils_ln_clang_O0.debug	clang_train/bins/coreutils_ln_clang_O0	1	1	clang_train/bir/coreutils_ln_clang_O0.bir	1511785	1	232	schemaA:functions=name->addr		394	235	81			232															c7c5f357982d5bef077954ffcb1b706ac42b463b	c7c5f357982d5bef077954ffcb1b706ac42b463b	1	1	DYN	1	238	238	1.0	computed		1			
coreutils_ln_clang_O1	coreutils	ln_clang	O1	clang_train	clang_train/bins/coreutils_ln_clang_O1.debug	clang_train/bins/coreutils_ln_clang_O1	1	1	clang_train/bir/coreutils_ln_clang_O1.bir	945800	1	161	schemaA:functions=name->addr		236	78	80			77															388f0890ccc8b684a16051ecb6b4d90ea2d3b3b8	388f0890ccc8b684a16051ecb6b4d90ea2d3b3b8	1	1	DYN	1	164	164	0.9871794871794872	computed		1			
coreutils_ln_clang_O2	coreutils	ln_clang	O2	clang_train	clang_train/bins/coreutils_ln_clang_O2.debug	clang_train/bins/coreutils_ln_clang_O2	1	1	clang_train/bir/coreutils_ln_clang_O2.bir	937481	1	161	schemaA:functions=name->addr		232	74	80			73															63a5161d34a65eaf3f04b4d80dd08e0f0810d1ba	63a5161d34a65eaf3f04b4d80dd08e0f0810d1ba	1	1	DYN	1	164	164	0.9864864864864865	computed		1			
coreutils_ln_clang_O3	coreutils	ln_clang	O3	clang_train	clang_train/bins/coreutils_ln_clang_O3.debug	clang_train/bins/coreutils_ln_clang_O3	1	1	clang_train/bir/coreutils_ln_clang_O3.bir	986090	1	161	schemaA:functions=name->addr		234	76	80			75															437ed4cec0e0d72faa3542a2b7a884d4de4585e5	437ed4cec0e0d72faa3542a2b7a884d4de4585e5	1	1	DYN	1	164	164	0.9868421052631579	computed		1			
coreutils_logname_clang_O0	coreutils	logname_clang	O0	clang_train	clang_train/bins/coreutils_logname_clang_O0.debug	clang_train/bins/coreutils_logname_clang_O0	1	1	clang_train/bir/coreutils_logname_clang_O0.bir	476554	1	109	schemaA:functions=name->addr		200	109	43			109															50ea701ea38c66352e4f70df7be54a16f2d9bba1	50ea701ea38c66352e4f70df7be54a16f2d9bba1	1	1	DYN	1	112	112	1.0	computed		1			
coreutils_logname_clang_O1	coreutils	logname_clang	O1	clang_train	clang_train/bins/coreutils_logname_clang_O1.debug	clang_train/bins/coreutils_logname_clang_O1	1	1	clang_train/bir/coreutils_logname_clang_O1.bir	187071	1	83	schemaA:functions=name->addr		116	28	41			27															4941c73230a7cade29720a350fda159237ea161b	4941c73230a7cade29720a350fda159237ea161b	1	1	DYN	1	86	86	1.0	computed		1			
coreutils_logname_clang_O2	coreutils	logname_clang	O2	clang_train	clang_train/bins/coreutils_logname_clang_O2.debug	clang_train/bins/coreutils_logname_clang_O2	1	1	clang_train/bir/coreutils_logname_clang_O2.bir	192895	1	83	schemaA:functions=name->addr		114	26	41			25															35522a30f8c711c1cfb4027ad9223196bd3f4fc3	35522a30f8c711c1cfb4027ad9223196bd3f4fc3	1	1	DYN	1	86	86	1.0	computed		1			
coreutils_logname_clang_O3	coreutils	logname_clang	O3	clang_train	clang_train/bins/coreutils_logname_clang_O3.debug	clang_train/bins/coreutils_logname_clang_O3	1	1	clang_train/bir/coreutils_logname_clang_O3.bir	205143	1	83	schemaA:functions=name->addr		114	26	41			25															f1ec7c1affaefa609f8527b2eae2d80a36ebb6d5	f1ec7c1affaefa609f8527b2eae2d80a36ebb6d5	1	1	DYN	1	86	86	1.0	computed		1			
coreutils_ls	coreutils	ls	default	local_main;wulver	data/raw/coreutils_ls_sym	data/stripped/coreutils_ls_stripped	1	1	data/bir/coreutils_ls.bir	2087488	1	311	schemaA:functions=name->addr		409	188	117	186	0		train	train	train	train	train	0		1	1	188	117	186	0	1	5a85b79c5364821d39f1ed6b70a31bf505331c78	5a85b79c5364821d39f1ed6b70a31bf505331c78	1	1	DYN	1	315	315	1.0	archive		1			
coreutils_ls_O0	coreutils	ls	O0	local_main;wulver	data/raw/coreutils_ls_O0_sym	data/stripped/coreutils_ls_O0_stripped	1	1	data/bir/coreutils_ls_O0.bir	2956487	1	481	schemaA:functions=name->addr		1172	943	121	939	0		test	test	test	test	test	0		1	1	943	121	939	0	1	f4e98c36bacadeb5cecad1841a509d0e7efd60da	f4e98c36bacadeb5cecad1841a509d0e7efd60da	1	1	DYN	1	488	488	1.0	archive		1			
coreutils_ls_O1	coreutils	ls	O1	local_main;wulver	data/raw/coreutils_ls_O1_sym	data/stripped/coreutils_ls_O1_stripped	1	1	data/bir/coreutils_ls_O1.bir	2010681	1	320	schemaA:functions=name->addr		429	208	127	207	0		train	train	train	train	train	0		1	1	208	127	207	0	1	7b2eecede5e97574919fa4e67276026654cfa9b6	7b2eecede5e97574919fa4e67276026654cfa9b6	1	1	DYN	1	324	324	0.9903846153846154	archive		1			
coreutils_ls_O2	coreutils	ls	O2	local_main;wulver	data/raw/coreutils_ls_O2_sym	data/stripped/coreutils_ls_O2_stripped	1	1	data/bir/coreutils_ls_O2.bir	2087488	1	311	schemaA:functions=name->addr		409	188	117	186	0		train	train	train	train	train	0		1	1	188	117	186	0	1	5a85b79c5364821d39f1ed6b70a31bf505331c78	5a85b79c5364821d39f1ed6b70a31bf505331c78	1	1	DYN	1	315	315	1.0	archive		1			
coreutils_ls_O3	coreutils	ls	O3	local_main;wulver	data/raw/coreutils_ls_O3_sym	data/stripped/coreutils_ls_O3_stripped	1	1	data/bir/coreutils_ls_O3.bir	2671688	1	307	schemaA:functions=name->addr		428	206	127	204	0		train	train	train	train	train	0		1	1	206	127	204	0	1	a428fd86b333e78fa5134d53848666c7aa6c3cef	a428fd86b333e78fa5134d53848666c7aa6c3cef	1	1	DYN	1	311	311	1.0	archive		1			
coreutils_ls_clang_O0	coreutils	ls_clang	O0	clang_train	clang_train/bins/coreutils_ls_clang_O0.debug	clang_train/bins/coreutils_ls_clang_O0	1	1	clang_train/bir/coreutils_ls_clang_O0.bir	2930319	1	486	schemaA:functions=name->addr		695	489	107			486															a034f887ebf34a852da968c4e74a86294644754f	a034f887ebf34a852da968c4e74a86294644754f	1	1	DYN	1	492	492	1.0	computed		1			
coreutils_ls_clang_O1	coreutils	ls_clang	O1	clang_train	clang_train/bins/coreutils_ls_clang_O1.debug	clang_train/bins/coreutils_ls_clang_O1	1	1	clang_train/bir/coreutils_ls_clang_O1.bir	1788393	1	282	schemaA:functions=name->addr		328	131	101			130															8c949b29f7d0c3b62712cbe41eacad66aa2e4427	8c949b29f7d0c3b62712cbe41eacad66aa2e4427	1	1	DYN	1	285	285	0.9694656488549618	computed		1			
coreutils_ls_clang_O2	coreutils	ls_clang	O2	clang_train	clang_train/bins/coreutils_ls_clang_O2.debug	clang_train/bins/coreutils_ls_clang_O2	1	1	clang_train/bir/coreutils_ls_clang_O2.bir	1804797	1	282	schemaA:functions=name->addr		317	120	101			119															1057e7962522769e77977b7ec9284aaa553cc254	1057e7962522769e77977b7ec9284aaa553cc254	1	1	DYN	1	285	285	0.9666666666666667	computed		1			
coreutils_ls_clang_O3	coreutils	ls_clang	O3	clang_train	clang_train/bins/coreutils_ls_clang_O3.debug	clang_train/bins/coreutils_ls_clang_O3	1	1	clang_train/bir/coreutils_ls_clang_O3.bir	1966732	1	282	schemaA:functions=name->addr		318	121	101			120															531f35309d171865f036243dbf72d5e935ac078e	531f35309d171865f036243dbf72d5e935ac078e	1	1	DYN	1	285	285	0.9669421487603306	computed		1			
coreutils_make-prime-list_clang_O0	coreutils	make-prime-list_clang	O0	clang_train	clang_train/bins/coreutils_make-prime-list_clang_O0.debug	clang_train/bins/coreutils_make-prime-list_clang_O0	1	1	clang_train/bir/coreutils_make-prime-list_clang_O0.bir	79836	1	6	schemaA:functions=name->addr		42	6	16			6															20b3623285a0a03e2fe374749d63763adae00321	20b3623285a0a03e2fe374749d63763adae00321	1	1	DYN	1	9	9	1.0	computed		1			
coreutils_make-prime-list_clang_O1	coreutils	make-prime-list_clang	O1	clang_train	clang_train/bins/coreutils_make-prime-list_clang_O1.debug	clang_train/bins/coreutils_make-prime-list_clang_O1	1	1	clang_train/bir/coreutils_make-prime-list_clang_O1.bir	19877	1	2	schemaA:functions=name->addr		36	2	15			1															e724f9bd5f4bb88d5f5b6cc694c351c0106b0b62	e724f9bd5f4bb88d5f5b6cc694c351c0106b0b62	1	1	DYN	1	5	5	1.0	computed		1			
coreutils_make-prime-list_clang_O2	coreutils	make-prime-list_clang	O2	clang_train	clang_train/bins/coreutils_make-prime-list_clang_O2.debug	clang_train/bins/coreutils_make-prime-list_clang_O2	1	1	clang_train/bir/coreutils_make-prime-list_clang_O2.bir	19679	1	2	schemaA:functions=name->addr		36	2	15			1															6970757f562033cee746770e0d2d830614a7bbf7	6970757f562033cee746770e0d2d830614a7bbf7	1	1	DYN	1	5	5	1.0	computed		1			
coreutils_make-prime-list_clang_O3	coreutils	make-prime-list_clang	O3	clang_train	clang_train/bins/coreutils_make-prime-list_clang_O3.debug	clang_train/bins/coreutils_make-prime-list_clang_O3	1	1	clang_train/bir/coreutils_make-prime-list_clang_O3.bir	19679	1	2	schemaA:functions=name->addr		36	2	15			1															1d5b1edd73800ad67302107c7063ee82509784ac	1d5b1edd73800ad67302107c7063ee82509784ac	1	1	DYN	1	5	5	1.0	computed		1			
coreutils_md5sum	coreutils	md5sum	default	local_main;wulver	data/raw/coreutils_md5sum_sym	data/stripped/coreutils_md5sum_stripped	1	1	data/bir/coreutils_md5sum.bir	427314	1	104	schemaA:functions=name->addr		182	52	62	50	0		train	train	train	train	train	0		1	1	52	62	50	0	1	2859d52573b5a177379746cf2c4bafc9c7e725af	2859d52573b5a177379746cf2c4bafc9c7e725af	1	1	DYN	1	108	108	1.0	archive		1			
coreutils_md5sum_clang_O0	coreutils	md5sum_clang	O0	clang_train	clang_train/bins/coreutils_md5sum_clang_O0.debug	clang_train/bins/coreutils_md5sum_clang_O0	1	1	clang_train/bir/coreutils_md5sum_clang_O0.bir	768647	1	138	schemaA:functions=name->addr		259	138	58			138															766878357b47a89f750e5468f9bc7969ef45efc4	766878357b47a89f750e5468f9bc7969ef45efc4	1	1	DYN	1	141	141	1.0	computed		1			
coreutils_md5sum_clang_O1	coreutils	md5sum_clang	O1	clang_train	clang_train/bins/coreutils_md5sum_clang_O1.debug	clang_train/bins/coreutils_md5sum_clang_O1	1	1	clang_train/bir/coreutils_md5sum_clang_O1.bir	419046	1	96	schemaA:functions=name->addr		151	35	55			34															2972c1247f6e7c33cb6884a741101d7cd953dab8	2972c1247f6e7c33cb6884a741101d7cd953dab8	1	1	DYN	1	99	99	1.0	computed		1			
coreutils_md5sum_clang_O2	coreutils	md5sum_clang	O2	clang_train	clang_train/bins/coreutils_md5sum_clang_O2.debug	clang_train/bins/coreutils_md5sum_clang_O2	1	1	clang_train/bir/coreutils_md5sum_clang_O2.bir	411573	1	96	schemaA:functions=name->addr		149	33	55			32															322ccc26113de591139b2359796a0258b5d8e613	322ccc26113de591139b2359796a0258b5d8e613	1	1	DYN	1	99	99	1.0	computed		1			
coreutils_md5sum_clang_O3	coreutils	md5sum_clang	O3	clang_train	clang_train/bins/coreutils_md5sum_clang_O3.debug	clang_train/bins/coreutils_md5sum_clang_O3	1	1	clang_train/bir/coreutils_md5sum_clang_O3.bir	426895	1	96	schemaA:functions=name->addr		149	33	55			32															2d09bbf1629a577ecad0a1be071b800c5dbc50f8	2d09bbf1629a577ecad0a1be071b800c5dbc50f8	1	1	DYN	1	99	99	1.0	computed		1			
coreutils_mkdir_clang_O0	coreutils	mkdir_clang	O0	clang_train	clang_train/bins/coreutils_mkdir_clang_O0.debug	clang_train/bins/coreutils_mkdir_clang_O0	1	1	clang_train/bir/coreutils_mkdir_clang_O0.bir	1097351	1	178	schemaA:functions=name->addr		309	178	63			178															98d6f10543a3f3ccd34127e8eae04fef21f11a07	98d6f10543a3f3ccd34127e8eae04fef21f11a07	1	1	DYN	1	181	181	1.0	computed		1			
coreutils_mkdir_clang_O1	coreutils	mkdir_clang	O1	clang_train	clang_train/bins/coreutils_mkdir_clang_O1.debug	clang_train/bins/coreutils_mkdir_clang_O1	1	1	clang_train/bir/coreutils_mkdir_clang_O1.bir	551300	1	106	schemaA:functions=name->addr		174	48	60			47															650863248e7294e2252e659f99d6cf8dfa994603	650863248e7294e2252e659f99d6cf8dfa994603	1	1	DYN	1	109	109	1.0	computed		1			
coreutils_mkdir_clang_O2	coreutils	mkdir_clang	O2	clang_train	clang_train/bins/coreutils_mkdir_clang_O2.debug	clang_train/bins/coreutils_mkdir_clang_O2	1	1	clang_train/bir/coreutils_mkdir_clang_O2.bir	524151	1	106	schemaA:functions=name->addr		172	46	60			45															ad79591b508f7af76a1f679aa88d79c7840d7206	ad79591b508f7af76a1f679aa88d79c7840d7206	1	1	DYN	1	109	109	1.0	computed		1			
coreutils_mkdir_clang_O3	coreutils	mkdir_clang	O3	clang_train	clang_train/bins/coreutils_mkdir_clang_O3.debug	clang_train/bins/coreutils_mkdir_clang_O3	1	1	clang_train/bir/coreutils_mkdir_clang_O3.bir	542708	1	106	schemaA:functions=name->addr		172	46	60			45															ebbdb1a5ea574b99a79c989c56e91f2834fbb891	ebbdb1a5ea574b99a79c989c56e91f2834fbb891	1	1	DYN	1	109	109	1.0	computed		1			
coreutils_mkfifo_clang_O0	coreutils	mkfifo_clang	O0	clang_train	clang_train/bins/coreutils_mkfifo_clang_O0.debug	clang_train/bins/coreutils_mkfifo_clang_O0	1	1	clang_train/bir/coreutils_mkfifo_clang_O0.bir	589434	1	144	schemaA:functions=name->addr		239	144	45			144															e1821074d99f298add8a05fc65054a561b8f760e	e1821074d99f298add8a05fc65054a561b8f760e	1	1	DYN	1	147	147	1.0	computed		1			
coreutils_mkfifo_clang_O1	coreutils	mkfifo_clang	O1	clang_train	clang_train/bins/coreutils_mkfifo_clang_O1.debug	clang_train/bins/coreutils_mkfifo_clang_O1	1	1	clang_train/bir/coreutils_mkfifo_clang_O1.bir	255763	1	84	schemaA:functions=name->addr		123	31	43			30															8c3b15fc0d6edfe96661f473f022d378f85d4b2a	8c3b15fc0d6edfe96661f473f022d378f85d4b2a	1	1	DYN	1	87	87	1.0	computed		1			
coreutils_mkfifo_clang_O2	coreutils	mkfifo_clang	O2	clang_train	clang_train/bins/coreutils_mkfifo_clang_O2.debug	clang_train/bins/coreutils_mkfifo_clang_O2	1	1	clang_train/bir/coreutils_mkfifo_clang_O2.bir	258644	1	84	schemaA:functions=name->addr		122	30	43			29															06f45996f5ab74dfd462148bb9d7e4126b7a5c5d	06f45996f5ab74dfd462148bb9d7e4126b7a5c5d	1	1	DYN	1	87	87	1.0	computed		1			
coreutils_mkfifo_clang_O3	coreutils	mkfifo_clang	O3	clang_train	clang_train/bins/coreutils_mkfifo_clang_O3.debug	clang_train/bins/coreutils_mkfifo_clang_O3	1	1	clang_train/bir/coreutils_mkfifo_clang_O3.bir	273785	1	84	schemaA:functions=name->addr		122	30	43			29															4a5cf7fac56dc404cd82d4090e2c2f57b9adbf95	4a5cf7fac56dc404cd82d4090e2c2f57b9adbf95	1	1	DYN	1	87	87	1.0	computed		1			
coreutils_mknod_clang_O0	coreutils	mknod_clang	O0	clang_train	clang_train/bins/coreutils_mknod_clang_O0.debug	clang_train/bins/coreutils_mknod_clang_O0	1	1	clang_train/bir/coreutils_mknod_clang_O0.bir	643359	1	147	schemaA:functions=name->addr		252	147	50			147															fb4ee02ddc816d68ab16ae0dc7ebf0666d37254c	fb4ee02ddc816d68ab16ae0dc7ebf0666d37254c	1	1	DYN	1	150	150	1.0	computed		1			
coreutils_mknod_clang_O1	coreutils	mknod_clang	O1	clang_train	clang_train/bins/coreutils_mknod_clang_O1.debug	clang_train/bins/coreutils_mknod_clang_O1	1	1	clang_train/bir/coreutils_mknod_clang_O1.bir	299823	1	85	schemaA:functions=name->addr		134	34	47			33															f7f4ee85f40bc28fb669678d391753f8f4200c8c	f7f4ee85f40bc28fb669678d391753f8f4200c8c	1	1	DYN	1	88	88	1.0	computed		1			
coreutils_mknod_clang_O2	coreutils	mknod_clang	O2	clang_train	clang_train/bins/coreutils_mknod_clang_O2.debug	clang_train/bins/coreutils_mknod_clang_O2	1	1	clang_train/bir/coreutils_mknod_clang_O2.bir	298978	1	85	schemaA:functions=name->addr		133	33	47			32															6324a12031e0fccb85883c42418fd4e877364f68	6324a12031e0fccb85883c42418fd4e877364f68	1	1	DYN	1	88	88	1.0	computed		1			
coreutils_mknod_clang_O3	coreutils	mknod_clang	O3	clang_train	clang_train/bins/coreutils_mknod_clang_O3.debug	clang_train/bins/coreutils_mknod_clang_O3	1	1	clang_train/bir/coreutils_mknod_clang_O3.bir	315230	1	85	schemaA:functions=name->addr		133	33	47			32															ac3513664d44e2c7c8cb10c86d672024ea96aaa1	ac3513664d44e2c7c8cb10c86d672024ea96aaa1	1	1	DYN	1	88	88	1.0	computed		1			
coreutils_mktemp_clang_O0	coreutils	mktemp_clang	O0	clang_train	clang_train/bins/coreutils_mktemp_clang_O0.debug	clang_train/bins/coreutils_mktemp_clang_O0	1	1	clang_train/bir/coreutils_mktemp_clang_O0.bir	580109	1	124	schemaA:functions=name->addr		235	124	53			124															4a2fe33726c2cd053e84dfea12e4ca1b2d0b50e4	4a2fe33726c2cd053e84dfea12e4ca1b2d0b50e4	1	1	DYN	1	127	127	1.0	computed		1			
coreutils_mktemp_clang_O1	coreutils	mktemp_clang	O1	clang_train	clang_train/bins/coreutils_mktemp_clang_O1.debug	clang_train/bins/coreutils_mktemp_clang_O1	1	1	clang_train/bir/coreutils_mktemp_clang_O1.bir	264804	1	93	schemaA:functions=name->addr		141	35	50			34															2ff0474d274be559277bfcdbf07e53072a5da3f5	2ff0474d274be559277bfcdbf07e53072a5da3f5	1	1	DYN	1	96	96	1.0	computed		1			
coreutils_mktemp_clang_O2	coreutils	mktemp_clang	O2	clang_train	clang_train/bins/coreutils_mktemp_clang_O2.debug	clang_train/bins/coreutils_mktemp_clang_O2	1	1	clang_train/bir/coreutils_mktemp_clang_O2.bir	272116	1	93	schemaA:functions=name->addr		139	33	50			32															bfc5edec86e21c99733b35e71c30ba0d18193714	bfc5edec86e21c99733b35e71c30ba0d18193714	1	1	DYN	1	96	96	1.0	computed		1			
coreutils_mktemp_clang_O3	coreutils	mktemp_clang	O3	clang_train	clang_train/bins/coreutils_mktemp_clang_O3.debug	clang_train/bins/coreutils_mktemp_clang_O3	1	1	clang_train/bir/coreutils_mktemp_clang_O3.bir	286293	1	93	schemaA:functions=name->addr		139	33	50			32															10bec5e7ab56f83147c81547cc375d91b07d3b60	10bec5e7ab56f83147c81547cc375d91b07d3b60	1	1	DYN	1	96	96	1.0	computed		1			
coreutils_mv	coreutils	mv	default	local_main;wulver	data/raw/coreutils_mv_sym	data/stripped/coreutils_mv_stripped	1	1	data/bir/coreutils_mv.bir	2071304	1	275	schemaA:functions=name->addr		420	196	112	193	0		test	test	test	test	test	0		1	1	196	112	193	0	1	23f67c42ea95d9905eceaeccebcfe21b024d5adb	23f67c42ea95d9905eceaeccebcfe21b024d5adb	1	1	DYN	1	279	279	0.9948979591836735	archive		1			
coreutils_mv_O0	coreutils	mv	O0	local_main;wulver	data/raw/coreutils_mv_O0_sym	data/stripped/coreutils_mv_O0_stripped	1	1	data/bir/coreutils_mv_O0.bir	2799375	1	391	schemaA:functions=name->addr		992	765	114	763	0		train	train	train	train	train	0		1	1	765	114	763	0	1	db76db0878efcf83a401c3c954bf896b109817a4	db76db0878efcf83a401c3c954bf896b109817a4	1	1	DYN	1	396	396	1.0	archive		1			
coreutils_mv_O1	coreutils	mv	O1	local_main;wulver	data/raw/coreutils_mv_O1_sym	data/stripped/coreutils_mv_O1_stripped	1	1	data/bir/coreutils_mv_O1.bir	2020448	1	260	schemaA:functions=name->addr		421	198	122	197	0		train	train	train	train	train	0		1	1	198	122	197	0	1	6f9b0331135ff4191620c26bd27ce948c6becd00	6f9b0331135ff4191620c26bd27ce948c6becd00	1	1	DYN	1	264	264	0.9949494949494949	archive		1			
coreutils_mv_O2	coreutils	mv	O2	local_main;wulver	data/raw/coreutils_mv_O2_sym	data/stripped/coreutils_mv_O2_stripped	1	1	data/bir/coreutils_mv_O2.bir	2071304	1	275	schemaA:functions=name->addr		420	196	112	192	0		train	train	train	train	train	0		1	1	196	112	192	0	1	23f67c42ea95d9905eceaeccebcfe21b024d5adb	23f67c42ea95d9905eceaeccebcfe21b024d5adb	1	1	DYN	1	279	279	0.9948979591836735	archive		1			
coreutils_mv_O3	coreutils	mv	O3	local_main;wulver	data/raw/coreutils_mv_O3_sym	data/stripped/coreutils_mv_O3_stripped	1	1	data/bir/coreutils_mv_O3.bir	2532193	1	274	schemaA:functions=name->addr		432	208	122	204	0		train	train	train	train	train	0		1	1	208	122	204	0	1	2aec5f0eb69c8035848d0a15e246bd1f66420f64	2aec5f0eb69c8035848d0a15e246bd1f66420f64	1	1	DYN	1	278	278	0.9951923076923077	archive		1			
coreutils_mv_clang_O0	coreutils	mv_clang	O0	clang_train	clang_train/bins/coreutils_mv_clang_O0.debug	clang_train/bins/coreutils_mv_clang_O0	1	1	clang_train/bir/coreutils_mv_clang_O0.bir	2975768	1	422	schemaA:functions=name->addr		647	423	114			422															bf524b39e02724ffa840f22d95b8d26e0d7d60dd	bf524b39e02724ffa840f22d95b8d26e0d7d60dd	1	1	DYN	1	426	426	1.0	computed		1			
coreutils_mv_clang_O1	coreutils	mv_clang	O1	clang_train	clang_train/bins/coreutils_mv_clang_O1.debug	clang_train/bins/coreutils_mv_clang_O1	1	1	clang_train/bir/coreutils_mv_clang_O1.bir	1939516	1	262	schemaA:functions=name->addr		380	161	111			160															91f4d76dbfb0bedde50298bc5394f868b25b0aac	91f4d76dbfb0bedde50298bc5394f868b25b0aac	1	1	DYN	1	265	265	0.9813664596273292	computed		1			
coreutils_mv_clang_O2	coreutils	mv_clang	O2	clang_train	clang_train/bins/coreutils_mv_clang_O2.debug	clang_train/bins/coreutils_mv_clang_O2	1	1	clang_train/bir/coreutils_mv_clang_O2.bir	1918981	1	261	schemaA:functions=name->addr		375	156	111			155															cf2b9dff52144b7776aad0aa689e98515a5698a9	cf2b9dff52144b7776aad0aa689e98515a5698a9	1	1	DYN	1	264	264	0.9807692307692307	computed		1			
coreutils_mv_clang_O3	coreutils	mv_clang	O3	clang_train	clang_train/bins/coreutils_mv_clang_O3.debug	clang_train/bins/coreutils_mv_clang_O3	1	1	clang_train/bir/coreutils_mv_clang_O3.bir	2105576	1	261	schemaA:functions=name->addr		377	158	111			157															9dbc52ac1a6b7948b57ada802da95e20fb5aa862	9dbc52ac1a6b7948b57ada802da95e20fb5aa862	1	1	DYN	1	264	264	0.9810126582278481	computed		1			
coreutils_nice_clang_O0	coreutils	nice_clang	O0	clang_train	clang_train/bins/coreutils_nice_clang_O0.debug	clang_train/bins/coreutils_nice_clang_O0	1	1	clang_train/bir/coreutils_nice_clang_O0.bir	528902	1	114	schemaA:functions=name->addr		213	114	47			114															df5febdef285e8efceaae466c2f05ba9f3d14440	df5febdef285e8efceaae466c2f05ba9f3d14440	1	1	DYN	1	117	117	1.0	computed		1			
coreutils_nice_clang_O1	coreutils	nice_clang	O1	clang_train	clang_train/bins/coreutils_nice_clang_O1.debug	clang_train/bins/coreutils_nice_clang_O1	1	1	clang_train/bir/coreutils_nice_clang_O1.bir	224331	1	82	schemaA:functions=name->addr		124	28	45			27															4318558e21f28413961b8f4a859ecf2733d0ba1c	4318558e21f28413961b8f4a859ecf2733d0ba1c	1	1	DYN	1	85	85	1.0	computed		1			
coreutils_nice_clang_O2	coreutils	nice_clang	O2	clang_train	clang_train/bins/coreutils_nice_clang_O2.debug	clang_train/bins/coreutils_nice_clang_O2	1	1	clang_train/bir/coreutils_nice_clang_O2.bir	228065	1	82	schemaA:functions=name->addr		123	27	45			26															b82c2476b896236261b5986e8fb16fc54c3523d0	b82c2476b896236261b5986e8fb16fc54c3523d0	1	1	DYN	1	85	85	1.0	computed		1			
coreutils_nice_clang_O3	coreutils	nice_clang	O3	clang_train	clang_train/bins/coreutils_nice_clang_O3.debug	clang_train/bins/coreutils_nice_clang_O3	1	1	clang_train/bir/coreutils_nice_clang_O3.bir	242659	1	82	schemaA:functions=name->addr		123	27	45			26															7cfdbe1176808f936b412e90db4398c8779d0cc9	7cfdbe1176808f936b412e90db4398c8779d0cc9	1	1	DYN	1	85	85	1.0	computed		1			
coreutils_nl	coreutils	nl	default	local_main;wulver	data/raw/coreutils_nl_sym	data/stripped/coreutils_nl_stripped	1	1	data/bir/coreutils_nl.bir	346086	1	101	schemaA:functions=name->addr		174	54	57	52	0		train	train	train	train	train	0		1	1	54	57	52	0	1	e4ab41cf867cc662bc88b9313b5d3dafb508a640	e4ab41cf867cc662bc88b9313b5d3dafb508a640	1	1	DYN	1	105	105	1.0	archive		1			
coreutils_nl_O0	coreutils	nl	O0	local_main;wulver	data/raw/coreutils_nl_O0_sym	data/stripped/coreutils_nl_O0_stripped	1	1	data/bir/coreutils_nl_O0.bir	612160	1	127	schemaA:functions=name->addr		374	250	59	249	0		train	train	train	train	train	0		1	1	250	59	249	0	1	36087e400c7c49fad68b9fed495674556a1a6b47	36087e400c7c49fad68b9fed495674556a1a6b47	1	1	DYN	1	131	131	1.0	archive		1			
coreutils_nl_O1	coreutils	nl	O1	local_main;wulver	data/raw/coreutils_nl_O1_sym	data/stripped/coreutils_nl_O1_stripped	1	1	data/bir/coreutils_nl_O1.bir	425531	1	91	schemaA:functions=name->addr		185	65	61	64	0		train	train	train	train	train	0		1	1	65	61	64	0	1	941e2ff1b8dfe4be73fc724786ef35a812d8fb40	941e2ff1b8dfe4be73fc724786ef35a812d8fb40	1	1	DYN	1	95	95	1.0	archive		1			
coreutils_nl_O2	coreutils	nl	O2	local_main;wulver	data/raw/coreutils_nl_O2_sym	data/stripped/coreutils_nl_O2_stripped	1	1	data/bir/coreutils_nl_O2.bir	346086	1	101	schemaA:functions=name->addr		174	54	57	52	0		train	train	train	train	train	0		1	1	54	57	52	0	1	e4ab41cf867cc662bc88b9313b5d3dafb508a640	e4ab41cf867cc662bc88b9313b5d3dafb508a640	1	1	DYN	1	105	105	1.0	archive		1			
coreutils_nl_O3	coreutils	nl	O3	local_main;wulver	data/raw/coreutils_nl_O3_sym	data/stripped/coreutils_nl_O3_stripped	1	1	data/bir/coreutils_nl_O3.bir	602164	1	107	schemaA:functions=name->addr		197	77	61	75	0		train	train	train	train	train	0		1	1	77	61	75	0	1	3df75be1ac6640d4a8caf54953dd3d09c697955a	3df75be1ac6640d4a8caf54953dd3d09c697955a	1	1	DYN	1	111	111	1.0	archive		1			
coreutils_nl_clang_O0	coreutils	nl_clang	O0	clang_train	clang_train/bins/coreutils_nl_clang_O0.debug	clang_train/bins/coreutils_nl_clang_O0	1	1	clang_train/bir/coreutils_nl_clang_O0.bir	631703	1	132	schemaA:functions=name->addr		251	132	57			132															00918052f3f2720fca0cd7034f6f9761804adf67	00918052f3f2720fca0cd7034f6f9761804adf67	1	1	DYN	1	135	135	1.0	computed		1			
coreutils_nl_clang_O1	coreutils	nl_clang	O1	clang_train	clang_train/bins/coreutils_nl_clang_O1.debug	clang_train/bins/coreutils_nl_clang_O1	1	1	clang_train/bir/coreutils_nl_clang_O1.bir	285293	1	93	schemaA:functions=name->addr		154	38	55			37															33aeb41c4dc53e07321f81bfe2df359f4677ba9a	33aeb41c4dc53e07321f81bfe2df359f4677ba9a	1	1	DYN	1	96	96	1.0	computed		1			
coreutils_nl_clang_O2	coreutils	nl_clang	O2	clang_train	clang_train/bins/coreutils_nl_clang_O2.debug	clang_train/bins/coreutils_nl_clang_O2	1	1	clang_train/bir/coreutils_nl_clang_O2.bir	291324	1	93	schemaA:functions=name->addr		153	37	55			36															d66c3e9b85060edf99eb2018a3af035706675af9	d66c3e9b85060edf99eb2018a3af035706675af9	1	1	DYN	1	96	96	1.0	computed		1			
coreutils_nl_clang_O3	coreutils	nl_clang	O3	clang_train	clang_train/bins/coreutils_nl_clang_O3.debug	clang_train/bins/coreutils_nl_clang_O3	1	1	clang_train/bir/coreutils_nl_clang_O3.bir	306882	1	93	schemaA:functions=name->addr		153	37	55			36															c0a302be84d059a82a2447953f7fe0fa7ebe44e3	c0a302be84d059a82a2447953f7fe0fa7ebe44e3	1	1	DYN	1	96	96	1.0	computed		1			
coreutils_nohup_clang_O0	coreutils	nohup_clang	O0	clang_train	clang_train/bins/coreutils_nohup_clang_O0.debug	clang_train/bins/coreutils_nohup_clang_O0	1	1	clang_train/bir/coreutils_nohup_clang_O0.bir	581107	1	119	schemaA:functions=name->addr		224	119	50			119															3c696b8d3493aa5b6073ad2e52192cb14f5bcd51	3c696b8d3493aa5b6073ad2e52192cb14f5bcd51	1	1	DYN	1	122	122	1.0	computed		1			
coreutils_nohup_clang_O1	coreutils	nohup_clang	O1	clang_train	clang_train/bins/coreutils_nohup_clang_O1.debug	clang_train/bins/coreutils_nohup_clang_O1	1	1	clang_train/bir/coreutils_nohup_clang_O1.bir	269577	1	89	schemaA:functions=name->addr		136	34	48			33															eb94b872989797c0719cf96e011b783c101775ca	eb94b872989797c0719cf96e011b783c101775ca	1	1	DYN	1	92	92	1.0	computed		1			
coreutils_nohup_clang_O2	coreutils	nohup_clang	O2	clang_train	clang_train/bins/coreutils_nohup_clang_O2.debug	clang_train/bins/coreutils_nohup_clang_O2	1	1	clang_train/bir/coreutils_nohup_clang_O2.bir	274935	1	89	schemaA:functions=name->addr		134	32	48			31															440d7dd939f4984162a724b9616b391fcca8ea0a	440d7dd939f4984162a724b9616b391fcca8ea0a	1	1	DYN	1	92	92	1.0	computed		1			
coreutils_nohup_clang_O3	coreutils	nohup_clang	O3	clang_train	clang_train/bins/coreutils_nohup_clang_O3.debug	clang_train/bins/coreutils_nohup_clang_O3	1	1	clang_train/bir/coreutils_nohup_clang_O3.bir	289598	1	89	schemaA:functions=name->addr		134	32	48			31															791ce8d40e5ccb9a2a6c1982c6dc827f28013db9	791ce8d40e5ccb9a2a6c1982c6dc827f28013db9	1	1	DYN	1	92	92	1.0	computed		1			
coreutils_nproc_clang_O0	coreutils	nproc_clang	O0	clang_train	clang_train/bins/coreutils_nproc_clang_O0.debug	clang_train/bins/coreutils_nproc_clang_O0	1	1	clang_train/bir/coreutils_nproc_clang_O0.bir	544915	1	116	schemaA:functions=name->addr		219	116	49			116															aade6e5e8ba108f2a40c1cf844a8e44365be11d2	aade6e5e8ba108f2a40c1cf844a8e44365be11d2	1	1	DYN	1	119	119	1.0	computed		1			
coreutils_nproc_clang_O1	coreutils	nproc_clang	O1	clang_train	clang_train/bins/coreutils_nproc_clang_O1.debug	clang_train/bins/coreutils_nproc_clang_O1	1	1	clang_train/bir/coreutils_nproc_clang_O1.bir	241235	1	85	schemaA:functions=name->addr		131	31	47			30															be0e93a96564187605cd4e6dee809b6dffcb27a1	be0e93a96564187605cd4e6dee809b6dffcb27a1	1	1	DYN	1	88	88	1.0	computed		1			
coreutils_nproc_clang_O2	coreutils	nproc_clang	O2	clang_train	clang_train/bins/coreutils_nproc_clang_O2.debug	clang_train/bins/coreutils_nproc_clang_O2	1	1	clang_train/bir/coreutils_nproc_clang_O2.bir	245036	1	85	schemaA:functions=name->addr		130	30	47			29															cf5fd26300179c7e1da6292fe0aa682c7d2f5f9a	cf5fd26300179c7e1da6292fe0aa682c7d2f5f9a	1	1	DYN	1	88	88	1.0	computed		1			
coreutils_nproc_clang_O3	coreutils	nproc_clang	O3	clang_train	clang_train/bins/coreutils_nproc_clang_O3.debug	clang_train/bins/coreutils_nproc_clang_O3	1	1	clang_train/bir/coreutils_nproc_clang_O3.bir	261077	1	85	schemaA:functions=name->addr		130	30	47			29															8269f05a2b7d41bad9757459c8daeea6cce1503b	8269f05a2b7d41bad9757459c8daeea6cce1503b	1	1	DYN	1	88	88	1.0	computed		1			
coreutils_numfmt_clang_O0	coreutils	numfmt_clang	O0	clang_train	clang_train/bins/coreutils_numfmt_clang_O0.debug	clang_train/bins/coreutils_numfmt_clang_O0	1	1	clang_train/bir/coreutils_numfmt_clang_O0.bir	1006868	1	168	schemaA:functions=name->addr		295	171	60			168															7e214c4a2b461e92f92f8fd8d4b71020768335d1	7e214c4a2b461e92f92f8fd8d4b71020768335d1	1	1	DYN	1	174	174	1.0	computed		1			
coreutils_numfmt_clang_O1	coreutils	numfmt_clang	O1	clang_train	clang_train/bins/coreutils_numfmt_clang_O1.debug	clang_train/bins/coreutils_numfmt_clang_O1	1	1	clang_train/bir/coreutils_numfmt_clang_O1.bir	519454	1	97	schemaA:functions=name->addr		162	45	56			44															7d605b95d88a60bd428ea40d14180b6738b3d833	7d605b95d88a60bd428ea40d14180b6738b3d833	1	1	DYN	1	100	100	1.0	computed		1			
coreutils_numfmt_clang_O2	coreutils	numfmt_clang	O2	clang_train	clang_train/bins/coreutils_numfmt_clang_O2.debug	clang_train/bins/coreutils_numfmt_clang_O2	1	1	clang_train/bir/coreutils_numfmt_clang_O2.bir	537472	1	97	schemaA:functions=name->addr		159	42	56			41															b9796e40e919c8fc89ca7977af7600367255045c	b9796e40e919c8fc89ca7977af7600367255045c	1	1	DYN	1	100	100	1.0	computed		1			
coreutils_numfmt_clang_O3	coreutils	numfmt_clang	O3	clang_train	clang_train/bins/coreutils_numfmt_clang_O3.debug	clang_train/bins/coreutils_numfmt_clang_O3	1	1	clang_train/bir/coreutils_numfmt_clang_O3.bir	583114	1	97	schemaA:functions=name->addr		161	44	56			43															8cd0acca5d412caef82986964a3f70c931a422b4	8cd0acca5d412caef82986964a3f70c931a422b4	1	1	DYN	1	100	100	1.0	computed		1			
coreutils_od	coreutils	od	default	local_main;wulver	data/raw/coreutils_od_sym	data/stripped/coreutils_od_stripped	1	1	data/bir/coreutils_od.bir	908504	1	139	schemaA:functions=name->addr		238	101	66	98	0		train	train	train	train	train	0		1	1	101	66	98	0	1	706f42b8c252db329875d40752b3637774b08c2e	706f42b8c252db329875d40752b3637774b08c2e	1	1	DYN	1	143	143	1.0	archive	coreutils_od_O2:0.918	1			dup_group_keeper:coreutils_od_O2
coreutils_od_O0	coreutils	od	O0	local_main;wulver	data/raw/coreutils_od_O0_sym	data/stripped/coreutils_od_O0_stripped	1	1	data/bir/coreutils_od_O0.bir	1104011	1	162	schemaA:functions=name->addr		462	317	70	316	0		train	train	train	train	train	0		1	1	317	70	316	0	1	0382cdfc69f05f8a3b0fe02bda59b97cd5034633	0382cdfc69f05f8a3b0fe02bda59b97cd5034633	1	1	DYN	1	166	166	1.0	archive		1			
coreutils_od_O1	coreutils	od	O1	local_main;wulver	data/raw/coreutils_od_O1_sym	data/stripped/coreutils_od_O1_stripped	1	1	data/bir/coreutils_od_O1.bir	964765	1	125	schemaA:functions=name->addr		238	101	72	100	0		train	train	train	train	train	0		1	1	101	72	100	0	1	316fa7474868af6478d217aff5023685ab91642f	316fa7474868af6478d217aff5023685ab91642f	1	1	DYN	1	129	129	1.0	archive		1			
coreutils_od_O2	coreutils	od	O2	local_main;wulver	data/raw/coreutils_od_O2_sym	data/stripped/coreutils_od_O2_stripped	1	1	data/bir/coreutils_od_O2.bir	908504	1	139	schemaA:functions=name->addr		238	101	66	98	0		test	test	test	test	test	0		1	1	101	66	98	0	1	706f42b8c252db329875d40752b3637774b08c2e	706f42b8c252db329875d40752b3637774b08c2e	1	1	DYN	1	143	143	1.0	archive	coreutils_od:0.918	0	duplicate_build_of:coreutils_od		
coreutils_od_O3	coreutils	od	O3	local_main;wulver	data/raw/coreutils_od_O3_sym	data/stripped/coreutils_od_O3_stripped	1	1	data/bir/coreutils_od_O3.bir	1163875	1	143	schemaA:functions=name->addr		253	116	72	113	0		train	train	train	train	train	0		1	1	116	72	113	0	1	df59ebbe451424d7198071638b6ad95b80383b5c	df59ebbe451424d7198071638b6ad95b80383b5c	1	1	DYN	1	147	147	1.0	archive		1			
coreutils_od_clang_O0	coreutils	od_clang	O0	clang_train	clang_train/bins/coreutils_od_clang_O0.debug	clang_train/bins/coreutils_od_clang_O0	1	1	clang_train/bir/coreutils_od_clang_O0.bir	1387323	1	180	schemaA:functions=name->addr		320	182	67			180															62bb337987aabf19b447f83e68d91ae3632fa9de	62bb337987aabf19b447f83e68d91ae3632fa9de	1	1	DYN	1	185	185	1.0	computed		1			
coreutils_od_clang_O1	coreutils	od_clang	O1	clang_train	clang_train/bins/coreutils_od_clang_O1.debug	clang_train/bins/coreutils_od_clang_O1	1	1	clang_train/bir/coreutils_od_clang_O1.bir	593466	1	129	schemaA:functions=name->addr		190	59	63			58															0f3b6dab5429de44c4c1b7b2f045fed18b18c930	0f3b6dab5429de44c4c1b7b2f045fed18b18c930	1	1	DYN	1	132	132	1.0	computed		1			
coreutils_od_clang_O2	coreutils	od_clang	O2	clang_train	clang_train/bins/coreutils_od_clang_O2.debug	clang_train/bins/coreutils_od_clang_O2	1	1	clang_train/bir/coreutils_od_clang_O2.bir	572773	1	129	schemaA:functions=name->addr		188	57	63			56															daabb37c92a38de0282eaa8dd46657f29d03a8f9	daabb37c92a38de0282eaa8dd46657f29d03a8f9	1	1	DYN	1	132	132	1.0	computed		1			
coreutils_od_clang_O3	coreutils	od_clang	O3	clang_train	clang_train/bins/coreutils_od_clang_O3.debug	clang_train/bins/coreutils_od_clang_O3	1	1	clang_train/bir/coreutils_od_clang_O3.bir	605820	1	129	schemaA:functions=name->addr		190	59	63			58															df191ffe29ea03beb94537ae4d4c88ace12dcaad	df191ffe29ea03beb94537ae4d4c88ace12dcaad	1	1	DYN	1	132	132	1.0	computed		1			
coreutils_paste	coreutils	paste	default	local_main;wulver	data/raw/coreutils_paste_sym	data/stripped/coreutils_paste_stripped	1	1	data/bir/coreutils_paste.bir	322543	1	94	schemaA:functions=name->addr		154	48	50	46	0		val	val	val	val	val	0		1	1	48	50	46	0	1	f77d418c95790669ad731546a413b7eb36765e2e	f77d418c95790669ad731546a413b7eb36765e2e	1	1	DYN	1	98	98	1.0	archive	coreutils_paste_O2:0.935	1			dup_group_keeper:coreutils_paste_O2
coreutils_paste_O0	coreutils	paste	O0	local_main;wulver	data/raw/coreutils_paste_O0_sym	data/stripped/coreutils_paste_O0_stripped	1	1	data/bir/coreutils_paste_O0.bir	571514	1	114	schemaA:functions=name->addr		330	222	51	221	0		train	train	train	train	train	0		1	1	222	51	221	0	1	329875b19f8f35c07a23fe3ba8c47b021c0a9f38	329875b19f8f35c07a23fe3ba8c47b021c0a9f38	1	1	DYN	1	118	118	1.0	archive		1			
coreutils_paste_O1	coreutils	paste	O1	local_main;wulver	data/raw/coreutils_paste_O1_sym	data/stripped/coreutils_paste_O1_stripped	1	1	data/bir/coreutils_paste_O1.bir	402878	1	82	schemaA:functions=name->addr		163	57	54	56	0		train	train	train	train	train	0		1	1	57	54	56	0	1	3f5c9d80743a2d636e13a067cbe44e384121b6b1	3f5c9d80743a2d636e13a067cbe44e384121b6b1	1	1	DYN	1	86	86	1.0	archive		1			
coreutils_paste_O2	coreutils	paste	O2	local_main;wulver	data/raw/coreutils_paste_O2_sym	data/stripped/coreutils_paste_O2_stripped	1	1	data/bir/coreutils_paste_O2.bir	322543	1	94	schemaA:functions=name->addr		154	48	50	46	0		train	train	train	train	train	0		1	1	48	50	46	0	1	f77d418c95790669ad731546a413b7eb36765e2e	f77d418c95790669ad731546a413b7eb36765e2e	1	1	DYN	1	98	98	1.0	archive	coreutils_paste:0.935	0	duplicate_build_of:coreutils_paste		
coreutils_paste_O3	coreutils	paste	O3	local_main;wulver	data/raw/coreutils_paste_O3_sym	data/stripped/coreutils_paste_O3_stripped	1	1	data/bir/coreutils_paste_O3.bir	570659	1	100	schemaA:functions=name->addr		178	72	54	70	0		train	train	train	train	train	0		1	1	72	54	70	0	1	f88c705fd445115ac423bdd564d46f6547397998	f88c705fd445115ac423bdd564d46f6547397998	1	1	DYN	1	104	104	1.0	archive		1			
coreutils_paste_clang_O0	coreutils	paste_clang	O0	clang_train	clang_train/bins/coreutils_paste_clang_O0.debug	clang_train/bins/coreutils_paste_clang_O0	1	1	clang_train/bir/coreutils_paste_clang_O0.bir	585563	1	120	schemaA:functions=name->addr		229	120	52			120															0c5eac65fcba5014d2c4fc680cf988baa682583f	0c5eac65fcba5014d2c4fc680cf988baa682583f	1	1	DYN	1	123	123	1.0	computed		1			
coreutils_paste_clang_O1	coreutils	paste_clang	O1	clang_train	clang_train/bins/coreutils_paste_clang_O1.debug	clang_train/bins/coreutils_paste_clang_O1	1	1	clang_train/bir/coreutils_paste_clang_O1.bir	256858	1	87	schemaA:functions=name->addr		139	33	50			32															db11dbadeb2e94ce9e226c382ab045296e21b8db	db11dbadeb2e94ce9e226c382ab045296e21b8db	1	1	DYN	1	90	90	1.0	computed		1			
coreutils_paste_clang_O2	coreutils	paste_clang	O2	clang_train	clang_train/bins/coreutils_paste_clang_O2.debug	clang_train/bins/coreutils_paste_clang_O2	1	1	clang_train/bir/coreutils_paste_clang_O2.bir	305225	1	87	schemaA:functions=name->addr		138	32	50			31															f02afe2e7590878ae51ccbb17a80c07beaa26c1b	f02afe2e7590878ae51ccbb17a80c07beaa26c1b	1	1	DYN	1	90	90	1.0	computed		1			
coreutils_paste_clang_O3	coreutils	paste_clang	O3	clang_train	clang_train/bins/coreutils_paste_clang_O3.debug	clang_train/bins/coreutils_paste_clang_O3	1	1	clang_train/bir/coreutils_paste_clang_O3.bir	319940	1	87	schemaA:functions=name->addr		138	32	50			31															663c1c6fe4cfa1b9a7686b6d8f2dd8a1aa03df21	663c1c6fe4cfa1b9a7686b6d8f2dd8a1aa03df21	1	1	DYN	1	90	90	1.0	computed		1			
coreutils_pathchk_clang_O0	coreutils	pathchk_clang	O0	clang_train	clang_train/bins/coreutils_pathchk_clang_O0.debug	clang_train/bins/coreutils_pathchk_clang_O0	1	1	clang_train/bir/coreutils_pathchk_clang_O0.bir	524553	1	114	schemaA:functions=name->addr		211	114	46			114															8d8a53a5b9e3f9d9ed8fed3e607ce74b6175212b	8d8a53a5b9e3f9d9ed8fed3e607ce74b6175212b	1	1	DYN	1	117	117	1.0	computed		1			
coreutils_pathchk_clang_O1	coreutils	pathchk_clang	O1	clang_train	clang_train/bins/coreutils_pathchk_clang_O1.debug	clang_train/bins/coreutils_pathchk_clang_O1	1	1	clang_train/bir/coreutils_pathchk_clang_O1.bir	264613	1	83	schemaA:functions=name->addr		127	33	44			32															424a0bc7dfc949f19ca34f47ea7d8d41f9a2e742	424a0bc7dfc949f19ca34f47ea7d8d41f9a2e742	1	1	DYN	1	86	86	1.0	computed		1			
coreutils_pathchk_clang_O2	coreutils	pathchk_clang	O2	clang_train	clang_train/bins/coreutils_pathchk_clang_O2.debug	clang_train/bins/coreutils_pathchk_clang_O2	1	1	clang_train/bir/coreutils_pathchk_clang_O2.bir	262258	1	83	schemaA:functions=name->addr		125	31	44			30															02566b1c424fcbd1ed69666fdcc254f6bc1467ba	02566b1c424fcbd1ed69666fdcc254f6bc1467ba	1	1	DYN	1	86	86	1.0	computed		1			
coreutils_pathchk_clang_O3	coreutils	pathchk_clang	O3	clang_train	clang_train/bins/coreutils_pathchk_clang_O3.debug	clang_train/bins/coreutils_pathchk_clang_O3	1	1	clang_train/bir/coreutils_pathchk_clang_O3.bir	275765	1	83	schemaA:functions=name->addr		125	31	44			30															73d461a45324b8db31138248f57ce0bf8411e22c	73d461a45324b8db31138248f57ce0bf8411e22c	1	1	DYN	1	86	86	1.0	computed		1			
coreutils_pinky_clang_O0	coreutils	pinky_clang	O0	clang_train	clang_train/bins/coreutils_pinky_clang_O0.debug	clang_train/bins/coreutils_pinky_clang_O0	1	1	clang_train/bir/coreutils_pinky_clang_O0.bir	754235	1	145	schemaA:functions=name->addr		296	145	73			145															807860f36f8326d7c89427657afe9f07a5378b2c	807860f36f8326d7c89427657afe9f07a5378b2c	1	1	DYN	1	148	148	1.0	computed		1			
coreutils_pinky_clang_O1	coreutils	pinky_clang	O1	clang_train	clang_train/bins/coreutils_pinky_clang_O1.debug	clang_train/bins/coreutils_pinky_clang_O1	1	1	clang_train/bir/coreutils_pinky_clang_O1.bir	408955	1	93	schemaA:functions=name->addr		184	38	70			37															89199d0514a74bd206ce43a1c5bf36d4c5e3ef0e	89199d0514a74bd206ce43a1c5bf36d4c5e3ef0e	1	1	DYN	1	96	96	0.9736842105263158	computed		1			
coreutils_pinky_clang_O2	coreutils	pinky_clang	O2	clang_train	clang_train/bins/coreutils_pinky_clang_O2.debug	clang_train/bins/coreutils_pinky_clang_O2	1	1	clang_train/bir/coreutils_pinky_clang_O2.bir	418442	1	93	schemaA:functions=name->addr		182	36	70			35															67308bd9b4b726e50c467ec5a208b32cf1ea3600	67308bd9b4b726e50c467ec5a208b32cf1ea3600	1	1	DYN	1	96	96	0.9722222222222222	computed		1			
coreutils_pinky_clang_O3	coreutils	pinky_clang	O3	clang_train	clang_train/bins/coreutils_pinky_clang_O3.debug	clang_train/bins/coreutils_pinky_clang_O3	1	1	clang_train/bir/coreutils_pinky_clang_O3.bir	434661	1	93	schemaA:functions=name->addr		182	36	70			35															b78bcf2c4d3ccd7909b234b8bf7988e97b0f1922	b78bcf2c4d3ccd7909b234b8bf7988e97b0f1922	1	1	DYN	1	96	96	0.9722222222222222	computed		1			
coreutils_pr_clang_O0	coreutils	pr_clang	O0	clang_train	clang_train/bins/coreutils_pr_clang_O0.debug	clang_train/bins/coreutils_pr_clang_O0	1	1	clang_train/bir/coreutils_pr_clang_O0.bir	1375629	1	211	schemaA:functions=name->addr		358	215	70			211															b12db8012dde658927ee7a293c95285b8c16cae9	b12db8012dde658927ee7a293c95285b8c16cae9	1	1	DYN	1	218	218	1.0	computed		1			
coreutils_pr_clang_O1	coreutils	pr_clang	O1	clang_train	clang_train/bins/coreutils_pr_clang_O1.debug	clang_train/bins/coreutils_pr_clang_O1	1	1	clang_train/bir/coreutils_pr_clang_O1.bir	1002589	1	128	schemaA:functions=name->addr		214	73	68			72															8ecf4a30c83e4d73a5936bf0cad231184bd39dfb	8ecf4a30c83e4d73a5936bf0cad231184bd39dfb	1	1	DYN	1	131	131	0.9863013698630136	computed		1			
coreutils_pr_clang_O2	coreutils	pr_clang	O2	clang_train	clang_train/bins/coreutils_pr_clang_O2.debug	clang_train/bins/coreutils_pr_clang_O2	1	1	clang_train/bir/coreutils_pr_clang_O2.bir	1075202	1	128	schemaA:functions=name->addr		208	67	68			66															1a14eeac78c41c07038dcd48a138392ca03f7d38	1a14eeac78c41c07038dcd48a138392ca03f7d38	1	1	DYN	1	131	131	0.9850746268656716	computed		1			
coreutils_pr_clang_O3	coreutils	pr_clang	O3	clang_train	clang_train/bins/coreutils_pr_clang_O3.debug	clang_train/bins/coreutils_pr_clang_O3	1	1	clang_train/bir/coreutils_pr_clang_O3.bir	1361473	1	126	schemaA:functions=name->addr		207	66	68			65															94cc08bc242d367d60113dc3f0e954b0c2217437	94cc08bc242d367d60113dc3f0e954b0c2217437	1	1	DYN	1	129	129	0.9848484848484849	computed		1			
coreutils_printenv_clang_O0	coreutils	printenv_clang	O0	clang_train	clang_train/bins/coreutils_printenv_clang_O0.debug	clang_train/bins/coreutils_printenv_clang_O0	1	1	clang_train/bir/coreutils_printenv_clang_O0.bir	476837	1	108	schemaA:functions=name->addr		197	108	42			108															b20c3406d654541845d2f0a8a047e17e881bab81	b20c3406d654541845d2f0a8a047e17e881bab81	1	1	DYN	1	111	111	1.0	computed		1			
coreutils_printenv_clang_O1	coreutils	printenv_clang	O1	clang_train	clang_train/bins/coreutils_printenv_clang_O1.debug	clang_train/bins/coreutils_printenv_clang_O1	1	1	clang_train/bir/coreutils_printenv_clang_O1.bir	194507	1	81	schemaA:functions=name->addr		112	26	40			25															d7779dcf0c82bf25ccef80ab5775439ed9ed3f69	d7779dcf0c82bf25ccef80ab5775439ed9ed3f69	1	1	DYN	1	84	84	1.0	computed		1			
coreutils_printenv_clang_O2	coreutils	printenv_clang	O2	clang_train	clang_train/bins/coreutils_printenv_clang_O2.debug	clang_train/bins/coreutils_printenv_clang_O2	1	1	clang_train/bir/coreutils_printenv_clang_O2.bir	202655	1	81	schemaA:functions=name->addr		111	25	40			24															d88f77f0fe16aa9524e55ac8aa46fa1bf31da779	d88f77f0fe16aa9524e55ac8aa46fa1bf31da779	1	1	DYN	1	84	84	1.0	computed		1			
coreutils_printenv_clang_O3	coreutils	printenv_clang	O3	clang_train	clang_train/bins/coreutils_printenv_clang_O3.debug	clang_train/bins/coreutils_printenv_clang_O3	1	1	clang_train/bir/coreutils_printenv_clang_O3.bir	215667	1	81	schemaA:functions=name->addr		111	25	40			24															1c3a8c77f41d66a7745b22c37fff7cf94352b55a	1c3a8c77f41d66a7745b22c37fff7cf94352b55a	1	1	DYN	1	84	84	1.0	computed		1			
coreutils_printf_clang_O0	coreutils	printf_clang	O0	clang_train	clang_train/bins/coreutils_printf_clang_O0.debug	clang_train/bins/coreutils_printf_clang_O0	1	1	clang_train/bir/coreutils_printf_clang_O0.bir	976183	1	141	schemaA:functions=name->addr		254	141	54			141															24104575934bdc8b114bb99520f76b692d5486d5	24104575934bdc8b114bb99520f76b692d5486d5	1	1	DYN	1	144	144	1.0	computed		1			
coreutils_printf_clang_O1	coreutils	printf_clang	O1	clang_train	clang_train/bins/coreutils_printf_clang_O1.debug	clang_train/bins/coreutils_printf_clang_O1	1	1	clang_train/bir/coreutils_printf_clang_O1.bir	490070	1	103	schemaA:functions=name->addr		153	45	51			44															5163e99de527c16430c316bc67e4fe97e1e8592c	5163e99de527c16430c316bc67e4fe97e1e8592c	1	1	DYN	1	106	106	1.0	computed		1			
coreutils_printf_clang_O2	coreutils	printf_clang	O2	clang_train	clang_train/bins/coreutils_printf_clang_O2.debug	clang_train/bins/coreutils_printf_clang_O2	1	1	clang_train/bir/coreutils_printf_clang_O2.bir	469934	1	102	schemaA:functions=name->addr		150	42	51			41															878ea5ca82a914eb1a9cda759c3afc2266ea6fe4	878ea5ca82a914eb1a9cda759c3afc2266ea6fe4	1	1	DYN	1	105	105	1.0	computed		1			
coreutils_printf_clang_O3	coreutils	printf_clang	O3	clang_train	clang_train/bins/coreutils_printf_clang_O3.debug	clang_train/bins/coreutils_printf_clang_O3	1	1	clang_train/bir/coreutils_printf_clang_O3.bir	488273	1	102	schemaA:functions=name->addr		150	42	51			41															3da1f80fae6896dc30aae0c29d388f4320d1d0bf	3da1f80fae6896dc30aae0c29d388f4320d1d0bf	1	1	DYN	1	105	105	1.0	computed		1			
coreutils_ptx	coreutils	ptx	default	local_main;wulver	data/raw/coreutils_ptx_sym	data/stripped/coreutils_ptx_stripped	1	1	data/bir/coreutils_ptx.bir	1007923	1	136	schemaA:functions=name->addr		263	97	80	94	0		train	train	train	train	train	0		1	1	97	80	94	0	1	6c130d2fd8c2a16bb5d358ba08b26d163ada41b5	6c130d2fd8c2a16bb5d358ba08b26d163ada41b5	1	1	DYN	1	141	141	1.0	archive		1			
coreutils_ptx_O0	coreutils	ptx	O0	local_main;wulver	data/raw/coreutils_ptx_O0_sym	data/stripped/coreutils_ptx_O0_stripped	1	1	data/bir/coreutils_ptx_O0.bir	1380443	1	167	schemaA:functions=name->addr		499	329	82	328	0		train	train	train	train	train	0		1	1	329	82	328	0	1	088c2fa72d657ff784f8679ee16ea0e5e37a9b70	088c2fa72d657ff784f8679ee16ea0e5e37a9b70	1	1	DYN	1	171	171	1.0	archive		1			
coreutils_ptx_O1	coreutils	ptx	O1	local_main;wulver	data/raw/coreutils_ptx_O1_sym	data/stripped/coreutils_ptx_O1_stripped	1	1	data/bir/coreutils_ptx_O1.bir	1011552	1	124	schemaA:functions=name->addr		264	98	84	97	0		train	train	train	train	train	0		1	1	98	84	97	0	1	81df04e3917bbfbc09a0369c339e406279f14798	81df04e3917bbfbc09a0369c339e406279f14798	1	1	DYN	1	128	128	1.0	archive		1			
coreutils_ptx_O2	coreutils	ptx	O2	local_main;wulver	data/raw/coreutils_ptx_O2_sym	data/stripped/coreutils_ptx_O2_stripped	1	1	data/bir/coreutils_ptx_O2.bir	1007923	1	136	schemaA:functions=name->addr		263	97	80	94	0		train	train	train	train	train	0		1	1	97	80	94	0	1	6c130d2fd8c2a16bb5d358ba08b26d163ada41b5	6c130d2fd8c2a16bb5d358ba08b26d163ada41b5	1	1	DYN	1	141	141	1.0	archive		1			
coreutils_ptx_O3	coreutils	ptx	O3	local_main;wulver	data/raw/coreutils_ptx_O3_sym	data/stripped/coreutils_ptx_O3_stripped	1	1	data/bir/coreutils_ptx_O3.bir	1367811	1	143	schemaA:functions=name->addr		294	128	84	111	0		train	train	train	train	train	0		1	1	128	84	111	0	1	86c25ba15f9f85e3be42f5d46cd485a2f19666c6	86c25ba15f9f85e3be42f5d46cd485a2f19666c6	1	1	DYN	1	148	148	1.0	archive		1			
coreutils_ptx_clang_O0	coreutils	ptx_clang	O0	clang_train	clang_train/bins/coreutils_ptx_clang_O0.debug	clang_train/bins/coreutils_ptx_clang_O0	1	1	clang_train/bir/coreutils_ptx_clang_O0.bir	1047336	1	147	schemaA:functions=name->addr		284	147	66			147															382b586e8889fa8c6b9e8525fb0290c99770bd96	382b586e8889fa8c6b9e8525fb0290c99770bd96	1	1	DYN	1	150	150	1.0	computed		1			
coreutils_ptx_clang_O1	coreutils	ptx_clang	O1	clang_train	clang_train/bins/coreutils_ptx_clang_O1.debug	clang_train/bins/coreutils_ptx_clang_O1	1	1	clang_train/bir/coreutils_ptx_clang_O1.bir	372173	1	100	schemaA:functions=name->addr		178	46	63			45															4720769051249b70f0225abac7845ae769fb71fd	4720769051249b70f0225abac7845ae769fb71fd	1	1	DYN	1	103	103	1.0	computed		1			
coreutils_ptx_clang_O2	coreutils	ptx_clang	O2	clang_train	clang_train/bins/coreutils_ptx_clang_O2.debug	clang_train/bins/coreutils_ptx_clang_O2	1	1	clang_train/bir/coreutils_ptx_clang_O2.bir	375168	1	100	schemaA:functions=name->addr		176	44	63			43															5652c1858569507498fc978cb7317dff6ac7f37e	5652c1858569507498fc978cb7317dff6ac7f37e	1	1	DYN	1	103	103	1.0	computed		1			
coreutils_ptx_clang_O3	coreutils	ptx_clang	O3	clang_train	clang_train/bins/coreutils_ptx_clang_O3.debug	clang_train/bins/coreutils_ptx_clang_O3	1	1	clang_train/bir/coreutils_ptx_clang_O3.bir	400271	1	100	schemaA:functions=name->addr		178	46	63			45															c6c4d17f4e96edfd61603d942a2e28e544b5fee2	c6c4d17f4e96edfd61603d942a2e28e544b5fee2	1	1	DYN	1	103	103	1.0	computed		1			
coreutils_pwd_clang_O0	coreutils	pwd_clang	O0	clang_train	clang_train/bins/coreutils_pwd_clang_O0.debug	clang_train/bins/coreutils_pwd_clang_O0	1	1	clang_train/bir/coreutils_pwd_clang_O0.bir	543509	1	119	schemaA:functions=name->addr		232	119	54			119															b16e725e0f679f8622e0116c7f49021d1defbad5	b16e725e0f679f8622e0116c7f49021d1defbad5	1	1	DYN	1	122	122	1.0	computed		1			
coreutils_pwd_clang_O1	coreutils	pwd_clang	O1	clang_train	clang_train/bins/coreutils_pwd_clang_O1.debug	clang_train/bins/coreutils_pwd_clang_O1	1	1	clang_train/bir/coreutils_pwd_clang_O1.bir	251817	1	85	schemaA:functions=name->addr		144	34	52			33															9f0a260db196fe0015cdbb1e5b71bee1e4fcf90c	9f0a260db196fe0015cdbb1e5b71bee1e4fcf90c	1	1	DYN	1	88	88	1.0	computed		1			
coreutils_pwd_clang_O2	coreutils	pwd_clang	O2	clang_train	clang_train/bins/coreutils_pwd_clang_O2.debug	clang_train/bins/coreutils_pwd_clang_O2	1	1	clang_train/bir/coreutils_pwd_clang_O2.bir	257104	1	85	schemaA:functions=name->addr		143	33	52			32															fb5caacd0d77da108fb833839e23bfdb54a010a2	fb5caacd0d77da108fb833839e23bfdb54a010a2	1	1	DYN	1	88	88	1.0	computed		1			
coreutils_pwd_clang_O3	coreutils	pwd_clang	O3	clang_train	clang_train/bins/coreutils_pwd_clang_O3.debug	clang_train/bins/coreutils_pwd_clang_O3	1	1	clang_train/bir/coreutils_pwd_clang_O3.bir	273743	1	84	schemaA:functions=name->addr		142	32	52			31															9378d1ea4062d53d9582dbef0a0de0c709bf73f3	9378d1ea4062d53d9582dbef0a0de0c709bf73f3	1	1	DYN	1	87	87	1.0	computed		1			
coreutils_readlink_clang_O0	coreutils	readlink_clang	O0	clang_train	clang_train/bins/coreutils_readlink_clang_O0.debug	clang_train/bins/coreutils_readlink_clang_O0	1	1	clang_train/bir/coreutils_readlink_clang_O0.bir	1019908	1	167	schemaA:functions=name->addr		283	170	58			167															50c7f528065a621509db5e8df882f8623f3d9fc7	50c7f528065a621509db5e8df882f8623f3d9fc7	1	1	DYN	1	173	173	1.0	computed		1			
coreutils_readlink_clang_O1	coreutils	readlink_clang	O1	clang_train	clang_train/bins/coreutils_readlink_clang_O1.debug	clang_train/bins/coreutils_readlink_clang_O1	1	1	clang_train/bir/coreutils_readlink_clang_O1.bir	602822	1	115	schemaA:functions=name->addr		153	45	55			44															fd9d119a64a60544c84be7d90e784c5eb0406415	fd9d119a64a60544c84be7d90e784c5eb0406415	1	1	DYN	1	118	118	0.9777777777777777	computed		1			
coreutils_readlink_clang_O2	coreutils	readlink_clang	O2	clang_train	clang_train/bins/coreutils_readlink_clang_O2.debug	clang_train/bins/coreutils_readlink_clang_O2	1	1	clang_train/bir/coreutils_readlink_clang_O2.bir	609125	1	115	schemaA:functions=name->addr		152	44	55			43															25655c8911585d641038e8efd3e4c156e08c9d04	25655c8911585d641038e8efd3e4c156e08c9d04	1	1	DYN	1	118	118	0.9772727272727273	computed		1			
coreutils_readlink_clang_O3	coreutils	readlink_clang	O3	clang_train	clang_train/bins/coreutils_readlink_clang_O3.debug	clang_train/bins/coreutils_readlink_clang_O3	1	1	clang_train/bir/coreutils_readlink_clang_O3.bir	647952	1	115	schemaA:functions=name->addr		152	44	55			43															362b0d68093c142f57f0e1dc0ba1fe322d96f86b	362b0d68093c142f57f0e1dc0ba1fe322d96f86b	1	1	DYN	1	118	118	0.9772727272727273	computed		1			
coreutils_realpath_clang_O0	coreutils	realpath_clang	O0	clang_train	clang_train/bins/coreutils_realpath_clang_O0.debug	clang_train/bins/coreutils_realpath_clang_O0	1	1	clang_train/bir/coreutils_realpath_clang_O0.bir	1081553	1	173	schemaA:functions=name->addr		289	176	58			173															ab9b80a727ed23460331fd4c401f54301c585739	ab9b80a727ed23460331fd4c401f54301c585739	1	1	DYN	1	179	179	1.0	computed		1			
coreutils_realpath_clang_O1	coreutils	realpath_clang	O1	clang_train	clang_train/bins/coreutils_realpath_clang_O1.debug	clang_train/bins/coreutils_realpath_clang_O1	1	1	clang_train/bir/coreutils_realpath_clang_O1.bir	667351	1	115	schemaA:functions=name->addr		154	46	55			45															6c7ac843d28295eb43ee5f0e393f786a953f27e0	6c7ac843d28295eb43ee5f0e393f786a953f27e0	1	1	DYN	1	118	118	0.9782608695652174	computed		1			
coreutils_realpath_clang_O2	coreutils	realpath_clang	O2	clang_train	clang_train/bins/coreutils_realpath_clang_O2.debug	clang_train/bins/coreutils_realpath_clang_O2	1	1	clang_train/bir/coreutils_realpath_clang_O2.bir	663113	1	115	schemaA:functions=name->addr		153	45	55			44															7c72ac2b54f2a2e16a2d894a8d7eacad40c55b8b	7c72ac2b54f2a2e16a2d894a8d7eacad40c55b8b	1	1	DYN	1	118	118	0.9777777777777777	computed		1			
coreutils_realpath_clang_O3	coreutils	realpath_clang	O3	clang_train	clang_train/bins/coreutils_realpath_clang_O3.debug	clang_train/bins/coreutils_realpath_clang_O3	1	1	clang_train/bir/coreutils_realpath_clang_O3.bir	692320	1	115	schemaA:functions=name->addr		153	45	55			44															f6f29c09fbd2ff8d97a203885725244791c92ad3	f6f29c09fbd2ff8d97a203885725244791c92ad3	1	1	DYN	1	118	118	0.9777777777777777	computed		1			
coreutils_rm	coreutils	rm	default	local_main;wulver	data/raw/coreutils_rm_sym	data/stripped/coreutils_rm_stripped	1	1	data/bir/coreutils_rm.bir	1097928	1	186	schemaA:functions=name->addr		275	126	75	124	0		train	train	train	train	train	0		1	1	126	75	124	0	1	2c98222e6bfc5520a8dfca39d23785ab60de5eb9	2c98222e6bfc5520a8dfca39d23785ab60de5eb9	1	1	DYN	1	190	190	1.0	archive	coreutils_rm_O2:0.935	1			dup_group_keeper:coreutils_rm_O2
coreutils_rm_O0	coreutils	rm	O0	local_main;wulver	data/raw/coreutils_rm_O0_sym	data/stripped/coreutils_rm_O0_stripped	1	1	data/bir/coreutils_rm_O0.bir	1508314	1	234	schemaA:functions=name->addr		610	459	76	458	0		train	train	train	train	train	0		1	1	459	76	458	0	1	1e85ee17512226b5001ac297adfc4f7ebdb221b2	1e85ee17512226b5001ac297adfc4f7ebdb221b2	1	1	DYN	1	238	238	1.0	archive		1			
coreutils_rm_O1	coreutils	rm	O1	local_main;wulver	data/raw/coreutils_rm_O1_sym	data/stripped/coreutils_rm_O1_stripped	1	1	data/bir/coreutils_rm_O1.bir	1083078	1	169	schemaA:functions=name->addr		276	127	85	126	0		train	train	train	train	train	0		1	1	127	85	126	0	1	1ceec264ace4e916e46454cc0220ff6e0f0a9a55	1ceec264ace4e916e46454cc0220ff6e0f0a9a55	1	1	DYN	1	173	173	1.0	archive		1			
coreutils_rm_O2	coreutils	rm	O2	local_main;wulver	data/raw/coreutils_rm_O2_sym	data/stripped/coreutils_rm_O2_stripped	1	1	data/bir/coreutils_rm_O2.bir	1097928	1	186	schemaA:functions=name->addr		275	126	75	124	0		train	train	train	train	train	0		1	1	126	75	124	0	1	2c98222e6bfc5520a8dfca39d23785ab60de5eb9	2c98222e6bfc5520a8dfca39d23785ab60de5eb9	1	1	DYN	1	190	190	1.0	archive	coreutils_rm:0.935	0	duplicate_build_of:coreutils_rm		
coreutils_rm_O3	coreutils	rm	O3	local_main;wulver	data/raw/coreutils_rm_O3_sym	data/stripped/coreutils_rm_O3_stripped	1	1	data/bir/coreutils_rm_O3.bir	1389478	1	186	schemaA:functions=name->addr		287	138	85	136	0		train	train	train	train	train	0		1	1	138	85	136	0	1	595987a6044089bcb9ef97a8350d84d74717e9e5	595987a6044089bcb9ef97a8350d84d74717e9e5	1	1	DYN	1	190	190	1.0	archive		1			
coreutils_rm_clang_O0	coreutils	rm_clang	O0	clang_train	clang_train/bins/coreutils_rm_clang_O0.debug	clang_train/bins/coreutils_rm_clang_O0	1	1	clang_train/bir/coreutils_rm_clang_O0.bir	1573688	1	239	schemaA:functions=name->addr		377	239	71			239															1ab9d51547c8a305703601f890359c732ec44bf0	1ab9d51547c8a305703601f890359c732ec44bf0	1	1	DYN	1	242	242	1.0	computed		1			
coreutils_rm_clang_O1	coreutils	rm_clang	O1	clang_train	clang_train/bins/coreutils_rm_clang_O1.debug	clang_train/bins/coreutils_rm_clang_O1	1	1	clang_train/bir/coreutils_rm_clang_O1.bir	996603	1	168	schemaA:functions=name->addr		225	90	69			89															d0671800f70bfec8d045283f00fe8ac806a9d82a	d0671800f70bfec8d045283f00fe8ac806a9d82a	1	1	DYN	1	171	171	0.9777777777777777	computed		1			
coreutils_rm_clang_O2	coreutils	rm_clang	O2	clang_train	clang_train/bins/coreutils_rm_clang_O2.debug	clang_train/bins/coreutils_rm_clang_O2	1	1	clang_train/bir/coreutils_rm_clang_O2.bir	995916	1	167	schemaA:functions=name->addr		221	86	69			85															801de05fe2f90e5a3c1510ee03b7e1be380b8d0a	801de05fe2f90e5a3c1510ee03b7e1be380b8d0a	1	1	DYN	1	170	170	0.9767441860465116	computed		1			
coreutils_rm_clang_O3	coreutils	rm_clang	O3	clang_train	clang_train/bins/coreutils_rm_clang_O3.debug	clang_train/bins/coreutils_rm_clang_O3	1	1	clang_train/bir/coreutils_rm_clang_O3.bir	1038710	1	167	schemaA:functions=name->addr		223	88	69			87															13bf1c9d33eee6b8fecc345ab55c50e8d0908818	13bf1c9d33eee6b8fecc345ab55c50e8d0908818	1	1	DYN	1	170	170	0.9772727272727273	computed		1			
coreutils_rmdir_clang_O0	coreutils	rmdir_clang	O0	clang_train	clang_train/bins/coreutils_rmdir_clang_O0.debug	clang_train/bins/coreutils_rmdir_clang_O0	1	1	clang_train/bir/coreutils_rmdir_clang_O0.bir	818884	1	127	schemaA:functions=name->addr		236	127	52			127															db15da2c97a18f526e234011fab65066860303b0	db15da2c97a18f526e234011fab65066860303b0	1	1	DYN	1	130	130	1.0	computed		1			
coreutils_rmdir_clang_O1	coreutils	rmdir_clang	O1	clang_train	clang_train/bins/coreutils_rmdir_clang_O1.debug	clang_train/bins/coreutils_rmdir_clang_O1	1	1	clang_train/bir/coreutils_rmdir_clang_O1.bir	396080	1	91	schemaA:functions=name->addr		142	38	49			37															035c8ec2bddc5ebad9bd100f2f6f4b83c46d146a	035c8ec2bddc5ebad9bd100f2f6f4b83c46d146a	1	1	DYN	1	94	94	1.0	computed		1			
coreutils_rmdir_clang_O2	coreutils	rmdir_clang	O2	clang_train	clang_train/bins/coreutils_rmdir_clang_O2.debug	clang_train/bins/coreutils_rmdir_clang_O2	1	1	clang_train/bir/coreutils_rmdir_clang_O2.bir	373516	1	91	schemaA:functions=name->addr		141	37	49			36															c6c1c9a9d0bcce9e15622bafec72557d7048f5d7	c6c1c9a9d0bcce9e15622bafec72557d7048f5d7	1	1	DYN	1	94	94	1.0	computed		1			
coreutils_rmdir_clang_O3	coreutils	rmdir_clang	O3	clang_train	clang_train/bins/coreutils_rmdir_clang_O3.debug	clang_train/bins/coreutils_rmdir_clang_O3	1	1	clang_train/bir/coreutils_rmdir_clang_O3.bir	388197	1	91	schemaA:functions=name->addr		141	37	49			36															dfa244598c732413fa21d69ffc93ea46f2b8e466	dfa244598c732413fa21d69ffc93ea46f2b8e466	1	1	DYN	1	94	94	1.0	computed		1			
coreutils_runcon_clang_O0	coreutils	runcon_clang	O0	clang_train	clang_train/bins/coreutils_runcon_clang_O0.debug	clang_train/bins/coreutils_runcon_clang_O0	1	1	clang_train/bir/coreutils_runcon_clang_O0.bir	521036	1	138	schemaA:functions=name->addr		227	138	42			138															3852a13ce547436e479ae528cc8c124db0a693a2	3852a13ce547436e479ae528cc8c124db0a693a2	1	1	DYN	1	141	141	1.0	computed		1			
coreutils_runcon_clang_O1	coreutils	runcon_clang	O1	clang_train	clang_train/bins/coreutils_runcon_clang_O1.debug	clang_train/bins/coreutils_runcon_clang_O1	1	1	clang_train/bir/coreutils_runcon_clang_O1.bir	190320	1	81	schemaA:functions=name->addr		110	26	39			25															e291d9621d26b2023b0e2066911200476ab41779	e291d9621d26b2023b0e2066911200476ab41779	1	1	DYN	1	84	84	1.0	computed		1			
coreutils_runcon_clang_O2	coreutils	runcon_clang	O2	clang_train	clang_train/bins/coreutils_runcon_clang_O2.debug	clang_train/bins/coreutils_runcon_clang_O2	1	1	clang_train/bir/coreutils_runcon_clang_O2.bir	197096	1	81	schemaA:functions=name->addr		109	25	39			24															07ebb0b3125a73cdcd53d000bb294fe0496bbc33	07ebb0b3125a73cdcd53d000bb294fe0496bbc33	1	1	DYN	1	84	84	1.0	computed		1			
coreutils_runcon_clang_O3	coreutils	runcon_clang	O3	clang_train	clang_train/bins/coreutils_runcon_clang_O3.debug	clang_train/bins/coreutils_runcon_clang_O3	1	1	clang_train/bir/coreutils_runcon_clang_O3.bir	209344	1	81	schemaA:functions=name->addr		109	25	39			24															0dba25e836e262faa5c1a6993c5163c0d33c543c	0dba25e836e262faa5c1a6993c5163c0d33c543c	1	1	DYN	1	84	84	1.0	computed		1			
coreutils_seq_clang_O0	coreutils	seq_clang	O0	clang_train	clang_train/bins/coreutils_seq_clang_O0.debug	clang_train/bins/coreutils_seq_clang_O0	1	1	clang_train/bir/coreutils_seq_clang_O0.bir	966489	1	133	schemaA:functions=name->addr		250	133	56			133															da73185632b5a9db8702bc085c65b200e6467257	da73185632b5a9db8702bc085c65b200e6467257	1	1	DYN	1	136	136	1.0	computed		1			
coreutils_seq_clang_O1	coreutils	seq_clang	O1	clang_train	clang_train/bins/coreutils_seq_clang_O1.debug	clang_train/bins/coreutils_seq_clang_O1	1	1	clang_train/bir/coreutils_seq_clang_O1.bir	502854	1	92	schemaA:functions=name->addr		159	41	56			40															d5d87b4d07113dd16738ce9c123d5cf91476adeb	d5d87b4d07113dd16738ce9c123d5cf91476adeb	1	1	DYN	1	95	95	1.0	computed		1			
coreutils_seq_clang_O2	coreutils	seq_clang	O2	clang_train	clang_train/bins/coreutils_seq_clang_O2.debug	clang_train/bins/coreutils_seq_clang_O2	1	1	clang_train/bir/coreutils_seq_clang_O2.bir	473191	1	92	schemaA:functions=name->addr		158	40	56			39															f49b226efb9581dbc039b9b44ca698e3f325d8c4	f49b226efb9581dbc039b9b44ca698e3f325d8c4	1	1	DYN	1	95	95	1.0	computed		1			
coreutils_seq_clang_O3	coreutils	seq_clang	O3	clang_train	clang_train/bins/coreutils_seq_clang_O3.debug	clang_train/bins/coreutils_seq_clang_O3	1	1	clang_train/bir/coreutils_seq_clang_O3.bir	489084	1	92	schemaA:functions=name->addr		158	40	56			39															730698ad88c1e0fec112a942fe9b7e224db9066d	730698ad88c1e0fec112a942fe9b7e224db9066d	1	1	DYN	1	95	95	1.0	computed		1			
coreutils_sha1sum_clang_O0	coreutils	sha1sum_clang	O0	clang_train	clang_train/bins/coreutils_sha1sum_clang_O0.debug	clang_train/bins/coreutils_sha1sum_clang_O0	1	1	clang_train/bir/coreutils_sha1sum_clang_O0.bir	768680	1	138	schemaA:functions=name->addr		259	138	58			138															035e0dab3ab1b86e988b957466eab649f421bc19	035e0dab3ab1b86e988b957466eab649f421bc19	1	1	DYN	1	141	141	1.0	computed		1			
coreutils_sha1sum_clang_O1	coreutils	sha1sum_clang	O1	clang_train	clang_train/bins/coreutils_sha1sum_clang_O1.debug	clang_train/bins/coreutils_sha1sum_clang_O1	1	1	clang_train/bir/coreutils_sha1sum_clang_O1.bir	419538	1	96	schemaA:functions=name->addr		151	35	55			34															7227de5634bce565e2568793869f5a0b4e8c1b03	7227de5634bce565e2568793869f5a0b4e8c1b03	1	1	DYN	1	99	99	1.0	computed		1			
coreutils_sha1sum_clang_O2	coreutils	sha1sum_clang	O2	clang_train	clang_train/bins/coreutils_sha1sum_clang_O2.debug	clang_train/bins/coreutils_sha1sum_clang_O2	1	1	clang_train/bir/coreutils_sha1sum_clang_O2.bir	410983	1	96	schemaA:functions=name->addr		149	33	55			32															b92e017c012e6b72c78b0f534594e1310c1b16be	b92e017c012e6b72c78b0f534594e1310c1b16be	1	1	DYN	1	99	99	1.0	computed		1			
coreutils_sha1sum_clang_O3	coreutils	sha1sum_clang	O3	clang_train	clang_train/bins/coreutils_sha1sum_clang_O3.debug	clang_train/bins/coreutils_sha1sum_clang_O3	1	1	clang_train/bir/coreutils_sha1sum_clang_O3.bir	426274	1	96	schemaA:functions=name->addr		149	33	55			32															11376680b1acbfabe006cdf9e532c5a147b0c177	11376680b1acbfabe006cdf9e532c5a147b0c177	1	1	DYN	1	99	99	1.0	computed		1			
coreutils_sha224sum_clang_O0	coreutils	sha224sum_clang	O0	clang_train	clang_train/bins/coreutils_sha224sum_clang_O0.debug	clang_train/bins/coreutils_sha224sum_clang_O0	1	1	clang_train/bir/coreutils_sha224sum_clang_O0.bir	780118	1	144	schemaA:functions=name->addr		271	144	61			144															48fcf0eb5aa58a29e840774f836bcc85718f19fa	48fcf0eb5aa58a29e840774f836bcc85718f19fa	1	1	DYN	1	147	147	1.0	computed		1			
coreutils_sha224sum_clang_O1	coreutils	sha224sum_clang	O1	clang_train	clang_train/bins/coreutils_sha224sum_clang_O1.debug	clang_train/bins/coreutils_sha224sum_clang_O1	1	1	clang_train/bir/coreutils_sha224sum_clang_O1.bir	420861	1	101	schemaA:functions=name->addr		157	35	58			34															a87e8863fc99f60f6bd441d1cded7b1395361daa	a87e8863fc99f60f6bd441d1cded7b1395361daa	1	1	DYN	1	104	104	1.0	computed		1			
coreutils_sha224sum_clang_O2	coreutils	sha224sum_clang	O2	clang_train	clang_train/bins/coreutils_sha224sum_clang_O2.debug	clang_train/bins/coreutils_sha224sum_clang_O2	1	1	clang_train/bir/coreutils_sha224sum_clang_O2.bir	412306	1	101	schemaA:functions=name->addr		155	33	58			32															1e45c92cbc7143a08a3cac703acda600b186996a	1e45c92cbc7143a08a3cac703acda600b186996a	1	1	DYN	1	104	104	1.0	computed		1			
coreutils_sha224sum_clang_O3	coreutils	sha224sum_clang	O3	clang_train	clang_train/bins/coreutils_sha224sum_clang_O3.debug	clang_train/bins/coreutils_sha224sum_clang_O3	1	1	clang_train/bir/coreutils_sha224sum_clang_O3.bir	427597	1	101	schemaA:functions=name->addr		155	33	58			32															6ce9108b8cb7675060fb8762f311148fdcb3278a	6ce9108b8cb7675060fb8762f311148fdcb3278a	1	1	DYN	1	104	104	1.0	computed		1			
coreutils_sha256sum	coreutils	sha256sum	default	local_main;wulver	data/raw/coreutils_sha256sum_sym	data/stripped/coreutils_sha256sum_stripped	1	1	data/bir/coreutils_sha256sum.bir	435233	1	110	schemaA:functions=name->addr		190	54	65	52	0		train	train	train	train	train	0		1	1	54	65	52	0	1	a8057ffaf84103af5a10bb519ac27adeda49f259	a8057ffaf84103af5a10bb519ac27adeda49f259	1	1	DYN	1	114	114	1.0	archive		1			
coreutils_sha256sum_clang_O0	coreutils	sha256sum_clang	O0	clang_train	clang_train/bins/coreutils_sha256sum_clang_O0.debug	clang_train/bins/coreutils_sha256sum_clang_O0	1	1	clang_train/bir/coreutils_sha256sum_clang_O0.bir	780119	1	144	schemaA:functions=name->addr		271	144	61			144															28f14bd7549f4f15ec473dfeb94d521f57c23473	28f14bd7549f4f15ec473dfeb94d521f57c23473	1	1	DYN	1	147	147	1.0	computed		1			
coreutils_sha256sum_clang_O1	coreutils	sha256sum_clang	O1	clang_train	clang_train/bins/coreutils_sha256sum_clang_O1.debug	clang_train/bins/coreutils_sha256sum_clang_O1	1	1	clang_train/bir/coreutils_sha256sum_clang_O1.bir	420404	1	101	schemaA:functions=name->addr		157	35	58			34															04ec4c8aa0400599ec78f27294a69d6e36909990	04ec4c8aa0400599ec78f27294a69d6e36909990	1	1	DYN	1	104	104	1.0	computed		1			
coreutils_sha256sum_clang_O2	coreutils	sha256sum_clang	O2	clang_train	clang_train/bins/coreutils_sha256sum_clang_O2.debug	clang_train/bins/coreutils_sha256sum_clang_O2	1	1	clang_train/bir/coreutils_sha256sum_clang_O2.bir	412935	1	101	schemaA:functions=name->addr		155	33	58			32															f7967c70096772f15474c0c6c920aa9442294531	f7967c70096772f15474c0c6c920aa9442294531	1	1	DYN	1	104	104	1.0	computed		1			
coreutils_sha256sum_clang_O3	coreutils	sha256sum_clang	O3	clang_train	clang_train/bins/coreutils_sha256sum_clang_O3.debug	clang_train/bins/coreutils_sha256sum_clang_O3	1	1	clang_train/bir/coreutils_sha256sum_clang_O3.bir	428251	1	101	schemaA:functions=name->addr		155	33	58			32															0497115275a1b4aa502a6b5bac2dfde0899447f5	0497115275a1b4aa502a6b5bac2dfde0899447f5	1	1	DYN	1	104	104	1.0	computed		1			
coreutils_sha384sum_clang_O0	coreutils	sha384sum_clang	O0	clang_train	clang_train/bins/coreutils_sha384sum_clang_O0.debug	clang_train/bins/coreutils_sha384sum_clang_O0	1	1	clang_train/bir/coreutils_sha384sum_clang_O0.bir	780155	1	144	schemaA:functions=name->addr		271	144	61			144															5ed777cb937084af5f49f34e627c27e87021a93a	5ed777cb937084af5f49f34e627c27e87021a93a	1	1	DYN	1	147	147	1.0	computed		1			
coreutils_sha384sum_clang_O1	coreutils	sha384sum_clang	O1	clang_train	clang_train/bins/coreutils_sha384sum_clang_O1.debug	clang_train/bins/coreutils_sha384sum_clang_O1	1	1	clang_train/bir/coreutils_sha384sum_clang_O1.bir	420881	1	101	schemaA:functions=name->addr		157	35	58			34															0967a0f61283710b850c585531292a0df295f62f	0967a0f61283710b850c585531292a0df295f62f	1	1	DYN	1	104	104	1.0	computed		1			
coreutils_sha384sum_clang_O2	coreutils	sha384sum_clang	O2	clang_train	clang_train/bins/coreutils_sha384sum_clang_O2.debug	clang_train/bins/coreutils_sha384sum_clang_O2	1	1	clang_train/bir/coreutils_sha384sum_clang_O2.bir	412301	1	101	schemaA:functions=name->addr		155	33	58			32															85a6c50a644fda039f4edb209346559ab9574419	85a6c50a644fda039f4edb209346559ab9574419	1	1	DYN	1	104	104	1.0	computed		1			
coreutils_sha384sum_clang_O3	coreutils	sha384sum_clang	O3	clang_train	clang_train/bins/coreutils_sha384sum_clang_O3.debug	clang_train/bins/coreutils_sha384sum_clang_O3	1	1	clang_train/bir/coreutils_sha384sum_clang_O3.bir	427586	1	101	schemaA:functions=name->addr		155	33	58			32															bcf18f2aeacca39adb84044076354efb67eb43f6	bcf18f2aeacca39adb84044076354efb67eb43f6	1	1	DYN	1	104	104	1.0	computed		1			
coreutils_sha512sum_clang_O0	coreutils	sha512sum_clang	O0	clang_train	clang_train/bins/coreutils_sha512sum_clang_O0.debug	clang_train/bins/coreutils_sha512sum_clang_O0	1	1	clang_train/bir/coreutils_sha512sum_clang_O0.bir	780161	1	144	schemaA:functions=name->addr		271	144	61			144															68f11659f62bf90aef926038205dcbacb19160f2	68f11659f62bf90aef926038205dcbacb19160f2	1	1	DYN	1	147	147	1.0	computed		1			
coreutils_sha512sum_clang_O1	coreutils	sha512sum_clang	O1	clang_train	clang_train/bins/coreutils_sha512sum_clang_O1.debug	clang_train/bins/coreutils_sha512sum_clang_O1	1	1	clang_train/bir/coreutils_sha512sum_clang_O1.bir	420421	1	101	schemaA:functions=name->addr		157	35	58			34															201a35403cf4df2bbb4c4a153d466298278b154f	201a35403cf4df2bbb4c4a153d466298278b154f	1	1	DYN	1	104	104	1.0	computed		1			
coreutils_sha512sum_clang_O2	coreutils	sha512sum_clang	O2	clang_train	clang_train/bins/coreutils_sha512sum_clang_O2.debug	clang_train/bins/coreutils_sha512sum_clang_O2	1	1	clang_train/bir/coreutils_sha512sum_clang_O2.bir	412925	1	101	schemaA:functions=name->addr		155	33	58			32															19f119457ffec0bde7f9b15ce4745745df991f8e	19f119457ffec0bde7f9b15ce4745745df991f8e	1	1	DYN	1	104	104	1.0	computed		1			
coreutils_sha512sum_clang_O3	coreutils	sha512sum_clang	O3	clang_train	clang_train/bins/coreutils_sha512sum_clang_O3.debug	clang_train/bins/coreutils_sha512sum_clang_O3	1	1	clang_train/bir/coreutils_sha512sum_clang_O3.bir	428239	1	101	schemaA:functions=name->addr		155	33	58			32															6ab0fe9545a67faeb53380ae9cabac47f77e04b3	6ab0fe9545a67faeb53380ae9cabac47f77e04b3	1	1	DYN	1	104	104	1.0	computed		1			
coreutils_shred_clang_O0	coreutils	shred_clang	O0	clang_train	clang_train/bins/coreutils_shred_clang_O0.debug	clang_train/bins/coreutils_shred_clang_O0	1	1	clang_train/bir/coreutils_shred_clang_O0.bir	1288252	1	187	schemaA:functions=name->addr		342	187	75			187															d857240e63bc0eac925b2c872aa9e1ff89ccba67	d857240e63bc0eac925b2c872aa9e1ff89ccba67	1	1	DYN	1	190	190	1.0	computed		1			
coreutils_shred_clang_O1	coreutils	shred_clang	O1	clang_train	clang_train/bins/coreutils_shred_clang_O1.debug	clang_train/bins/coreutils_shred_clang_O1	1	1	clang_train/bir/coreutils_shred_clang_O1.bir	768801	1	125	schemaA:functions=name->addr		225	69	75			68															0fbcd6766c68ff128439f5bfdf7c65932e8116ac	0fbcd6766c68ff128439f5bfdf7c65932e8116ac	1	1	DYN	1	128	128	0.9855072463768116	computed		1			
coreutils_shred_clang_O2	coreutils	shred_clang	O2	clang_train	clang_train/bins/coreutils_shred_clang_O2.debug	clang_train/bins/coreutils_shred_clang_O2	1	1	clang_train/bir/coreutils_shred_clang_O2.bir	786216	1	125	schemaA:functions=name->addr		222	66	75			65															9f3ee36d3f8f5a98de36d8296262e4b25bf0985a	9f3ee36d3f8f5a98de36d8296262e4b25bf0985a	1	1	DYN	1	128	128	0.9848484848484849	computed		1			
coreutils_shred_clang_O3	coreutils	shred_clang	O3	clang_train	clang_train/bins/coreutils_shred_clang_O3.debug	clang_train/bins/coreutils_shred_clang_O3	1	1	clang_train/bir/coreutils_shred_clang_O3.bir	809973	1	125	schemaA:functions=name->addr		223	67	75			66															e408a9d0a8535548b9cf1e725fe1b07bf4821c3e	e408a9d0a8535548b9cf1e725fe1b07bf4821c3e	1	1	DYN	1	128	128	0.9850746268656716	computed		1			
coreutils_shuf_clang_O0	coreutils	shuf_clang	O0	clang_train	clang_train/bins/coreutils_shuf_clang_O0.debug	clang_train/bins/coreutils_shuf_clang_O0	1	1	clang_train/bir/coreutils_shuf_clang_O0.bir	1408619	1	220	schemaA:functions=name->addr		369	221	76			220															621487ade0e43e3bc2f1e3f8fed949c9d7bc149e	621487ade0e43e3bc2f1e3f8fed949c9d7bc149e	1	1	DYN	1	224	224	1.0	computed		1			
coreutils_shuf_clang_O1	coreutils	shuf_clang	O1	clang_train	clang_train/bins/coreutils_shuf_clang_O1.debug	clang_train/bins/coreutils_shuf_clang_O1	1	1	clang_train/bir/coreutils_shuf_clang_O1.bir	835077	1	139	schemaA:functions=name->addr		206	63	73			62															d5f1811b131c6738065dc416179b99fdd3a84a93	d5f1811b131c6738065dc416179b99fdd3a84a93	1	1	DYN	1	142	142	1.0	computed		1			
coreutils_shuf_clang_O2	coreutils	shuf_clang	O2	clang_train	clang_train/bins/coreutils_shuf_clang_O2.debug	clang_train/bins/coreutils_shuf_clang_O2	1	1	clang_train/bir/coreutils_shuf_clang_O2.bir	848694	1	139	schemaA:functions=name->addr		204	61	73			60															cb71f765443a953cbcf1aceb27d4dd0f927d20d8	cb71f765443a953cbcf1aceb27d4dd0f927d20d8	1	1	DYN	1	142	142	1.0	computed		1			
coreutils_shuf_clang_O3	coreutils	shuf_clang	O3	clang_train	clang_train/bins/coreutils_shuf_clang_O3.debug	clang_train/bins/coreutils_shuf_clang_O3	1	1	clang_train/bir/coreutils_shuf_clang_O3.bir	883183	1	139	schemaA:functions=name->addr		204	61	73			60															104dbe30dd1f8a32250e3e44e8727c9e0437a9ff	104dbe30dd1f8a32250e3e44e8727c9e0437a9ff	1	1	DYN	1	142	142	1.0	computed		1			
coreutils_sleep_clang_O0	coreutils	sleep_clang	O0	clang_train	clang_train/bins/coreutils_sleep_clang_O0.debug	clang_train/bins/coreutils_sleep_clang_O0	1	1	clang_train/bir/coreutils_sleep_clang_O0.bir	633258	1	121	schemaA:functions=name->addr		224	121	52			121															da189890e416f3c7d46f999816378d3dcfc98a38	da189890e416f3c7d46f999816378d3dcfc98a38	1	1	DYN	1	124	124	1.0	computed		1			
coreutils_sleep_clang_O1	coreutils	sleep_clang	O1	clang_train	clang_train/bins/coreutils_sleep_clang_O1.debug	clang_train/bins/coreutils_sleep_clang_O1	1	1	clang_train/bir/coreutils_sleep_clang_O1.bir	306524	1	89	schemaA:functions=name->addr		134	33	51			32															ed6ed4fa7ff35d2444a455b9d2c6a406535bd977	ed6ed4fa7ff35d2444a455b9d2c6a406535bd977	1	1	DYN	1	92	92	1.0	computed		1			
coreutils_sleep_clang_O2	coreutils	sleep_clang	O2	clang_train	clang_train/bins/coreutils_sleep_clang_O2.debug	clang_train/bins/coreutils_sleep_clang_O2	1	1	clang_train/bir/coreutils_sleep_clang_O2.bir	312879	1	89	schemaA:functions=name->addr		132	31	51			30															4eb1b1291b2b8c5f236e7d1b72ee2bbdaf314067	4eb1b1291b2b8c5f236e7d1b72ee2bbdaf314067	1	1	DYN	1	92	92	1.0	computed		1			
coreutils_sleep_clang_O3	coreutils	sleep_clang	O3	clang_train	clang_train/bins/coreutils_sleep_clang_O3.debug	clang_train/bins/coreutils_sleep_clang_O3	1	1	clang_train/bir/coreutils_sleep_clang_O3.bir	325617	1	89	schemaA:functions=name->addr		132	31	51			30															aeb11fa6d0737b9c6daa21655cc529099c07a8d8	aeb11fa6d0737b9c6daa21655cc529099c07a8d8	1	1	DYN	1	92	92	1.0	computed		1			
coreutils_sort	coreutils	sort	default	local_main;wulver	data/raw/coreutils_sort_sym	data/stripped/coreutils_sort_stripped	1	1	data/bir/coreutils_sort.bir	1957511	1	240	schemaA:functions=name->addr		430	173	134	171	0		train	train	train	train	train	0		1	1	173	134	171	0	1	7256f268af88c13e6af24931378bf656f726d111	7256f268af88c13e6af24931378bf656f726d111	1	1	DYN	1	244	244	1.0	archive		1			
coreutils_sort_O0	coreutils	sort	O0	local_main;wulver	data/raw/coreutils_sort_O0_sym	data/stripped/coreutils_sort_O0_stripped	1	1	data/bir/coreutils_sort_O0.bir	2813111	1	349	schemaA:functions=name->addr		941	677	137	674	0		train	train	train	train	train	0		1	1	677	137	674	0	1	2cd0db7085cbc6bfdbecb603bdead28afcc62165	2cd0db7085cbc6bfdbecb603bdead28afcc62165	1	1	DYN	1	354	354	1.0	archive		1			
coreutils_sort_O1	coreutils	sort	O1	local_main;wulver	data/raw/coreutils_sort_O1_sym	data/stripped/coreutils_sort_O1_stripped	1	1	data/bir/coreutils_sort_O1.bir	1924709	1	235	schemaA:functions=name->addr		440	183	145	182	0		train	train	train	train	train	0		1	1	183	145	182	0	1	3874b6b973663e5564d4dad9b996f3df2cd15563	3874b6b973663e5564d4dad9b996f3df2cd15563	1	1	DYN	1	239	239	1.0	archive		1			
coreutils_sort_O2	coreutils	sort	O2	local_main;wulver	data/raw/coreutils_sort_O2_sym	data/stripped/coreutils_sort_O2_stripped	1	1	data/bir/coreutils_sort_O2.bir	1957511	1	240	schemaA:functions=name->addr		430	173	134	171	0		train	train	train	train	train	0		1	1	173	134	171	0	1	7256f268af88c13e6af24931378bf656f726d111	7256f268af88c13e6af24931378bf656f726d111	1	1	DYN	1	244	244	1.0	archive		1			
coreutils_sort_O3	coreutils	sort	O3	local_main;wulver	data/raw/coreutils_sort_O3_sym	data/stripped/coreutils_sort_O3_stripped	1	1	data/bir/coreutils_sort_O3.bir	2481701	1	241	schemaA:functions=name->addr		443	186	145	184	0		train	train	train	train	train	0		1	1	186	145	184	0	1	2676b295a78b8f8521bd78064546eb44aa4ece8e	2676b295a78b8f8521bd78064546eb44aa4ece8e	1	1	DYN	1	245	245	1.0	archive		1			
coreutils_sort_clang_O0	coreutils	sort_clang	O0	clang_train	clang_train/bins/coreutils_sort_clang_O0.debug	clang_train/bins/coreutils_sort_clang_O0	1	1	clang_train/bir/coreutils_sort_clang_O0.bir	2883152	1	360	schemaA:functions=name->addr		618	361	131			360															cc95386c7e4580759faf1cbf88dffc32d0e68e39	cc95386c7e4580759faf1cbf88dffc32d0e68e39	1	1	DYN	1	364	364	1.0	computed		1			
coreutils_sort_clang_O1	coreutils	sort_clang	O1	clang_train	clang_train/bins/coreutils_sort_clang_O1.debug	clang_train/bins/coreutils_sort_clang_O1	1	1	clang_train/bir/coreutils_sort_clang_O1.bir	1962485	1	219	schemaA:functions=name->addr		363	119	124			118															092aa873b3c30f1b895eb642bd799dc9b75aee75	092aa873b3c30f1b895eb642bd799dc9b75aee75	1	1	DYN	1	222	222	0.9831932773109243	computed		1			
coreutils_sort_clang_O2	coreutils	sort_clang	O2	clang_train	clang_train/bins/coreutils_sort_clang_O2.debug	clang_train/bins/coreutils_sort_clang_O2	1	1	clang_train/bir/coreutils_sort_clang_O2.bir	2096450	1	219	schemaA:functions=name->addr		359	115	124			114															05624afee96fb9a7b6efae8f08d8e4448612e08b	05624afee96fb9a7b6efae8f08d8e4448612e08b	1	1	DYN	1	222	222	0.9739130434782609	computed		1			
coreutils_sort_clang_O3	coreutils	sort_clang	O3	clang_train	clang_train/bins/coreutils_sort_clang_O3.debug	clang_train/bins/coreutils_sort_clang_O3	1	1	clang_train/bir/coreutils_sort_clang_O3.bir	2264915	1	202	schemaA:functions=name->addr		358	114	124			113															cd5ca53c44b6dd2a31bd866c958805e4198ed8ca	cd5ca53c44b6dd2a31bd866c958805e4198ed8ca	1	1	DYN	1	205	205	0.9824561403508771	computed		1			
coreutils_split_clang_O0	coreutils	split_clang	O0	clang_train	clang_train/bins/coreutils_split_clang_O0.debug	clang_train/bins/coreutils_split_clang_O0	1	1	clang_train/bir/coreutils_split_clang_O0.bir	1241458	1	176	schemaA:functions=name->addr		349	178	83			176															19bf62d263cdb302bff9802841a7ac37cb0ad341	19bf62d263cdb302bff9802841a7ac37cb0ad341	1	1	DYN	1	181	181	1.0	computed		1			
coreutils_split_clang_O1	coreutils	split_clang	O1	clang_train	clang_train/bins/coreutils_split_clang_O1.debug	clang_train/bins/coreutils_split_clang_O1	1	1	clang_train/bir/coreutils_split_clang_O1.bir	500925	1	115	schemaA:functions=name->addr		234	66	81			65															c8c6ad79607bf21f2f7c3fd56018643b7e4ea8c9	c8c6ad79607bf21f2f7c3fd56018643b7e4ea8c9	1	1	DYN	1	118	118	1.0	computed		1			
coreutils_split_clang_O2	coreutils	split_clang	O2	clang_train	clang_train/bins/coreutils_split_clang_O2.debug	clang_train/bins/coreutils_split_clang_O2	1	1	clang_train/bir/coreutils_split_clang_O2.bir	508238	1	115	schemaA:functions=name->addr		232	64	81			63															bd2c6ac9e7916e486720bae2c22b3994877b2d35	bd2c6ac9e7916e486720bae2c22b3994877b2d35	1	1	DYN	1	118	118	0.984375	computed		1			
coreutils_split_clang_O3	coreutils	split_clang	O3	clang_train	clang_train/bins/coreutils_split_clang_O3.debug	clang_train/bins/coreutils_split_clang_O3	1	1	clang_train/bir/coreutils_split_clang_O3.bir	551570	1	115	schemaA:functions=name->addr		232	64	81			63															8915f7e539a4772f019943856b29ba5e650d7547	8915f7e539a4772f019943856b29ba5e650d7547	1	1	DYN	1	118	118	0.984375	computed		1			
coreutils_stat_clang_O0	coreutils	stat_clang	O0	clang_train	clang_train/bins/coreutils_stat_clang_O0.debug	clang_train/bins/coreutils_stat_clang_O0	1	1	clang_train/bir/coreutils_stat_clang_O0.bir	1776486	1	259	schemaA:functions=name->addr		440	259	89			259															6b645f7c7be73e0c708d02f736aeb23cbab790c8	6b645f7c7be73e0c708d02f736aeb23cbab790c8	1	1	DYN	1	262	262	1.0	computed		1			
coreutils_stat_clang_O1	coreutils	stat_clang	O1	clang_train	clang_train/bins/coreutils_stat_clang_O1.debug	clang_train/bins/coreutils_stat_clang_O1	1	1	clang_train/bir/coreutils_stat_clang_O1.bir	1164880	1	139	schemaA:functions=name->addr		252	85	81			84															b3b07aa7a48aefa273a6468d9c7a3e5c31097ffe	b3b07aa7a48aefa273a6468d9c7a3e5c31097ffe	1	1	DYN	1	142	142	0.9882352941176471	computed		1			
coreutils_stat_clang_O2	coreutils	stat_clang	O2	clang_train	clang_train/bins/coreutils_stat_clang_O2.debug	clang_train/bins/coreutils_stat_clang_O2	1	1	clang_train/bir/coreutils_stat_clang_O2.bir	1187798	1	139	schemaA:functions=name->addr		245	78	81			77															8ff93ab050ee84ea21ee793d6962683ac0d33f9d	8ff93ab050ee84ea21ee793d6962683ac0d33f9d	1	1	DYN	1	142	142	0.9871794871794872	computed		1			
coreutils_stat_clang_O3	coreutils	stat_clang	O3	clang_train	clang_train/bins/coreutils_stat_clang_O3.debug	clang_train/bins/coreutils_stat_clang_O3	1	1	clang_train/bir/coreutils_stat_clang_O3.bir	1288273	1	139	schemaA:functions=name->addr		246	79	81			78															0b814a4e3a2a9979d668ce02a83c99e92a538177	0b814a4e3a2a9979d668ce02a83c99e92a538177	1	1	DYN	1	142	142	0.9873417721518988	computed		1			
coreutils_stdbuf_clang_O0	coreutils	stdbuf_clang	O0	clang_train	clang_train/bins/coreutils_stdbuf_clang_O0.debug	clang_train/bins/coreutils_stdbuf_clang_O0	1	1	clang_train/bir/coreutils_stdbuf_clang_O0.bir	913912	1	139	schemaA:functions=name->addr		248	139	52			139															91128432800febda35c0dca09fede726be695155	91128432800febda35c0dca09fede726be695155	1	1	DYN	1	142	142	1.0	computed		1			
coreutils_stdbuf_clang_O1	coreutils	stdbuf_clang	O1	clang_train	clang_train/bins/coreutils_stdbuf_clang_O1.debug	clang_train/bins/coreutils_stdbuf_clang_O1	1	1	clang_train/bir/coreutils_stdbuf_clang_O1.bir	434521	1	98	schemaA:functions=name->addr		149	43	50			42															ff0c3f8bd5f4a415eb8024755b658db6e9f6c960	ff0c3f8bd5f4a415eb8024755b658db6e9f6c960	1	1	DYN	1	101	101	1.0	computed		1			
coreutils_stdbuf_clang_O2	coreutils	stdbuf_clang	O2	clang_train	clang_train/bins/coreutils_stdbuf_clang_O2.debug	clang_train/bins/coreutils_stdbuf_clang_O2	1	1	clang_train/bir/coreutils_stdbuf_clang_O2.bir	415023	1	98	schemaA:functions=name->addr		147	41	50			40															885d92e588f3f2374adf3eac9c6f1f0a44f0df56	885d92e588f3f2374adf3eac9c6f1f0a44f0df56	1	1	DYN	1	101	101	1.0	computed		1			
coreutils_stdbuf_clang_O3	coreutils	stdbuf_clang	O3	clang_train	clang_train/bins/coreutils_stdbuf_clang_O3.debug	clang_train/bins/coreutils_stdbuf_clang_O3	1	1	clang_train/bir/coreutils_stdbuf_clang_O3.bir	432899	1	98	schemaA:functions=name->addr		147	41	50			40															8177200e146602e046d476b1706eaca8a97cbaf1	8177200e146602e046d476b1706eaca8a97cbaf1	1	1	DYN	1	101	101	1.0	computed		1			
coreutils_stty_clang_O0	coreutils	stty_clang	O0	clang_train	clang_train/bins/coreutils_stty_clang_O0.debug	clang_train/bins/coreutils_stty_clang_O0	1	1	clang_train/bir/coreutils_stty_clang_O0.bir	1259367	1	152	schemaA:functions=name->addr		279	154	60			152															b8098ee04a71386369f40354e7f9acfa7b0451f0	b8098ee04a71386369f40354e7f9acfa7b0451f0	1	1	DYN	1	157	157	1.0	computed		1			
coreutils_stty_clang_O1	coreutils	stty_clang	O1	clang_train	clang_train/bins/coreutils_stty_clang_O1.debug	clang_train/bins/coreutils_stty_clang_O1	1	1	clang_train/bir/coreutils_stty_clang_O1.bir	658143	1	98	schemaA:functions=name->addr		167	45	58			44															3945a30f8ca6b8ef09216f9a6b580313e290b04f	3945a30f8ca6b8ef09216f9a6b580313e290b04f	1	1	DYN	1	101	101	1.0	computed		1			
coreutils_stty_clang_O2	coreutils	stty_clang	O2	clang_train	clang_train/bins/coreutils_stty_clang_O2.debug	clang_train/bins/coreutils_stty_clang_O2	1	1	clang_train/bir/coreutils_stty_clang_O2.bir	649179	1	98	schemaA:functions=name->addr		166	44	58			43															e9341d28c07138460e5348b2f1a4d2718507203f	e9341d28c07138460e5348b2f1a4d2718507203f	1	1	DYN	1	101	101	1.0	computed		1			
coreutils_stty_clang_O3	coreutils	stty_clang	O3	clang_train	clang_train/bins/coreutils_stty_clang_O3.debug	clang_train/bins/coreutils_stty_clang_O3	1	1	clang_train/bir/coreutils_stty_clang_O3.bir	689966	1	98	schemaA:functions=name->addr		166	44	58			43															bac374bf5005aeda5433f49191d4f1c069e2d4bd	bac374bf5005aeda5433f49191d4f1c069e2d4bd	1	1	DYN	1	101	101	1.0	computed		1			
coreutils_sum_clang_O0	coreutils	sum_clang	O0	clang_train	clang_train/bins/coreutils_sum_clang_O0.debug	clang_train/bins/coreutils_sum_clang_O0	1	1	clang_train/bir/coreutils_sum_clang_O0.bir	992709	1	150	schemaA:functions=name->addr		281	150	63			150															80e6c68f0e67485a7875361da81266851a0190ce	80e6c68f0e67485a7875361da81266851a0190ce	1	1	DYN	1	153	153	1.0	computed		1			
coreutils_sum_clang_O1	coreutils	sum_clang	O1	clang_train	clang_train/bins/coreutils_sum_clang_O1.debug	clang_train/bins/coreutils_sum_clang_O1	1	1	clang_train/bir/coreutils_sum_clang_O1.bir	420798	1	101	schemaA:functions=name->addr		161	41	57			40															c1808962dec52d63336e42184f59db592ee7f091	c1808962dec52d63336e42184f59db592ee7f091	1	1	DYN	1	104	104	1.0	computed		1			
coreutils_sum_clang_O2	coreutils	sum_clang	O2	clang_train	clang_train/bins/coreutils_sum_clang_O2.debug	clang_train/bins/coreutils_sum_clang_O2	1	1	clang_train/bir/coreutils_sum_clang_O2.bir	433863	1	101	schemaA:functions=name->addr		158	38	57			37															291474d38c5894f1909c682375da5da1e3f03cc7	291474d38c5894f1909c682375da5da1e3f03cc7	1	1	DYN	1	104	104	1.0	computed		1			
coreutils_sum_clang_O3	coreutils	sum_clang	O3	clang_train	clang_train/bins/coreutils_sum_clang_O3.debug	clang_train/bins/coreutils_sum_clang_O3	1	1	clang_train/bir/coreutils_sum_clang_O3.bir	459847	1	101	schemaA:functions=name->addr		159	39	57			38															d2d10288e5074ba06f1999f0b4d9888d2f140761	d2d10288e5074ba06f1999f0b4d9888d2f140761	1	1	DYN	1	104	104	1.0	computed		1			
coreutils_sync_clang_O0	coreutils	sync_clang	O0	clang_train	clang_train/bins/coreutils_sync_clang_O0.debug	clang_train/bins/coreutils_sync_clang_O0	1	1	clang_train/bir/coreutils_sync_clang_O0.bir	528437	1	111	schemaA:functions=name->addr		212	111	48			111															b4e8515b0aeec3505be6e6ec36072192d9c06adc	b4e8515b0aeec3505be6e6ec36072192d9c06adc	1	1	DYN	1	114	114	1.0	computed		1			
coreutils_sync_clang_O1	coreutils	sync_clang	O1	clang_train	clang_train/bins/coreutils_sync_clang_O1.debug	clang_train/bins/coreutils_sync_clang_O1	1	1	clang_train/bir/coreutils_sync_clang_O1.bir	237876	1	82	schemaA:functions=name->addr		126	28	46			27															6b19668193976726f84fa59716281202db7f0feb	6b19668193976726f84fa59716281202db7f0feb	1	1	DYN	1	85	85	1.0	computed		1			
coreutils_sync_clang_O2	coreutils	sync_clang	O2	clang_train	clang_train/bins/coreutils_sync_clang_O2.debug	clang_train/bins/coreutils_sync_clang_O2	1	1	clang_train/bir/coreutils_sync_clang_O2.bir	243337	1	82	schemaA:functions=name->addr		125	27	46			26															2c9c21c892b03b7e49ed569f2178027217d96fcf	2c9c21c892b03b7e49ed569f2178027217d96fcf	1	1	DYN	1	85	85	1.0	computed		1			
coreutils_sync_clang_O3	coreutils	sync_clang	O3	clang_train	clang_train/bins/coreutils_sync_clang_O3.debug	clang_train/bins/coreutils_sync_clang_O3	1	1	clang_train/bir/coreutils_sync_clang_O3.bir	257266	1	82	schemaA:functions=name->addr		125	27	46			26															d40d802ed57ac3eea6013995d5bc472028f5a203	d40d802ed57ac3eea6013995d5bc472028f5a203	1	1	DYN	1	85	85	1.0	computed		1			
coreutils_tac_clang_O0	coreutils	tac_clang	O0	clang_train	clang_train/bins/coreutils_tac_clang_O0.debug	clang_train/bins/coreutils_tac_clang_O0	1	1	clang_train/bir/coreutils_tac_clang_O0.bir	685524	1	133	schemaA:functions=name->addr		258	133	60			133															abba9aac94dbb2f725d6acafe63356327544cc3e	abba9aac94dbb2f725d6acafe63356327544cc3e	1	1	DYN	1	136	136	1.0	computed		1			
coreutils_tac_clang_O1	coreutils	tac_clang	O1	clang_train	clang_train/bins/coreutils_tac_clang_O1.debug	clang_train/bins/coreutils_tac_clang_O1	1	1	clang_train/bir/coreutils_tac_clang_O1.bir	375650	1	94	schemaA:functions=name->addr		164	42	58			41															dd986428bcc045e67bda29c3fe71cf84cdad85d7	dd986428bcc045e67bda29c3fe71cf84cdad85d7	1	1	DYN	1	97	97	1.0	computed		1			
coreutils_tac_clang_O2	coreutils	tac_clang	O2	clang_train	clang_train/bins/coreutils_tac_clang_O2.debug	clang_train/bins/coreutils_tac_clang_O2	1	1	clang_train/bir/coreutils_tac_clang_O2.bir	373996	1	94	schemaA:functions=name->addr		161	39	58			38															4118505c87505991dbade2572719435985fe3933	4118505c87505991dbade2572719435985fe3933	1	1	DYN	1	97	97	0.9743589743589743	computed		1			
coreutils_tac_clang_O3	coreutils	tac_clang	O3	clang_train	clang_train/bins/coreutils_tac_clang_O3.debug	clang_train/bins/coreutils_tac_clang_O3	1	1	clang_train/bir/coreutils_tac_clang_O3.bir	410309	1	94	schemaA:functions=name->addr		161	39	58			38															8fb5b824a37fdf488cebdbd70a990004ad90b2a2	8fb5b824a37fdf488cebdbd70a990004ad90b2a2	1	1	DYN	1	97	97	0.9743589743589743	computed		1			
coreutils_tail	coreutils	tail	default	local_main;wulver	data/raw/coreutils_tail_sym	data/stripped/coreutils_tail_stripped	1	1	data/bir/coreutils_tail.bir	1197512	1	163	schemaA:functions=name->addr		278	111	84	109	0		train	train	train	train	train	0		1	1	111	84	109	0	1	432ee0957497a4f1d414756a182ee8f1d3fb861c	432ee0957497a4f1d414756a182ee8f1d3fb861c	1	1	DYN	1	167	167	0.990990990990991	archive		1			
coreutils_tail_O0	coreutils	tail	O0	local_main;wulver	data/raw/coreutils_tail_O0_sym	data/stripped/coreutils_tail_O0_stripped	1	1	data/bir/coreutils_tail_O0.bir	1924666	1	234	schemaA:functions=name->addr		631	462	85	461	0		train	train	train	train	train	0		1	1	462	85	461	0	1	a1c8c7fb5925e1dfade69a2b520c63a659dad3b2	a1c8c7fb5925e1dfade69a2b520c63a659dad3b2	1	1	DYN	1	238	238	1.0	archive		1			
coreutils_tail_O1	coreutils	tail	O1	local_main;wulver	data/raw/coreutils_tail_O1_sym	data/stripped/coreutils_tail_O1_stripped	1	1	data/bir/coreutils_tail_O1.bir	1174225	1	147	schemaA:functions=name->addr		279	112	96	111	0		train	train	train	train	train	0		1	1	112	96	111	0	1	2b6ff854a50834629482da6dd6ac9a2b6ea1d3da	2b6ff854a50834629482da6dd6ac9a2b6ea1d3da	1	1	DYN	1	151	151	0.9910714285714286	archive		1			
coreutils_tail_O2	coreutils	tail	O2	local_main;wulver	data/raw/coreutils_tail_O2_sym	data/stripped/coreutils_tail_O2_stripped	1	1	data/bir/coreutils_tail_O2.bir	1197512	1	163	schemaA:functions=name->addr		278	111	84	109	0		val	val	val	val	val	0		1	1	111	84	109	0	1	432ee0957497a4f1d414756a182ee8f1d3fb861c	432ee0957497a4f1d414756a182ee8f1d3fb861c	1	1	DYN	1	167	167	0.990990990990991	archive		1			
coreutils_tail_O3	coreutils	tail	O3	local_main;wulver	data/raw/coreutils_tail_O3_sym	data/stripped/coreutils_tail_O3_stripped	1	1	data/bir/coreutils_tail_O3.bir	1516231	1	168	schemaA:functions=name->addr		295	128	96	126	0		train	train	train	train	train	0		1	1	128	96	126	0	1	b10417520b4e39c71fd233232cdc700ed705d269	b10417520b4e39c71fd233232cdc700ed705d269	1	1	DYN	1	172	172	1.0	archive		1			
coreutils_tail_clang_O0	coreutils	tail_clang	O0	clang_train	clang_train/bins/coreutils_tail_clang_O0.debug	clang_train/bins/coreutils_tail_clang_O0	1	1	clang_train/bir/coreutils_tail_clang_O0.bir	1829524	1	248	schemaA:functions=name->addr		411	248	83			248															5f59e020f66679c07e0a955aab4dbea59e3df6d0	5f59e020f66679c07e0a955aab4dbea59e3df6d0	1	1	DYN	1	251	251	1.0	computed		1			
coreutils_tail_clang_O1	coreutils	tail_clang	O1	clang_train	clang_train/bins/coreutils_tail_clang_O1.debug	clang_train/bins/coreutils_tail_clang_O1	1	1	clang_train/bir/coreutils_tail_clang_O1.bir	1033445	1	149	schemaA:functions=name->addr		236	75	81			74															3c8a43d26d22970279c68acdd6a65528a85d7c04	3c8a43d26d22970279c68acdd6a65528a85d7c04	1	1	DYN	1	152	152	0.9866666666666667	computed		1			
coreutils_tail_clang_O2	coreutils	tail_clang	O2	clang_train	clang_train/bins/coreutils_tail_clang_O2.debug	clang_train/bins/coreutils_tail_clang_O2	1	1	clang_train/bir/coreutils_tail_clang_O2.bir	1015229	1	149	schemaA:functions=name->addr		233	72	81			71															ced2dcd51b9d6e98dc2607d9297886f7688e72d6	ced2dcd51b9d6e98dc2607d9297886f7688e72d6	1	1	DYN	1	152	152	0.9861111111111112	computed		1			
coreutils_tail_clang_O3	coreutils	tail_clang	O3	clang_train	clang_train/bins/coreutils_tail_clang_O3.debug	clang_train/bins/coreutils_tail_clang_O3	1	1	clang_train/bir/coreutils_tail_clang_O3.bir	1065113	1	149	schemaA:functions=name->addr		235	74	81			73															29c0284cfa6a34496fd272d7ac8943bc6ec9bdbf	29c0284cfa6a34496fd272d7ac8943bc6ec9bdbf	1	1	DYN	1	152	152	0.9864864864864865	computed		1			
coreutils_tee_clang_O0	coreutils	tee_clang	O0	clang_train	clang_train/bins/coreutils_tee_clang_O0.debug	clang_train/bins/coreutils_tee_clang_O0	1	1	clang_train/bir/coreutils_tee_clang_O0.bir	693813	1	139	schemaA:functions=name->addr		258	139	57			139															4e3852dbdba2d30b41d30d498389bc61712b1150	4e3852dbdba2d30b41d30d498389bc61712b1150	1	1	DYN	1	142	142	1.0	computed		1			
coreutils_tee_clang_O1	coreutils	tee_clang	O1	clang_train	clang_train/bins/coreutils_tee_clang_O1.debug	clang_train/bins/coreutils_tee_clang_O1	1	1	clang_train/bir/coreutils_tee_clang_O1.bir	380351	1	102	schemaA:functions=name->addr		163	47	55			46															f3b3816a88876aab15d6fcc15cccd242b7ac3806	f3b3816a88876aab15d6fcc15cccd242b7ac3806	1	1	DYN	1	105	105	1.0	computed		1			
coreutils_tee_clang_O2	coreutils	tee_clang	O2	clang_train	clang_train/bins/coreutils_tee_clang_O2.debug	clang_train/bins/coreutils_tee_clang_O2	1	1	clang_train/bir/coreutils_tee_clang_O2.bir	374025	1	102	schemaA:functions=name->addr		160	44	55			43															feb8224e12a6a6e6abb2e60b1a33048ff0a13c5a	feb8224e12a6a6e6abb2e60b1a33048ff0a13c5a	1	1	DYN	1	105	105	1.0	computed		1			
coreutils_tee_clang_O3	coreutils	tee_clang	O3	clang_train	clang_train/bins/coreutils_tee_clang_O3.debug	clang_train/bins/coreutils_tee_clang_O3	1	1	clang_train/bir/coreutils_tee_clang_O3.bir	401988	1	101	schemaA:functions=name->addr		161	45	55			44															3a7f9ac8702f17aa732242e690c4d4ee4c1da7be	3a7f9ac8702f17aa732242e690c4d4ee4c1da7be	1	1	DYN	1	104	104	1.0	computed		1			
coreutils_test_clang_O0	coreutils	test_clang	O0	clang_train	clang_train/bins/coreutils_test_clang_O0.debug	clang_train/bins/coreutils_test_clang_O0	1	1	clang_train/bir/coreutils_test_clang_O0.bir	1127351	1	149	schemaA:functions=name->addr		257	149	53			149															40fbfb1e543f839b57ca55c276a9c1e95e759ab4	40fbfb1e543f839b57ca55c276a9c1e95e759ab4	1	1	DYN	1	152	152	1.0	computed		1			
coreutils_test_clang_O1	coreutils	test_clang	O1	clang_train	clang_train/bins/coreutils_test_clang_O1.debug	clang_train/bins/coreutils_test_clang_O1	1	1	clang_train/bir/coreutils_test_clang_O1.bir	467902	1	92	schemaA:functions=name->addr		143	41	48			40															273b5258840515a0edfe887aff832b3a0cc6e948	273b5258840515a0edfe887aff832b3a0cc6e948	1	1	DYN	1	95	95	0.9512195121951219	computed		1			
coreutils_test_clang_O2	coreutils	test_clang	O2	clang_train	clang_train/bins/coreutils_test_clang_O2.debug	clang_train/bins/coreutils_test_clang_O2	1	1	clang_train/bir/coreutils_test_clang_O2.bir	433429	1	92	schemaA:functions=name->addr		141	39	48			38															31466a665f91e623e6b3eff91ea58630defad7dd	31466a665f91e623e6b3eff91ea58630defad7dd	1	1	DYN	1	95	95	0.9487179487179487	computed		1			
coreutils_test_clang_O3	coreutils	test_clang	O3	clang_train	clang_train/bins/coreutils_test_clang_O3.debug	clang_train/bins/coreutils_test_clang_O3	1	1	clang_train/bir/coreutils_test_clang_O3.bir	452261	1	92	schemaA:functions=name->addr		141	39	48			38															779040ad14a9aa4c2179b5225a7aa2b100897793	779040ad14a9aa4c2179b5225a7aa2b100897793	1	1	DYN	1	95	95	0.9487179487179487	computed		1			
coreutils_timeout_clang_O0	coreutils	timeout_clang	O0	clang_train	clang_train/bins/coreutils_timeout_clang_O0.debug	clang_train/bins/coreutils_timeout_clang_O0	1	1	clang_train/bir/coreutils_timeout_clang_O0.bir	733183	1	133	schemaA:functions=name->addr		281	133	74			133															e749e850c4164931bdfe7add6b9fca5b27086a49	e749e850c4164931bdfe7add6b9fca5b27086a49	1	1	DYN	1	136	136	1.0	computed		1			
coreutils_timeout_clang_O1	coreutils	timeout_clang	O1	clang_train	clang_train/bins/coreutils_timeout_clang_O1.debug	clang_train/bins/coreutils_timeout_clang_O1	1	1	clang_train/bir/coreutils_timeout_clang_O1.bir	357615	1	93	schemaA:functions=name->addr		181	37	72			36															31c263dfbdc8b224fd91d228d9db1e25966b34e2	31c263dfbdc8b224fd91d228d9db1e25966b34e2	1	1	DYN	1	96	96	1.0	computed		1			
coreutils_timeout_clang_O2	coreutils	timeout_clang	O2	clang_train	clang_train/bins/coreutils_timeout_clang_O2.debug	clang_train/bins/coreutils_timeout_clang_O2	1	1	clang_train/bir/coreutils_timeout_clang_O2.bir	366277	1	93	schemaA:functions=name->addr		180	36	72			35															dea3e9b44ed0e70b114868e7e249268162188a74	dea3e9b44ed0e70b114868e7e249268162188a74	1	1	DYN	1	96	96	1.0	computed		1			
coreutils_timeout_clang_O3	coreutils	timeout_clang	O3	clang_train	clang_train/bins/coreutils_timeout_clang_O3.debug	clang_train/bins/coreutils_timeout_clang_O3	1	1	clang_train/bir/coreutils_timeout_clang_O3.bir	414267	1	93	schemaA:functions=name->addr		180	36	72			35															70ae326e79e582b56c5170ed6362626b6895c0b9	70ae326e79e582b56c5170ed6362626b6895c0b9	1	1	DYN	1	96	96	1.0	computed		1			
coreutils_touch_clang_O0	coreutils	touch_clang	O0	clang_train	clang_train/bins/coreutils_touch_clang_O0.debug	clang_train/bins/coreutils_touch_clang_O0	1	1	clang_train/bir/coreutils_touch_clang_O0.bir	1686556	1	202	schemaA:functions=name->addr		343	202	69			202															a47b60a5a53bdd937cebe3f4fd1631440e3a9446	a47b60a5a53bdd937cebe3f4fd1631440e3a9446	1	1	DYN	1	205	205	1.0	computed		1			
coreutils_touch_clang_O1	coreutils	touch_clang	O1	clang_train	clang_train/bins/coreutils_touch_clang_O1.debug	clang_train/bins/coreutils_touch_clang_O1	1	1	clang_train/bir/coreutils_touch_clang_O1.bir	1191531	1	127	schemaA:functions=name->addr		208	71	66			70															8173a42cb2509c473d748f98f2c7b95d1a75ef3f	8173a42cb2509c473d748f98f2c7b95d1a75ef3f	1	1	DYN	1	130	130	1.0	computed		1			
coreutils_touch_clang_O2	coreutils	touch_clang	O2	clang_train	clang_train/bins/coreutils_touch_clang_O2.debug	clang_train/bins/coreutils_touch_clang_O2	1	1	clang_train/bir/coreutils_touch_clang_O2.bir	1174080	1	127	schemaA:functions=name->addr		205	68	66			67															ebcd9d53eccf476b4962686d9c3b360a39361b5d	ebcd9d53eccf476b4962686d9c3b360a39361b5d	1	1	DYN	1	130	130	1.0	computed		1			
coreutils_touch_clang_O3	coreutils	touch_clang	O3	clang_train	clang_train/bins/coreutils_touch_clang_O3.debug	clang_train/bins/coreutils_touch_clang_O3	1	1	clang_train/bir/coreutils_touch_clang_O3.bir	1271171	1	126	schemaA:functions=name->addr		206	69	66			68															a65aa5b9f38201226b29ccbfa6a6956cf521bfd7	a65aa5b9f38201226b29ccbfa6a6956cf521bfd7	1	1	DYN	1	129	129	1.0	computed		1			
coreutils_tr	coreutils	tr	default	local_main;wulver	data/raw/coreutils_tr_sym	data/stripped/coreutils_tr_stripped	1	1	data/bir/coreutils_tr.bir	476521	1	111	schemaA:functions=name->addr		179	65	54	63	0		val	val	val	val	val	0		1	1	65	54	63	0	1	75abc2dd898fcf934b5ad65696c26b0dd69fad72	75abc2dd898fcf934b5ad65696c26b0dd69fad72	1	1	DYN	1	115	115	1.0	archive	coreutils_tr_O2:0.937	1			dup_group_keeper:coreutils_tr_O2
coreutils_tr_O0	coreutils	tr	O0	local_main;wulver	data/raw/coreutils_tr_O0_sym	data/stripped/coreutils_tr_O0_stripped	1	1	data/bir/coreutils_tr_O0.bir	832969	1	149	schemaA:functions=name->addr		411	293	56	293	0		train	train	train	train	train	0		1	1	293	56	293	0	1	0739ed8cdf51660b88b832a2b7652c276d633c7f	0739ed8cdf51660b88b832a2b7652c276d633c7f	1	1	DYN	1	153	153	1.0	archive		1			
coreutils_tr_O1	coreutils	tr	O1	local_main;wulver	data/raw/coreutils_tr_O1_sym	data/stripped/coreutils_tr_O1_stripped	1	1	data/bir/coreutils_tr_O1.bir	550310	1	96	schemaA:functions=name->addr		188	72	59	71	0		train	train	train	train	train	0		1	1	72	59	71	0	1	6fdc41756eb943172fcae220f90ad60cfe5a12ba	6fdc41756eb943172fcae220f90ad60cfe5a12ba	1	1	DYN	1	100	100	1.0	archive		1			
coreutils_tr_O2	coreutils	tr	O2	local_main;wulver	data/raw/coreutils_tr_O2_sym	data/stripped/coreutils_tr_O2_stripped	1	1	data/bir/coreutils_tr_O2.bir	476521	1	111	schemaA:functions=name->addr		179	65	54	63	0		train	train	train	train	train	0		1	1	65	54	63	0	1	75abc2dd898fcf934b5ad65696c26b0dd69fad72	75abc2dd898fcf934b5ad65696c26b0dd69fad72	1	1	DYN	1	115	115	1.0	archive	coreutils_tr:0.937	0	duplicate_build_of:coreutils_tr		
coreutils_tr_O3	coreutils	tr	O3	local_main;wulver	data/raw/coreutils_tr_O3_sym	data/stripped/coreutils_tr_O3_stripped	1	1	data/bir/coreutils_tr_O3.bir	754004	1	117	schemaA:functions=name->addr		202	88	58	86	0		train	train	train	train	train	0		1	1	88	58	86	0	1	d810332d672d9894c7ff0304d0a9c2ddbe07aad0	d810332d672d9894c7ff0304d0a9c2ddbe07aad0	1	1	DYN	1	121	121	1.0	archive		1			
coreutils_tr_clang_O0	coreutils	tr_clang	O0	clang_train	clang_train/bins/coreutils_tr_clang_O0.debug	clang_train/bins/coreutils_tr_clang_O0	1	1	clang_train/bir/coreutils_tr_clang_O0.bir	791466	1	154	schemaA:functions=name->addr		269	154	55			154															ad6a3e1b051dc8bf3c11c88c60fcb2f924019d51	ad6a3e1b051dc8bf3c11c88c60fcb2f924019d51	1	1	DYN	1	157	157	1.0	computed		1			
coreutils_tr_clang_O1	coreutils	tr_clang	O1	clang_train	clang_train/bins/coreutils_tr_clang_O1.debug	clang_train/bins/coreutils_tr_clang_O1	1	1	clang_train/bir/coreutils_tr_clang_O1.bir	419614	1	95	schemaA:functions=name->addr		152	40	53			39															a508a34ba6acfd4db124eadb15369b9117737919	a508a34ba6acfd4db124eadb15369b9117737919	1	1	DYN	1	98	98	1.0	computed		1			
coreutils_tr_clang_O2	coreutils	tr_clang	O2	clang_train	clang_train/bins/coreutils_tr_clang_O2.debug	clang_train/bins/coreutils_tr_clang_O2	1	1	clang_train/bir/coreutils_tr_clang_O2.bir	442334	1	94	schemaA:functions=name->addr		150	38	53			37															93472751252fb424eb92344dd3faa6be66e34018	93472751252fb424eb92344dd3faa6be66e34018	1	1	DYN	1	97	97	1.0	computed		1			
coreutils_tr_clang_O3	coreutils	tr_clang	O3	clang_train	clang_train/bins/coreutils_tr_clang_O3.debug	clang_train/bins/coreutils_tr_clang_O3	1	1	clang_train/bir/coreutils_tr_clang_O3.bir	472815	1	94	schemaA:functions=name->addr		150	38	53			37															222d6df3826cf68b0a12ef0d8e335245199984f2	222d6df3826cf68b0a12ef0d8e335245199984f2	1	1	DYN	1	97	97	1.0	computed		1			
coreutils_true_clang_O0	coreutils	true_clang	O0	clang_train	clang_train/bins/coreutils_true_clang_O0.debug	clang_train/bins/coreutils_true_clang_O0	1	1	clang_train/bir/coreutils_true_clang_O0.bir	455337	1	107	schemaA:functions=name->addr		192	107	40			107															8ebafe8bc6c716fec3697d4505051183c173c3da	8ebafe8bc6c716fec3697d4505051183c173c3da	1	1	DYN	1	110	110	1.0	computed		1			
coreutils_true_clang_O1	coreutils	true_clang	O1	clang_train	clang_train/bins/coreutils_true_clang_O1.debug	clang_train/bins/coreutils_true_clang_O1	1	1	clang_train/bir/coreutils_true_clang_O1.bir	173329	1	82	schemaA:functions=name->addr		109	27	38			26															acef798c469714d2f0b3dfbc3f91f284e4b98a14	acef798c469714d2f0b3dfbc3f91f284e4b98a14	1	1	DYN	1	85	85	1.0	computed		1			
coreutils_true_clang_O2	coreutils	true_clang	O2	clang_train	clang_train/bins/coreutils_true_clang_O2.debug	clang_train/bins/coreutils_true_clang_O2	1	1	clang_train/bir/coreutils_true_clang_O2.bir	180745	1	82	schemaA:functions=name->addr		108	26	38			25															a82506a6741df8de1d97721096667e9f37c29160	a82506a6741df8de1d97721096667e9f37c29160	1	1	DYN	1	85	85	1.0	computed		1			
coreutils_true_clang_O3	coreutils	true_clang	O3	clang_train	clang_train/bins/coreutils_true_clang_O3.debug	clang_train/bins/coreutils_true_clang_O3	1	1	clang_train/bir/coreutils_true_clang_O3.bir	192993	1	82	schemaA:functions=name->addr		108	26	38			25															7ccd6842314708afe69dc9c59c2c0eccbd93ba4a	7ccd6842314708afe69dc9c59c2c0eccbd93ba4a	1	1	DYN	1	85	85	1.0	computed		1			
coreutils_truncate_clang_O0	coreutils	truncate_clang	O0	clang_train	clang_train/bins/coreutils_truncate_clang_O0.debug	clang_train/bins/coreutils_truncate_clang_O0	1	1	clang_train/bir/coreutils_truncate_clang_O0.bir	583985	1	117	schemaA:functions=name->addr		220	117	49			117															efcac5a719fb9157b55335e5e6af2a3e21779c13	efcac5a719fb9157b55335e5e6af2a3e21779c13	1	1	DYN	1	120	120	1.0	computed		1			
coreutils_truncate_clang_O1	coreutils	truncate_clang	O1	clang_train	clang_train/bins/coreutils_truncate_clang_O1.debug	clang_train/bins/coreutils_truncate_clang_O1	1	1	clang_train/bir/coreutils_truncate_clang_O1.bir	259936	1	84	schemaA:functions=name->addr		132	32	47			31															26417fa74114d48d9e45f256398e88bd5cae4cf9	26417fa74114d48d9e45f256398e88bd5cae4cf9	1	1	DYN	1	87	87	1.0	computed		1			
coreutils_truncate_clang_O2	coreutils	truncate_clang	O2	clang_train	clang_train/bins/coreutils_truncate_clang_O2.debug	clang_train/bins/coreutils_truncate_clang_O2	1	1	clang_train/bir/coreutils_truncate_clang_O2.bir	263839	1	84	schemaA:functions=name->addr		131	31	47			30															aa17616820b30f51cfa0251b7e6a906b3635c6ac	aa17616820b30f51cfa0251b7e6a906b3635c6ac	1	1	DYN	1	87	87	1.0	computed		1			
coreutils_truncate_clang_O3	coreutils	truncate_clang	O3	clang_train	clang_train/bins/coreutils_truncate_clang_O3.debug	clang_train/bins/coreutils_truncate_clang_O3	1	1	clang_train/bir/coreutils_truncate_clang_O3.bir	278766	1	84	schemaA:functions=name->addr		131	31	47			30															f2d220350d62935c817ff8837c5f062ffdaea361	f2d220350d62935c817ff8837c5f062ffdaea361	1	1	DYN	1	87	87	1.0	computed		1			
coreutils_tsort	coreutils	tsort	default	local_main;wulver	data/raw/coreutils_tsort_sym	data/stripped/coreutils_tsort_stripped	1	1	data/bir/coreutils_tsort.bir	682663	1	103	schemaA:functions=name->addr		168	58	52	56	0		train	train	train	train	train	0		1	1	58	52	56	0	1	2a305082c6708fec4bbb41da7b2a591871b7fd21	2a305082c6708fec4bbb41da7b2a591871b7fd21	1	1	DYN	1	107	107	1.0	archive		1			
coreutils_tsort_O0	coreutils	tsort	O0	local_main;wulver	data/raw/coreutils_tsort_O0_sym	data/stripped/coreutils_tsort_O0_stripped	1	1	data/bir/coreutils_tsort_O0.bir	623086	1	125	schemaA:functions=name->addr		359	247	53	246	0		train	train	train	train	train	0		1	1	247	53	246	0	1	37e7fed392a966bc4e2f1d1f21f24785c061c5a7	37e7fed392a966bc4e2f1d1f21f24785c061c5a7	1	1	DYN	1	129	129	1.0	archive		1			
coreutils_tsort_O1	coreutils	tsort	O1	local_main;wulver	data/raw/coreutils_tsort_O1_sym	data/stripped/coreutils_tsort_O1_stripped	1	1	data/bir/coreutils_tsort_O1.bir	429926	1	90	schemaA:functions=name->addr		173	63	56	62	0		train	train	train	train	train	0		1	1	63	56	62	0	1	7ccf16ff3fdb6f6ecd42f0a3171a4733177537e5	7ccf16ff3fdb6f6ecd42f0a3171a4733177537e5	1	1	DYN	1	94	94	1.0	archive		1			
coreutils_tsort_O2	coreutils	tsort	O2	local_main;wulver	data/raw/coreutils_tsort_O2_sym	data/stripped/coreutils_tsort_O2_stripped	1	1	data/bir/coreutils_tsort_O2.bir	682663	1	103	schemaA:functions=name->addr		168	58	52	56	0		train	train	train	train	train	0		1	1	58	52	56	0	1	2a305082c6708fec4bbb41da7b2a591871b7fd21	2a305082c6708fec4bbb41da7b2a591871b7fd21	1	1	DYN	1	107	107	1.0	archive		1			
coreutils_tsort_O3	coreutils	tsort	O3	local_main;wulver	data/raw/coreutils_tsort_O3_sym	data/stripped/coreutils_tsort_O3_stripped	1	1	data/bir/coreutils_tsort_O3.bir	722040	1	110	schemaA:functions=name->addr		192	82	56	79	0		train	train	train	train	train	0		1	1	82	56	79	0	1	297a87f4101247bf2485ff361c5dd1d19581d26b	297a87f4101247bf2485ff361c5dd1d19581d26b	1	1	DYN	1	114	114	1.0	archive		1			
coreutils_tsort_clang_O0	coreutils	tsort_clang	O0	clang_train	clang_train/bins/coreutils_tsort_clang_O0.debug	clang_train/bins/coreutils_tsort_clang_O0	1	1	clang_train/bir/coreutils_tsort_clang_O0.bir	601395	1	128	schemaA:functions=name->addr		231	128	49			128															4c358a18036e0e169c1f831ad35eca25ed5f5e96	4c358a18036e0e169c1f831ad35eca25ed5f5e96	1	1	DYN	1	131	131	1.0	computed		1			
coreutils_tsort_clang_O1	coreutils	tsort_clang	O1	clang_train	clang_train/bins/coreutils_tsort_clang_O1.debug	clang_train/bins/coreutils_tsort_clang_O1	1	1	clang_train/bir/coreutils_tsort_clang_O1.bir	286898	1	94	schemaA:functions=name->addr		140	40	47			39															e0337b0918d99e26cda409384a4e492b618cda22	e0337b0918d99e26cda409384a4e492b618cda22	1	1	DYN	1	97	97	1.0	computed		1			
coreutils_tsort_clang_O2	coreutils	tsort_clang	O2	clang_train	clang_train/bins/coreutils_tsort_clang_O2.debug	clang_train/bins/coreutils_tsort_clang_O2	1	1	clang_train/bir/coreutils_tsort_clang_O2.bir	294660	1	94	schemaA:functions=name->addr		138	38	47			37															310fe04cf3d2372f073c6a9238c4126d2d099ba4	310fe04cf3d2372f073c6a9238c4126d2d099ba4	1	1	DYN	1	97	97	1.0	computed		1			
coreutils_tsort_clang_O3	coreutils	tsort_clang	O3	clang_train	clang_train/bins/coreutils_tsort_clang_O3.debug	clang_train/bins/coreutils_tsort_clang_O3	1	1	clang_train/bir/coreutils_tsort_clang_O3.bir	310627	1	94	schemaA:functions=name->addr		138	38	47			37															94eca69105c7ce87fe6952358efcd407d8cd44aa	94eca69105c7ce87fe6952358efcd407d8cd44aa	1	1	DYN	1	97	97	1.0	computed		1			
coreutils_tty_clang_O0	coreutils	tty_clang	O0	clang_train	clang_train/bins/coreutils_tty_clang_O0.debug	clang_train/bins/coreutils_tty_clang_O0	1	1	clang_train/bir/coreutils_tty_clang_O0.bir	465424	1	108	schemaA:functions=name->addr		201	108	44			108															9506e5e4e341e36416bc7f21456046a9b5ac1534	9506e5e4e341e36416bc7f21456046a9b5ac1534	1	1	DYN	1	111	111	1.0	computed		1			
coreutils_tty_clang_O1	coreutils	tty_clang	O1	clang_train	clang_train/bins/coreutils_tty_clang_O1.debug	clang_train/bins/coreutils_tty_clang_O1	1	1	clang_train/bir/coreutils_tty_clang_O1.bir	185937	1	81	schemaA:functions=name->addr		117	27	42			26															aa9d51b7fecdeacb21e654375556dd4017480e14	aa9d51b7fecdeacb21e654375556dd4017480e14	1	1	DYN	1	84	84	1.0	computed		1			
coreutils_tty_clang_O2	coreutils	tty_clang	O2	clang_train	clang_train/bins/coreutils_tty_clang_O2.debug	clang_train/bins/coreutils_tty_clang_O2	1	1	clang_train/bir/coreutils_tty_clang_O2.bir	192920	1	81	schemaA:functions=name->addr		116	26	42			25															271f3e8d809ca23169f7d7facb027e9c2bfcb259	271f3e8d809ca23169f7d7facb027e9c2bfcb259	1	1	DYN	1	84	84	1.0	computed		1			
coreutils_tty_clang_O3	coreutils	tty_clang	O3	clang_train	clang_train/bins/coreutils_tty_clang_O3.debug	clang_train/bins/coreutils_tty_clang_O3	1	1	clang_train/bir/coreutils_tty_clang_O3.bir	205168	1	81	schemaA:functions=name->addr		116	26	42			25															5c0f0b01f10ebb05f160924c789f8fb5dda02c6e	5c0f0b01f10ebb05f160924c789f8fb5dda02c6e	1	1	DYN	1	84	84	1.0	computed		1			
coreutils_uname_clang_O0	coreutils	uname_clang	O0	clang_train	clang_train/bins/coreutils_uname_clang_O0.debug	clang_train/bins/coreutils_uname_clang_O0	1	1	clang_train/bir/coreutils_uname_clang_O0.bir	497115	1	110	schemaA:functions=name->addr		201	110	43			110															4047ef1392ef7958e682f9a940b53a538283400c	4047ef1392ef7958e682f9a940b53a538283400c	1	1	DYN	1	113	113	1.0	computed		1			
coreutils_uname_clang_O1	coreutils	uname_clang	O1	clang_train	clang_train/bins/coreutils_uname_clang_O1.debug	clang_train/bins/coreutils_uname_clang_O1	1	1	clang_train/bir/coreutils_uname_clang_O1.bir	213626	1	81	schemaA:functions=name->addr		115	27	41			26															b94bb84044e9e2dfc0cb601c7e1006fb4768916d	b94bb84044e9e2dfc0cb601c7e1006fb4768916d	1	1	DYN	1	84	84	1.0	computed		1			
coreutils_uname_clang_O2	coreutils	uname_clang	O2	clang_train	clang_train/bins/coreutils_uname_clang_O2.debug	clang_train/bins/coreutils_uname_clang_O2	1	1	clang_train/bir/coreutils_uname_clang_O2.bir	220738	1	81	schemaA:functions=name->addr		114	26	41			25															52357fec594e455393661121887d5750dc47d06c	52357fec594e455393661121887d5750dc47d06c	1	1	DYN	1	84	84	1.0	computed		1			
coreutils_uname_clang_O3	coreutils	uname_clang	O3	clang_train	clang_train/bins/coreutils_uname_clang_O3.debug	clang_train/bins/coreutils_uname_clang_O3	1	1	clang_train/bir/coreutils_uname_clang_O3.bir	233460	1	81	schemaA:functions=name->addr		114	26	41			25															d78cd9f83e27e37ba1b0658eff874fc30911f890	d78cd9f83e27e37ba1b0658eff874fc30911f890	1	1	DYN	1	84	84	1.0	computed		1			
coreutils_unexpand_clang_O0	coreutils	unexpand_clang	O0	clang_train	clang_train/bins/coreutils_unexpand_clang_O0.debug	clang_train/bins/coreutils_unexpand_clang_O0	1	1	clang_train/bir/coreutils_unexpand_clang_O0.bir	626516	1	128	schemaA:functions=name->addr		239	128	53			128															1676a282f8f0f747404890f1ab074d4e818af22b	1676a282f8f0f747404890f1ab074d4e818af22b	1	1	DYN	1	131	131	1.0	computed		1			
coreutils_unexpand_clang_O1	coreutils	unexpand_clang	O1	clang_train	clang_train/bins/coreutils_unexpand_clang_O1.debug	clang_train/bins/coreutils_unexpand_clang_O1	1	1	clang_train/bir/coreutils_unexpand_clang_O1.bir	319858	1	93	schemaA:functions=name->addr		150	42	51			41															de3dc25f392a1f0c3aa11f4e614d9bcbdd07db97	de3dc25f392a1f0c3aa11f4e614d9bcbdd07db97	1	1	DYN	1	96	96	0.9523809523809523	computed		1			
coreutils_unexpand_clang_O2	coreutils	unexpand_clang	O2	clang_train	clang_train/bins/coreutils_unexpand_clang_O2.debug	clang_train/bins/coreutils_unexpand_clang_O2	1	1	clang_train/bir/coreutils_unexpand_clang_O2.bir	333611	1	93	schemaA:functions=name->addr		149	41	51			40															1fecbd50d3132df2a041a5359d96ab1dac1358c5	1fecbd50d3132df2a041a5359d96ab1dac1358c5	1	1	DYN	1	96	96	0.9512195121951219	computed		1			
coreutils_unexpand_clang_O3	coreutils	unexpand_clang	O3	clang_train	clang_train/bins/coreutils_unexpand_clang_O3.debug	clang_train/bins/coreutils_unexpand_clang_O3	1	1	clang_train/bir/coreutils_unexpand_clang_O3.bir	348642	1	93	schemaA:functions=name->addr		149	41	51			40															9c86ef988913d25b252629b2764576bdb4b70a2d	9c86ef988913d25b252629b2764576bdb4b70a2d	1	1	DYN	1	96	96	0.9512195121951219	computed		1			
coreutils_uniq	coreutils	uniq	default	local_main;wulver	data/raw/coreutils_uniq_sym	data/stripped/coreutils_uniq_stripped	1	1	data/bir/coreutils_uniq.bir	447929	1	110	schemaA:functions=name->addr		189	67	58	65	0		train	train	train	train	train	0		1	1	67	58	65	0	1	07ff0aba4fdd2118d4ccdb73fae099097f70970c	07ff0aba4fdd2118d4ccdb73fae099097f70970c	1	1	DYN	1	114	114	1.0	archive		1			
coreutils_uniq_O0	coreutils	uniq	O0	local_main;wulver	data/raw/coreutils_uniq_O0_sym	data/stripped/coreutils_uniq_O0_stripped	1	1	data/bir/coreutils_uniq_O0.bir	692766	1	132	schemaA:functions=name->addr		388	260	61	259	0		train	train	train	train	train	0		1	1	260	61	259	0	1	5cdf4bfea8c56728d2d362438508f4fe00a7745f	5cdf4bfea8c56728d2d362438508f4fe00a7745f	1	1	DYN	1	136	136	1.0	archive		1			
coreutils_uniq_O1	coreutils	uniq	O1	local_main;wulver	data/raw/coreutils_uniq_O1_sym	data/stripped/coreutils_uniq_O1_stripped	1	1	data/bir/coreutils_uniq_O1.bir	496440	1	100	schemaA:functions=name->addr		195	73	62	72	0		train	train	train	train	train	0		1	1	73	62	72	0	1	26850fe96e053afdca06cfc706b8f0b6be3d1a60	26850fe96e053afdca06cfc706b8f0b6be3d1a60	1	1	DYN	1	104	104	1.0	archive		1			
coreutils_uniq_O2	coreutils	uniq	O2	local_main;wulver	data/raw/coreutils_uniq_O2_sym	data/stripped/coreutils_uniq_O2_stripped	1	1	data/bir/coreutils_uniq_O2.bir	447929	1	110	schemaA:functions=name->addr		189	67	58	65	0		train	train	train	train	train	0		1	1	67	58	65	0	1	07ff0aba4fdd2118d4ccdb73fae099097f70970c	07ff0aba4fdd2118d4ccdb73fae099097f70970c	1	1	DYN	1	114	114	1.0	archive		1			
coreutils_uniq_O3	coreutils	uniq	O3	local_main;wulver	data/raw/coreutils_uniq_O3_sym	data/stripped/coreutils_uniq_O3_stripped	1	1	data/bir/coreutils_uniq_O3.bir	676266	1	115	schemaA:functions=name->addr		205	83	62	81	0		train	train	train	train	train	0		1	1	83	62	81	0	1	58cecfd31301f5387f42b199b306a08559949842	58cecfd31301f5387f42b199b306a08559949842	1	1	DYN	1	119	119	1.0	archive		1			
coreutils_uniq_clang_O0	coreutils	uniq_clang	O0	clang_train	clang_train/bins/coreutils_uniq_clang_O0.debug	clang_train/bins/coreutils_uniq_clang_O0	1	1	clang_train/bir/coreutils_uniq_clang_O0.bir	737143	1	149	schemaA:functions=name->addr		276	149	61			149															6f05afc4649de16f2dc272a6fc040ba92fcc6f46	6f05afc4649de16f2dc272a6fc040ba92fcc6f46	1	1	DYN	1	152	152	1.0	computed		1			
coreutils_uniq_clang_O1	coreutils	uniq_clang	O1	clang_train	clang_train/bins/coreutils_uniq_clang_O1.debug	clang_train/bins/coreutils_uniq_clang_O1	1	1	clang_train/bir/coreutils_uniq_clang_O1.bir	384769	1	101	schemaA:functions=name->addr		164	44	57			43															6de1a7a3817ff4582fd4e5e3eaeb8d5965c2f2ab	6de1a7a3817ff4582fd4e5e3eaeb8d5965c2f2ab	1	1	DYN	1	104	104	1.0	computed		1			
coreutils_uniq_clang_O2	coreutils	uniq_clang	O2	clang_train	clang_train/bins/coreutils_uniq_clang_O2.debug	clang_train/bins/coreutils_uniq_clang_O2	1	1	clang_train/bir/coreutils_uniq_clang_O2.bir	383879	1	101	schemaA:functions=name->addr		162	42	57			41															a84c04645ef8600d9be96c8c0810ddb6190ec860	a84c04645ef8600d9be96c8c0810ddb6190ec860	1	1	DYN	1	104	104	1.0	computed		1			
coreutils_uniq_clang_O3	coreutils	uniq_clang	O3	clang_train	clang_train/bins/coreutils_uniq_clang_O3.debug	clang_train/bins/coreutils_uniq_clang_O3	1	1	clang_train/bir/coreutils_uniq_clang_O3.bir	411013	1	101	schemaA:functions=name->addr		164	44	57			43															2d34fd7ca0d9b12036b2e6a6d4d506b04278b3f8	2d34fd7ca0d9b12036b2e6a6d4d506b04278b3f8	1	1	DYN	1	104	104	1.0	computed		1			
coreutils_unlink_clang_O0	coreutils	unlink_clang	O0	clang_train	clang_train/bins/coreutils_unlink_clang_O0.debug	clang_train/bins/coreutils_unlink_clang_O0	1	1	clang_train/bir/coreutils_unlink_clang_O0.bir	479436	1	109	schemaA:functions=name->addr		198	109	42			109															5e5b0bc989c95a3becdddb4a7769e0b95199044b	5e5b0bc989c95a3becdddb4a7769e0b95199044b	1	1	DYN	1	112	112	1.0	computed		1			
coreutils_unlink_clang_O1	coreutils	unlink_clang	O1	clang_train	clang_train/bins/coreutils_unlink_clang_O1.debug	clang_train/bins/coreutils_unlink_clang_O1	1	1	clang_train/bir/coreutils_unlink_clang_O1.bir	199327	1	83	schemaA:functions=name->addr		115	29	40			28															a1cd56b0087eed37f741a0cf22d42b8b8232e7f5	a1cd56b0087eed37f741a0cf22d42b8b8232e7f5	1	1	DYN	1	86	86	1.0	computed		1			
coreutils_unlink_clang_O2	coreutils	unlink_clang	O2	clang_train	clang_train/bins/coreutils_unlink_clang_O2.debug	clang_train/bins/coreutils_unlink_clang_O2	1	1	clang_train/bir/coreutils_unlink_clang_O2.bir	205151	1	83	schemaA:functions=name->addr		113	27	40			26															8cf89ccba04edc9d6a9b7333fcc6301b2e8021a3	8cf89ccba04edc9d6a9b7333fcc6301b2e8021a3	1	1	DYN	1	86	86	1.0	computed		1			
coreutils_unlink_clang_O3	coreutils	unlink_clang	O3	clang_train	clang_train/bins/coreutils_unlink_clang_O3.debug	clang_train/bins/coreutils_unlink_clang_O3	1	1	clang_train/bir/coreutils_unlink_clang_O3.bir	217399	1	83	schemaA:functions=name->addr		113	27	40			26															31c9c819d77082d3c8c7f83ff46de657c265ff67	31c9c819d77082d3c8c7f83ff46de657c265ff67	1	1	DYN	1	86	86	1.0	computed		1			
coreutils_uptime_clang_O0	coreutils	uptime_clang	O0	clang_train	clang_train/bins/coreutils_uptime_clang_O0.debug	clang_train/bins/coreutils_uptime_clang_O0	1	1	clang_train/bir/coreutils_uptime_clang_O0.bir	930206	1	162	schemaA:functions=name->addr		309	162	72			162															6d016263e2539a4e2b581381747f1002bad1f9bd	6d016263e2539a4e2b581381747f1002bad1f9bd	1	1	DYN	1	165	165	1.0	computed		1			
coreutils_uptime_clang_O1	coreutils	uptime_clang	O1	clang_train	clang_train/bins/coreutils_uptime_clang_O1.debug	clang_train/bins/coreutils_uptime_clang_O1	1	1	clang_train/bir/coreutils_uptime_clang_O1.bir	632183	1	102	schemaA:functions=name->addr		188	45	69			44															257ea74f1ee682f2562951fe495df257d8a6483b	257ea74f1ee682f2562951fe495df257d8a6483b	1	1	DYN	1	105	105	1.0	computed		1			
coreutils_uptime_clang_O2	coreutils	uptime_clang	O2	clang_train	clang_train/bins/coreutils_uptime_clang_O2.debug	clang_train/bins/coreutils_uptime_clang_O2	1	1	clang_train/bir/coreutils_uptime_clang_O2.bir	624876	1	102	schemaA:functions=name->addr		183	40	69			39															ffe080b1db38a3edf162c29aa41f58f6cd9960bf	ffe080b1db38a3edf162c29aa41f58f6cd9960bf	1	1	DYN	1	105	105	1.0	computed		1			
coreutils_uptime_clang_O3	coreutils	uptime_clang	O3	clang_train	clang_train/bins/coreutils_uptime_clang_O3.debug	clang_train/bins/coreutils_uptime_clang_O3	1	1	clang_train/bir/coreutils_uptime_clang_O3.bir	693826	1	102	schemaA:functions=name->addr		183	40	69			39															7700046115c43c7d18cf813fe1aebf965956417e	7700046115c43c7d18cf813fe1aebf965956417e	1	1	DYN	1	105	105	1.0	computed		1			
coreutils_users_clang_O0	coreutils	users_clang	O0	clang_train	clang_train/bins/coreutils_users_clang_O0.debug	clang_train/bins/coreutils_users_clang_O0	1	1	clang_train/bir/coreutils_users_clang_O0.bir	661328	1	133	schemaA:functions=name->addr		256	133	59			133															75fb2ee21f3a03878e896a865970d3ec0c1c12cd	75fb2ee21f3a03878e896a865970d3ec0c1c12cd	1	1	DYN	1	136	136	1.0	computed		1			
coreutils_users_clang_O1	coreutils	users_clang	O1	clang_train	clang_train/bins/coreutils_users_clang_O1.debug	clang_train/bins/coreutils_users_clang_O1	1	1	clang_train/bir/coreutils_users_clang_O1.bir	319550	1	89	schemaA:functions=name->addr		156	36	57			35															19a3edea63134ac40cb45060f71c6cdd44f7558a	19a3edea63134ac40cb45060f71c6cdd44f7558a	1	1	DYN	1	92	92	1.0	computed		1			
coreutils_users_clang_O2	coreutils	users_clang	O2	clang_train	clang_train/bins/coreutils_users_clang_O2.debug	clang_train/bins/coreutils_users_clang_O2	1	1	clang_train/bir/coreutils_users_clang_O2.bir	329585	1	89	schemaA:functions=name->addr		154	34	57			33															b57ccb27a7a577b0d0d0bb66b8eb2590e606f275	b57ccb27a7a577b0d0d0bb66b8eb2590e606f275	1	1	DYN	1	92	92	1.0	computed		1			
coreutils_users_clang_O3	coreutils	users_clang	O3	clang_train	clang_train/bins/coreutils_users_clang_O3.debug	clang_train/bins/coreutils_users_clang_O3	1	1	clang_train/bir/coreutils_users_clang_O3.bir	341950	1	89	schemaA:functions=name->addr		154	34	57			33															bbe894fbe8723c457c180dac36fa95002d3b2a64	bbe894fbe8723c457c180dac36fa95002d3b2a64	1	1	DYN	1	92	92	1.0	computed		1			
coreutils_vdir_clang_O0	coreutils	vdir_clang	O0	clang_train	clang_train/bins/coreutils_vdir_clang_O0.debug	clang_train/bins/coreutils_vdir_clang_O0	1	1	clang_train/bir/coreutils_vdir_clang_O0.bir	2930319	1	486	schemaA:functions=name->addr		695	489	107			486															7abe6d7379bbe955e669ada05185400b41908811	7abe6d7379bbe955e669ada05185400b41908811	1	1	DYN	1	492	492	1.0	computed		1			
coreutils_vdir_clang_O1	coreutils	vdir_clang	O1	clang_train	clang_train/bins/coreutils_vdir_clang_O1.debug	clang_train/bins/coreutils_vdir_clang_O1	1	1	clang_train/bir/coreutils_vdir_clang_O1.bir	1788393	1	282	schemaA:functions=name->addr		328	131	101			130															9320e036c4af66a5a377379c934bee320ee65bfa	9320e036c4af66a5a377379c934bee320ee65bfa	1	1	DYN	1	285	285	0.9694656488549618	computed		1			
coreutils_vdir_clang_O2	coreutils	vdir_clang	O2	clang_train	clang_train/bins/coreutils_vdir_clang_O2.debug	clang_train/bins/coreutils_vdir_clang_O2	1	1	clang_train/bir/coreutils_vdir_clang_O2.bir	1804797	1	282	schemaA:functions=name->addr		317	120	101			119															f3c70bd4ee9b4ae68da34b2eb0d49fba360b8fdc	f3c70bd4ee9b4ae68da34b2eb0d49fba360b8fdc	1	1	DYN	1	285	285	0.9666666666666667	computed		1			
coreutils_vdir_clang_O3	coreutils	vdir_clang	O3	clang_train	clang_train/bins/coreutils_vdir_clang_O3.debug	clang_train/bins/coreutils_vdir_clang_O3	1	1	clang_train/bir/coreutils_vdir_clang_O3.bir	1966732	1	282	schemaA:functions=name->addr		318	121	101			120															f27257636b9e47522ad4cb8b1a4caa3a276eee29	f27257636b9e47522ad4cb8b1a4caa3a276eee29	1	1	DYN	1	285	285	0.9669421487603306	computed		1			
coreutils_wc	coreutils	wc	default	local_main;wulver	data/raw/coreutils_wc_sym	data/stripped/coreutils_wc_stripped	1	1	data/bir/coreutils_wc.bir	627739	1	121	schemaA:functions=name->addr		219	68	79	66	0		train	train	train	train	train	0		1	1	68	79	66	0	1	bceb94f19ccd3c7e12efc91a39aa5fdb73dd4f48	bceb94f19ccd3c7e12efc91a39aa5fdb73dd4f48	1	1	DYN	1	125	125	1.0	archive		1			
coreutils_wc_O0	coreutils	wc	O0	local_main;wulver	data/raw/coreutils_wc_O0_sym	data/stripped/coreutils_wc_O0_stripped	1	1	data/bir/coreutils_wc_O0.bir	1057240	1	152	schemaA:functions=name->addr		444	290	81	289	0		train	train	train	train	train	0		1	1	290	81	289	0	1	e4063666dbdc69905de5afa19e6cc0b5d5eb1593	e4063666dbdc69905de5afa19e6cc0b5d5eb1593	1	1	DYN	1	156	156	1.0	archive		1			
coreutils_wc_O1	coreutils	wc	O1	local_main;wulver	data/raw/coreutils_wc_O1_sym	data/stripped/coreutils_wc_O1_stripped	1	1	data/bir/coreutils_wc_O1.bir	677787	1	110	schemaA:functions=name->addr		230	79	86	78	0		train	train	train	train	train	0		1	1	79	86	78	0	1	3ee5889bf1b06ea2f2fd7f7174359397d2a02d77	3ee5889bf1b06ea2f2fd7f7174359397d2a02d77	1	1	DYN	1	114	114	1.0	archive		1			
coreutils_wc_O2	coreutils	wc	O2	local_main;wulver	data/raw/coreutils_wc_O2_sym	data/stripped/coreutils_wc_O2_stripped	1	1	data/bir/coreutils_wc_O2.bir	627739	1	121	schemaA:functions=name->addr		219	68	79	66	0		train	train	train	train	train	0		1	1	68	79	66	0	1	bceb94f19ccd3c7e12efc91a39aa5fdb73dd4f48	bceb94f19ccd3c7e12efc91a39aa5fdb73dd4f48	1	1	DYN	1	125	125	1.0	archive		1			
coreutils_wc_O3	coreutils	wc	O3	local_main;wulver	data/raw/coreutils_wc_O3_sym	data/stripped/coreutils_wc_O3_stripped	1	1	data/bir/coreutils_wc_O3.bir	959626	1	126	schemaA:functions=name->addr		238	87	86	85	0		train	train	train	train	train	0		1	1	87	86	85	0	1	37301f70a9187e3cca78a0998e9c49a3441f375b	37301f70a9187e3cca78a0998e9c49a3441f375b	1	1	DYN	1	130	130	1.0	archive		1			
coreutils_wc_clang_O0	coreutils	wc_clang	O0	clang_train	clang_train/bins/coreutils_wc_clang_O0.debug	clang_train/bins/coreutils_wc_clang_O0	1	1	clang_train/bir/coreutils_wc_clang_O0.bir	1223442	1	163	schemaA:functions=name->addr		304	163	72			162															f79ad1d05ed2c9011540b74e97f72a9cf944cf65	f79ad1d05ed2c9011540b74e97f72a9cf944cf65	1	1	DYN	1	166	166	1.0	computed		1			
coreutils_wc_clang_O1	coreutils	wc_clang	O1	clang_train	clang_train/bins/coreutils_wc_clang_O1.debug	clang_train/bins/coreutils_wc_clang_O1	1	1	clang_train/bir/coreutils_wc_clang_O1.bir	754693	1	120	schemaA:functions=name->addr		196	61	68			59															7df7877a1a085e1c878955bf86a588c1b782686b	7df7877a1a085e1c878955bf86a588c1b782686b	1	1	DYN	1	123	123	0.9672131147540983	computed		1			
coreutils_wc_clang_O2	coreutils	wc_clang	O2	clang_train	clang_train/bins/coreutils_wc_clang_O2.debug	clang_train/bins/coreutils_wc_clang_O2	1	1	clang_train/bir/coreutils_wc_clang_O2.bir	840690	1	120	schemaA:functions=name->addr		194	59	68			57															249d5c0576f7d9bd56d0bc967413815cce8a6dae	249d5c0576f7d9bd56d0bc967413815cce8a6dae	1	1	DYN	1	123	123	0.9661016949152542	computed		1			
coreutils_wc_clang_O3	coreutils	wc_clang	O3	clang_train	clang_train/bins/coreutils_wc_clang_O3.debug	clang_train/bins/coreutils_wc_clang_O3	1	1	clang_train/bir/coreutils_wc_clang_O3.bir	940910	1	120	schemaA:functions=name->addr		196	61	68			59															c47e0deef04fd3adfd2a7123088e886a9f114d8b	c47e0deef04fd3adfd2a7123088e886a9f114d8b	1	1	DYN	1	123	123	0.9672131147540983	computed		1			
coreutils_who_clang_O0	coreutils	who_clang	O0	clang_train	clang_train/bins/coreutils_who_clang_O0.debug	clang_train/bins/coreutils_who_clang_O0	1	1	clang_train/bir/coreutils_who_clang_O0.bir	1070785	1	159	schemaA:functions=name->addr		308	159	72			159															db1436d81befe5d1066e969958ccd63c62257e85	db1436d81befe5d1066e969958ccd63c62257e85	1	1	DYN	1	162	162	1.0	computed		1			
coreutils_who_clang_O1	coreutils	who_clang	O1	clang_train	clang_train/bins/coreutils_who_clang_O1.debug	clang_train/bins/coreutils_who_clang_O1	1	1	clang_train/bir/coreutils_who_clang_O1.bir	569314	1	97	schemaA:functions=name->addr		188	44	69			43															dd87b440745df0204fb5de1eeb86044fe9556bf7	dd87b440745df0204fb5de1eeb86044fe9556bf7	1	1	DYN	1	100	100	0.9772727272727273	computed		1			
coreutils_who_clang_O2	coreutils	who_clang	O2	clang_train	clang_train/bins/coreutils_who_clang_O2.debug	clang_train/bins/coreutils_who_clang_O2	1	1	clang_train/bir/coreutils_who_clang_O2.bir	548461	1	97	schemaA:functions=name->addr		187	43	69			42															9308b404b4d5570f9e65f46d599d054d37fe5830	9308b404b4d5570f9e65f46d599d054d37fe5830	1	1	DYN	1	100	100	0.9767441860465116	computed		1			
coreutils_who_clang_O3	coreutils	who_clang	O3	clang_train	clang_train/bins/coreutils_who_clang_O3.debug	clang_train/bins/coreutils_who_clang_O3	1	1	clang_train/bir/coreutils_who_clang_O3.bir	564978	1	97	schemaA:functions=name->addr		187	43	69			42															ad5bdbf21f8206baf9db05c49a4e44aef54f720e	ad5bdbf21f8206baf9db05c49a4e44aef54f720e	1	1	DYN	1	100	100	0.9767441860465116	computed		1			
coreutils_whoami_clang_O0	coreutils	whoami_clang	O0	clang_train	clang_train/bins/coreutils_whoami_clang_O0.debug	clang_train/bins/coreutils_whoami_clang_O0	1	1	clang_train/bir/coreutils_whoami_clang_O0.bir	479214	1	109	schemaA:functions=name->addr		202	109	44			109															39a501fdff1830adffc54cd7db83aae116db4ec2	39a501fdff1830adffc54cd7db83aae116db4ec2	1	1	DYN	1	112	112	1.0	computed		1			
coreutils_whoami_clang_O1	coreutils	whoami_clang	O1	clang_train	clang_train/bins/coreutils_whoami_clang_O1.debug	clang_train/bins/coreutils_whoami_clang_O1	1	1	clang_train/bir/coreutils_whoami_clang_O1.bir	189307	1	83	schemaA:functions=name->addr		118	28	42			27															f4f6c788868ed060f77e98a669155d07feeb868e	f4f6c788868ed060f77e98a669155d07feeb868e	1	1	DYN	1	86	86	1.0	computed		1			
coreutils_whoami_clang_O2	coreutils	whoami_clang	O2	clang_train	clang_train/bins/coreutils_whoami_clang_O2.debug	clang_train/bins/coreutils_whoami_clang_O2	1	1	clang_train/bir/coreutils_whoami_clang_O2.bir	194601	1	83	schemaA:functions=name->addr		116	26	42			25															ddd78301dec8100425741d10acd631b2ef61ac46	ddd78301dec8100425741d10acd631b2ef61ac46	1	1	DYN	1	86	86	1.0	computed		1			
coreutils_whoami_clang_O3	coreutils	whoami_clang	O3	clang_train	clang_train/bins/coreutils_whoami_clang_O3.debug	clang_train/bins/coreutils_whoami_clang_O3	1	1	clang_train/bir/coreutils_whoami_clang_O3.bir	206849	1	83	schemaA:functions=name->addr		116	26	42			25															333c6e0f6f73d6963064457fb5953938146d7550	333c6e0f6f73d6963064457fb5953938146d7550	1	1	DYN	1	86	86	1.0	computed		1			
coreutils_yes_clang_O0	coreutils	yes_clang	O0	clang_train	clang_train/bins/coreutils_yes_clang_O0.debug	clang_train/bins/coreutils_yes_clang_O0	1	1	clang_train/bir/coreutils_yes_clang_O0.bir	504513	1	112	schemaA:functions=name->addr		201	112	42			112															86438d4be6008306bf4198a20c18f19c24eb861f	86438d4be6008306bf4198a20c18f19c24eb861f	1	1	DYN	1	115	115	1.0	computed		1			
coreutils_yes_clang_O1	coreutils	yes_clang	O1	clang_train	clang_train/bins/coreutils_yes_clang_O1.debug	clang_train/bins/coreutils_yes_clang_O1	1	1	clang_train/bir/coreutils_yes_clang_O1.bir	181782	1	85	schemaA:functions=name->addr		115	29	40			28															c37335c694f7e123c1dfcda3cdbde0d089909130	c37335c694f7e123c1dfcda3cdbde0d089909130	1	1	DYN	1	88	88	1.0	computed		1			
coreutils_yes_clang_O2	coreutils	yes_clang	O2	clang_train	clang_train/bins/coreutils_yes_clang_O2.debug	clang_train/bins/coreutils_yes_clang_O2	1	1	clang_train/bir/coreutils_yes_clang_O2.bir	187754	1	85	schemaA:functions=name->addr		113	27	40			26															4a536a5b54b51a213d2bab9f60fa113d34d9e94a	4a536a5b54b51a213d2bab9f60fa113d34d9e94a	1	1	DYN	1	88	88	1.0	computed		1			
coreutils_yes_clang_O3	coreutils	yes_clang	O3	clang_train	clang_train/bins/coreutils_yes_clang_O3.debug	clang_train/bins/coreutils_yes_clang_O3	1	1	clang_train/bir/coreutils_yes_clang_O3.bir	200002	1	85	schemaA:functions=name->addr		113	27	40			26															62a30e1f744e3b34cee8241ad7f99b092a34f9c1	62a30e1f744e3b34cee8241ad7f99b092a34f9c1	1	1	DYN	1	88	88	1.0	computed		1			
cpio_cpio	cpio	cpio	default	local_main;wulver	data/raw/cpio_cpio_sym	data/stripped/cpio_cpio_stripped	1	1	data/bir/cpio_cpio.bir	2802669	1	346	schemaA:functions=name->addr		507	247	135	245	0		train	train	train	train	train	0		1	1	247	135	245	0	1	4499154913ff00b60fc77a5993a21df7db978e65	4499154913ff00b60fc77a5993a21df7db978e65	1	1	DYN	1	350	350	1.0	archive	cpio_cpio_O2:0.947	1			dup_group_keeper:cpio_cpio_O2
cpio_cpio_O0	cpio	cpio	O0	local_main;wulver	data/raw/cpio_cpio_O0_sym	data/stripped/cpio_cpio_O0_stripped	1	1	data/bir/cpio_cpio_O0.bir	3604771	1	458	schemaA:functions=name->addr		1179	910	140	909	0		train	train	train	train	train	0		1	1	910	140	909	0	1	68fbba396e170892969a43a9134e9687afadea85	68fbba396e170892969a43a9134e9687afadea85	1	1	DYN	1	462	462	1.0	archive		1			
cpio_cpio_O1	cpio	cpio	O1	local_main;wulver	data/raw/cpio_cpio_O1_sym	data/stripped/cpio_cpio_O1_stripped	1	1	data/bir/cpio_cpio_O1.bir	2770862	1	336	schemaA:functions=name->addr		529	269	145	268	0		train	train	train	train	train	0		1	1	269	145	268	0	1	9330c4109aeb6eb9dc45d36e285926d9202961fd	9330c4109aeb6eb9dc45d36e285926d9202961fd	1	1	DYN	1	340	340	0.9962825278810409	archive		1			
cpio_cpio_O2	cpio	cpio	O2	local_main;wulver	data/raw/cpio_cpio_O2_sym	data/stripped/cpio_cpio_O2_stripped	1	1	data/bir/cpio_cpio_O2.bir	2802669	1	346	schemaA:functions=name->addr		507	247	135	245	0		train	train	train	train	train	0		1	1	247	135	245	0	1	4499154913ff00b60fc77a5993a21df7db978e65	4499154913ff00b60fc77a5993a21df7db978e65	1	1	DYN	1	350	350	1.0	archive	cpio_cpio:0.947	0	duplicate_build_of:cpio_cpio		
cpio_cpio_O3	cpio	cpio	O3	local_main;wulver	data/raw/cpio_cpio_O3_sym	data/stripped/cpio_cpio_O3_stripped	1	1	data/bir/cpio_cpio_O3.bir	4304946	1	334	schemaA:functions=name->addr		525	265	145	263	0		train	train	train	train	train	0		1	1	265	145	263	0	1	872688acdbe80661024adf460a2bad9f2f598d17	872688acdbe80661024adf460a2bad9f2f598d17	1	1	DYN	1	338	338	1.0	archive		1			
cppi_cppi_O0	cppi	cppi	O0	local_main;wulver	data/raw/cppi_cppi_O0_sym	data/stripped/cppi_cppi_O0_stripped	1	1	data/bir/cppi_cppi_O0.bir	735172	1	127	schemaA:functions=name->addr		372	248	60	247	0		train	train	train	train	train	0		1	1	248	60	247	0	1	099a38f38bcc85800f5d255065fae91d8d0f1a46	099a38f38bcc85800f5d255065fae91d8d0f1a46	1	1	DYN	1	131	131	1.0	archive		1			
cppi_cppi_O1	cppi	cppi	O1	local_main;wulver	data/raw/cppi_cppi_O1_sym	data/stripped/cppi_cppi_O1_stripped	1	1	data/bir/cppi_cppi_O1.bir	422956	1	94	schemaA:functions=name->addr		180	58	59	58	0		train	train	train	train	train	0		1	1	58	59	58	0	1	42f1cd0349d05705af236d62f28571dd316b67b0	42f1cd0349d05705af236d62f28571dd316b67b0	1	1	DYN	1	98	98	1.0	archive		1			
cppi_cppi_O2	cppi	cppi	O2	local_main;wulver	data/raw/cppi_cppi_O2_sym	data/stripped/cppi_cppi_O2_stripped	1	1	data/bir/cppi_cppi_O2.bir	414719	1	105	schemaA:functions=name->addr		169	50	58	48	0		train	train	train	train	train	0		1	1	50	58	48	0	1	981bd10ddffbb981b28832ad316fde8de7a54fdc	981bd10ddffbb981b28832ad316fde8de7a54fdc	1	1	DYN	1	109	109	1.0	archive		1			
cppi_cppi_O3	cppi	cppi	O3	local_main;wulver	data/raw/cppi_cppi_O3_sym	data/stripped/cppi_cppi_O3_stripped	1	1	data/bir/cppi_cppi_O3.bir	679045	1	107	schemaA:functions=name->addr		192	72	58	69	0		train	train	train	train	train	0		1	1	72	58	69	0	1	009600a12a923f839c4fa98b1d9210d13e006ca4	009600a12a923f839c4fa98b1d9210d13e006ca4	1	1	DYN	1	111	111	1.0	archive		1			
csplit2_cflow_O0	csplit2	cflow	O0	local_main;wulver	data/raw/csplit2_cflow_O0_sym	data/stripped/csplit2_cflow_O0_stripped	1	1	data/bir/csplit2_cflow_O0.bir	3478957	1	424	schemaA:functions=name->addr		1015	834	98	829	0		train	train	train	train	train	0		1	1	834	98	829	0	1	ac3f8f790b4b6d31559284f93fffb0a01839e85e	ac3f8f790b4b6d31559284f93fffb0a01839e85e	1	1	DYN	1	430	430	1.0	archive		1			
csplit2_cflow_O1	csplit2	cflow	O1	local_main;wulver	data/raw/csplit2_cflow_O1_sym	data/stripped/csplit2_cflow_O1_stripped	1	1	data/bir/csplit2_cflow_O1.bir	2529170	1	327	schemaA:functions=name->addr		441	265	95	264	0		train	train	train	train	train	0		1	1	265	95	264	0	1	f7de8f1e7232dc17fe0935fbea984cbd923947bf	f7de8f1e7232dc17fe0935fbea984cbd923947bf	1	1	DYN	1	331	331	1.0	archive		1			
csplit2_cflow_O2	csplit2	cflow	O2	local_main;wulver	data/raw/csplit2_cflow_O2_sym	data/stripped/csplit2_cflow_O2_stripped	1	1	data/bir/csplit2_cflow_O2.bir	2756205	1	318	schemaA:functions=name->addr		419	241	96	239	0		train	train	train	train	train	0		1	1	241	96	239	0	1	225825be9481f69e084d1107e2877bd2abe05bee	225825be9481f69e084d1107e2877bd2abe05bee	1	1	DYN	1	322	322	1.0	archive		1			
csplit2_cflow_O3	csplit2	cflow	O3	local_main;wulver	data/raw/csplit2_cflow_O3_sym	data/stripped/csplit2_cflow_O3_stripped	1	1	data/bir/csplit2_cflow_O3.bir	3347056	1	294	schemaA:functions=name->addr		394	215	96	212	0		train	train	train	train	train	0		1	1	215	96	212	0	1	89e28e46050a21ecccfd737bb5e7dbfc65f91d52	89e28e46050a21ecccfd737bb5e7dbfc65f91d52	1	1	DYN	1	298	298	1.0	archive		1			
curl_curl_O0	curl	curl	O0	local_main;wulver	data/raw/curl_curl_O0	data/stripped/curl_curl_O0	2	2	data/bir/curl_curl_O0.bir	20085709	1	1864	schemaA:functions=name->addr		13075	12376	352	8056	0		train	train	train	train	train	0		1	1	12376	352	8056	0	1	9074407fea0666a9bf115f2f075645df382424b7	1904e56ee68a34a50c377e21fcc1a3d9ddc3e265	0	1	DYN	1	6198	1357	1.0	archive		1			
curl_curl_O1	curl	curl	O1	local_main;wulver	data/raw/curl_curl_O1	data/stripped/curl_curl_O1_stripped	1	1	data/bir/curl_curl_O1.bir	2242055	1	219	flat:addr->name		448	162	141	161	0			train	train	train		0		1	1	162	141	161	0	1	4dbe5ff7cd3d686417b422bcc6012119cbd37edf	4dbe5ff7cd3d686417b422bcc6012119cbd37edf	1	1	EXEC	1	222	222	1.0	archive		1			
curl_curl_O2	curl	curl	O2	local_main;wulver	data/raw/curl_curl_O2	data/stripped/curl_curl_O2_stripped	2	2	data/bir/curl_curl_O2.bir	12209904	1	1348	flat:addr->name		1831	1123	356	1117	0		train	train	train	train	train	0		1	1	1123	356	1117	0	1	1904e56ee68a34a50c377e21fcc1a3d9ddc3e265	1904e56ee68a34a50c377e21fcc1a3d9ddc3e265	1	1	DYN	1	1357	1357	0.9966666666666667	archive		1			
curl_curl_O3	curl	curl	O3	local_main;wulver	data/raw/curl_curl_O3	data/stripped/curl_curl_O3_stripped	1	1	data/bir/curl_curl_O3.bir	12209904	1	1348	flat:addr->name		1831	1123	356	1118	0			train	train	train		0		1	1	1123	356	1118	0	1	1904e56ee68a34a50c377e21fcc1a3d9ddc3e265	1904e56ee68a34a50c377e21fcc1a3d9ddc3e265	1	1	DYN	1	1357	1357	0.9966666666666667	archive		1			
cvs_cvs_O0	cvs	cvs	O0	local_main;wulver			0	0	data/bir/cvs_cvs_O0.bir	18440297	1	1419	schemaA:functions=name->addr		1882	1378	275	0								1	18440297	1	1	1378	275		1	1												0	no_matched_functions		
cvs_cvs_O1	cvs	cvs	O1	local_main;wulver			0	0	data/bir/cvs_cvs_O1.bir	11805194	1	1188	schemaA:functions=name->addr		1333	844	267	0								1	11805194	1	1	844	267		1	1												0	no_matched_functions		
cvs_cvs_O2	cvs	cvs	O2	local_main;wulver			0	0	data/bir/cvs_cvs_O2.bir	12079186	1	1162	schemaA:functions=name->addr		1271	778	268	0								1	12079186	1	1	778	268		1	1												0	no_matched_functions		
cvs_cvs_O3	cvs	cvs	O3	local_main;wulver			0	0	data/bir/cvs_cvs_O3.bir	14176554	1	1105	schemaA:functions=name->addr		1216	722	269	0								1	14176554	1	1	722	269		1	1												0	no_matched_functions		
dash_dash_O0	dash	dash	O0	local_main;local_main:cross_project;wulver	data/cross_project/debug/dash_dash_O0	data/cross_project/stripped/dash_dash_O0_stripped	1	1	data/bir/dash_dash_O0.bir	2564266	1	345	schemaA:functions=name->addr		856	676	89	348	0			excluded	xproject	excluded	excluded	1	2564266	1	1	676	89	348	0	1	d5c078268c94f5a6073ac28f6c280b6eb626de21	d5c078268c94f5a6073ac28f6c280b6eb626de21	1	1	DYN	1	357	357	1.0	archive		1		xproject_holdout(wulver_paper_clean);local_cross_project_dir	
dash_dash_O1	dash	dash	O1	local_main;local_main:cross_project;wulver	data/cross_project/debug/dash_dash_O1	data/cross_project/stripped/dash_dash_O1_stripped	1	1	data/bir/dash_dash_O1.bir	1947132	1	269	schemaA:functions=name->addr		432	255	87	254	0			excluded	xproject	excluded	excluded	1	1947132	1	1	255	87	254	0	1	f8f2a0c35bee697f11ebc85950816c544608d465	f8f2a0c35bee697f11ebc85950816c544608d465	1	1	DYN	1	269	269	1.0	archive		1		xproject_holdout(wulver_paper_clean);local_cross_project_dir	
dash_dash_O2	dash	dash	O2	local_main;local_main:cross_project;wulver	data/cross_project/candidates/dash_dash_O2	data/cross_project/stripped/dash_dash_O2_stripped	2	1	data/bir/dash_dash_O2.bir	2165882	1	250	schemaA:functions=name->addr		405	231	86	229	0			excluded	xproject	excluded	excluded	1	2165882	1	1	231	86	229	0	1	86848c0ea833b14ab2c2aa43d1f4b369c19c34dc	0b84336c227e7264de3adfd83f6c9bc694112763	0	1	DYN	1	251	251	0.9956709956709957	archive		1		xproject_holdout(wulver_paper_clean);local_cross_project_dir	
dash_dash_O3	dash	dash	O3	local_main;local_main:cross_project;wulver	data/cross_project/debug/dash_dash_O3	data/cross_project/stripped/dash_dash_O3_stripped	1	1	data/bir/dash_dash_O3.bir	2526488	1	240	schemaA:functions=name->addr		395	221	86	219	0			excluded	xproject	excluded	excluded	1	2526488	1	1	221	86	219	0	1	e94d808b1e6b08144213892ef51c4d547883cb57	e94d808b1e6b08144213892ef51c4d547883cb57	1	1	DYN	1	240	240	0.995475113122172	archive		1		xproject_holdout(wulver_paper_clean);local_cross_project_dir	
dash_dash_clang_O0	dash	dash_clang	O0	wulver			0	0			0														excluded	0		0	0				0	0												0	no_debug_elf;no_stripped_elf;no_bir;no_labels;no_sub_graphs;no_matched_functions		
dash_dash_clang_O1	dash	dash_clang	O1	clang_o1o3;wulver	clang_o1o3/bins/dash_dash_clang_O1.debug	clang_o1o3/bins/dash_dash_clang_O1	1	1	clang_o1o3/bir/dash_dash_clang_O1.bir	1730569	1	242	schemaA:functions=name->addr		359	186	85								excluded	0		0	0				0	0					DYN	1	237	237	1.0	computed		0	no_matched_functions		
dash_dash_clang_O2	dash	dash_clang	O2	wulver			0	0			0														excluded	0		0	0				0	0												0	no_debug_elf;no_stripped_elf;no_bir;no_labels;no_sub_graphs;no_matched_functions		
dash_dash_clang_O3	dash	dash_clang	O3	clang_o1o3;wulver	clang_o1o3/bins/dash_dash_clang_O3.debug	clang_o1o3/bins/dash_dash_clang_O3	1	1	clang_o1o3/bir/dash_dash_clang_O3.bir	2090613	1	242	schemaA:functions=name->addr		360	187	85								excluded	0		0	0				0	0					DYN	1	237	237	1.0	computed		0	no_matched_functions		
datamash_datamash_O0	datamash	datamash	O0	local_main;wulver	data/raw/datamash_datamash_O0_sym	data/stripped/datamash_datamash_O0_stripped	1	1	data/bir/datamash_datamash_O0.bir	3926480	1	267	schemaA:functions=name->addr		367	202	84	200	0		train	train	train	train	train	0		1	1	202	84	200	0	1	0aabd4ac470d053b3a753c21639b4a2518899e50	0aabd4ac470d053b3a753c21639b4a2518899e50	1	1	DYN	1	271	271	1.0	archive	datamash_datamash_O1:0.905;datamash_datamash_O3:1.0	1			dup_group_keeper:datamash_datamash_O1,datamash_datamash_O3
datamash_datamash_O1	datamash	datamash	O1	local_main;wulver	data/raw/datamash_datamash_O1_sym	data/stripped/datamash_datamash_O1_stripped	1	1	data/bir/datamash_datamash_O1.bir	3926480	1	267	schemaA:functions=name->addr		367	202	84	200	0		train	train	train	train	train	0		1	1	202	84	200	0	1	0aabd4ac470d053b3a753c21639b4a2518899e50	0aabd4ac470d053b3a753c21639b4a2518899e50	1	1	DYN	1	271	271	1.0	archive	datamash_datamash_O0:0.905;datamash_datamash_O3:0.905	0	duplicate_build_of:datamash_datamash_O0		
datamash_datamash_O2	datamash	datamash	O2	local_main;wulver	data/raw/datamash_datamash_O2_sym	data/stripped/datamash_datamash_O2_stripped	1	1	data/bir/datamash_datamash_O2.bir	3926480	1	267	schemaA:functions=name->addr		367	202	84	200	0		train	train	train	train	train	0		1	1	202	84	200	0	1	0aabd4ac470d053b3a753c21639b4a2518899e50	0aabd4ac470d053b3a753c21639b4a2518899e50	1	1	DYN	1	271	271	1.0	archive		1			
datamash_datamash_O3	datamash	datamash	O3	local_main;wulver	data/raw/datamash_datamash_O3_sym	data/stripped/datamash_datamash_O3_stripped	1	1	data/bir/datamash_datamash_O3.bir	3926480	1	267	schemaA:functions=name->addr		367	202	84	200	0		train	train	train	train	train	0		1	1	202	84	200	0	1	0aabd4ac470d053b3a753c21639b4a2518899e50	0aabd4ac470d053b3a753c21639b4a2518899e50	1	1	DYN	1	271	271	1.0	archive	datamash_datamash_O0:1.0;datamash_datamash_O1:0.905	0	duplicate_build_of:datamash_datamash_O0		
datamash_datamash_clang_O0	datamash	datamash_clang	O0	clang_train	clang_train/bins/datamash_datamash_clang_O0.debug	clang_train/bins/datamash_datamash_clang_O0	1	1	clang_train/bir/datamash_datamash_clang_O0.bir	6209602	1	334	schemaA:functions=name->addr		523	353	87			334															dde73c357247bac21fa6d04678dfd229e1659f40	dde73c357247bac21fa6d04678dfd229e1659f40	1	1	DYN	1	356	356	1.0	computed		1			
datamash_datamash_clang_O1	datamash	datamash_clang	O1	clang_train	clang_train/bins/datamash_datamash_clang_O1.debug	clang_train/bins/datamash_datamash_clang_O1	1	1	clang_train/bir/datamash_datamash_clang_O1.bir	3605013	1	251	schemaA:functions=name->addr		307	144	83			143															6e4699570639374637b60f7702b8403f3f536fd4	6e4699570639374637b60f7702b8403f3f536fd4	1	1	DYN	1	254	254	0.9791666666666666	computed		1			
datamash_datamash_clang_O2	datamash	datamash_clang	O2	clang_train	clang_train/bins/datamash_datamash_clang_O2.debug	clang_train/bins/datamash_datamash_clang_O2	1	1	clang_train/bir/datamash_datamash_clang_O2.bir	3719007	1	251	schemaA:functions=name->addr		309	146	83			145															a317e6ab685a055e98ecce36896d063cc603c160	a317e6ab685a055e98ecce36896d063cc603c160	1	1	DYN	1	254	254	0.9794520547945206	computed		1			
datamash_datamash_clang_O3	datamash	datamash_clang	O3	clang_train	clang_train/bins/datamash_datamash_clang_O3.debug	clang_train/bins/datamash_datamash_clang_O3	1	1	clang_train/bir/datamash_datamash_clang_O3.bir	3798148	1	250	schemaA:functions=name->addr		302	139	83			138															2546b3208383fb6eba6da7c18c0538f2f175d418	2546b3208383fb6eba6da7c18c0538f2f175d418	1	1	DYN	1	253	253	0.9856115107913669	computed		1			
dico_dico_O0	dico	dico	O0	local_main;wulver			0	0			1	0	schemaA:functions=none			0		0								0		1	0				0	1												0	no_debug_elf;no_bir;empty_labels;no_sub_graphs;no_matched_functions		not-elf:data/raw/dico_dico_O0_sym;not-elf:data/stripped/dico_dico_O0_stripped
dico_dico_O2	dico	dico	O2	local_main;wulver			0	0			1	0	schemaA:functions=none			0		0								0		1	0				0	1												0	no_debug_elf;no_bir;empty_labels;no_sub_graphs;no_matched_functions		not-elf:data/raw/dico_dico_O2_sym;not-elf:data/stripped/dico_dico_O2_stripped
diffutils2_cmp_O0	diffutils2	cmp	O0	local_main;wulver	data/raw/diffutils2_cmp_O0_sym	data/stripped/diffutils2_cmp_O0_stripped	1	1	data/bir/diffutils2_cmp_O0.bir	1035048	1	145	schemaA:functions=addr->name		430	276	74	138	0			train	train	train		0		1	1	276	74	138	0	1	7e203310f5f30651a1e24388a4b12d2c4a876068	7e203310f5f30651a1e24388a4b12d2c4a876068	1	1	DYN	1	142	142	1.0	archive		1			
diffutils2_cmp_O1	diffutils2	cmp	O1	local_main;wulver	data/raw/diffutils2_cmp_O1_sym	data/stripped/diffutils2_cmp_O1_stripped	1	1	data/bir/diffutils2_cmp_O1.bir	694222	1	100	schemaA:functions=addr->name		228	74	74	74	0			train	train	train		0		1	1	74	74	74	0	1	a472e80004bdedaa6a0c3e87ac73944c12c4ccf0	a472e80004bdedaa6a0c3e87ac73944c12c4ccf0	1	1	DYN	1	97	97	1.0	archive		1			
diffutils2_cmp_O2	diffutils2	cmp	O2	local_main;wulver	data/raw/diffutils2_cmp_O2_sym	data/stripped/diffutils2_cmp_O2_stripped	1	1	data/bir/diffutils2_cmp_O2.bir	734126	1	101	schemaA:functions=addr->name		228	74	74	74	0			train	train	train		0		1	1	74	74	74	0	1	49e77de178053133f38b63f3656e824b1ff54556	49e77de178053133f38b63f3656e824b1ff54556	1	1	DYN	1	99	99	1.0	archive		1			
diffutils2_cmp_O3	diffutils2	cmp	O3	local_main;wulver	data/raw/diffutils2_cmp_O3_sym	data/stripped/diffutils2_cmp_O3_stripped	1	1	data/bir/diffutils2_cmp_O3.bir	849967	1	101	schemaA:functions=addr->name		225	71	74	71	0			train	train	train		0		1	1	71	74	71	0	1	fe11dac90415330673796df2e06c8944227b1653	fe11dac90415330673796df2e06c8944227b1653	1	1	DYN	1	99	99	1.0	archive		1			
diffutils2_diff3_O0	diffutils2	diff3	O0	local_main;wulver	data/raw/diffutils2_diff3_O0_sym	data/stripped/diffutils2_diff3_O0_stripped	1	1	data/bir/diffutils2_diff3_O0.bir	1433313	1	190	schemaA:functions=addr->name		536	366	82	183	0			train	train	train		0		1	1	366	82	183	0	1	f81446baa8cd132bd9f3dd11913624de9c2ff53b	f81446baa8cd132bd9f3dd11913624de9c2ff53b	1	1	DYN	1	187	187	1.0	archive		1			
diffutils2_diff3_O1	diffutils2	diff3	O1	local_main;wulver	data/raw/diffutils2_diff3_O1_sym	data/stripped/diffutils2_diff3_O1_stripped	1	1	data/bir/diffutils2_diff3_O1.bir	945519	1	137	schemaA:functions=addr->name		266	98	81	98	0			train	train	train		0		1	1	98	81	98	0	1	cd13df3c32b8b33a68df80ae9fd36699033ca01b	cd13df3c32b8b33a68df80ae9fd36699033ca01b	1	1	DYN	1	134	134	1.0	archive		1			
diffutils2_diff3_O2	diffutils2	diff3	O2	local_main;wulver	data/raw/diffutils2_diff3_O2_sym	data/stripped/diffutils2_diff3_O2_stripped	1	1	data/bir/diffutils2_diff3_O2.bir	884633	1	149	schemaA:functions=addr->name		255	87	81	87	0			train	train	train		0		1	1	87	81	87	0	1	11ca6f75ce913a8ebfedd7ba9e087c6ca93f3fa2	11ca6f75ce913a8ebfedd7ba9e087c6ca93f3fa2	1	1	DYN	1	147	147	1.0	archive		1			
diffutils2_diff3_O3	diffutils2	diff3	O3	local_main;wulver	data/raw/diffutils2_diff3_O3_sym	data/stripped/diffutils2_diff3_O3_stripped	1	1	data/bir/diffutils2_diff3_O3.bir	1283773	1	152	schemaA:functions=addr->name		280	112	81	112	0			train	train	train		0		1	1	112	81	112	0	1	8e7f7c06dc252095fc78a4e5a045176e4934e9f5	8e7f7c06dc252095fc78a4e5a045176e4934e9f5	1	1	DYN	1	150	150	1.0	archive		1			
diffutils2_diff_O0	diffutils2	diff	O0	local_main;wulver	data/raw/diffutils2_diff_O0_sym	data/stripped/diffutils2_diff_O0_stripped	1	1	data/bir/diffutils2_diff_O0.bir	3728519	1	399	schemaA:functions=addr->name		1037	783	128	392	0			train	train	train		0		1	1	783	128	392	0	1	e0e0729560c382bd45d811379ffad1a327e8c018	e0e0729560c382bd45d811379ffad1a327e8c018	1	1	DYN	1	396	396	1.0	archive		1			
diffutils2_diff_O1	diffutils2	diff	O1	local_main;wulver	data/raw/diffutils2_diff_O1_sym	data/stripped/diffutils2_diff_O1_stripped	1	1	data/bir/diffutils2_diff_O1.bir	2528152	1	290	schemaA:functions=addr->name		488	234	128	234	0			train	train	train		0		1	1	234	128	234	0	1	787e5424ce8064d401b92eafa12f81370fa9cd84	787e5424ce8064d401b92eafa12f81370fa9cd84	1	1	DYN	1	287	287	1.0	archive		1			
diffutils2_diff_O2	diffutils2	diff	O2	local_main;wulver	data/raw/diffutils2_diff_O2_sym	data/stripped/diffutils2_diff_O2_stripped	1	1	data/bir/diffutils2_diff_O2.bir	2619125	1	307	schemaA:functions=addr->name		476	222	128	222	0			train	train	train		0		1	1	222	128	222	0	1	3e7cf61c20f70ba963bab3b4151d02f4ae85162e	3e7cf61c20f70ba963bab3b4151d02f4ae85162e	1	1	DYN	1	306	306	0.9954954954954955	archive		1			
diffutils2_diff_O3	diffutils2	diff	O3	local_main;wulver	data/raw/diffutils2_diff_O3_sym	data/stripped/diffutils2_diff_O3_stripped	1	1	data/bir/diffutils2_diff_O3.bir	3238408	1	303	schemaA:functions=addr->name		509	255	128	241	0			train	train	train		0		1	1	255	128	241	0	1	d5758f22a6e44eb82214bfd84d92fb0e31ebb91a	d5758f22a6e44eb82214bfd84d92fb0e31ebb91a	1	1	DYN	1	302	302	0.9921568627450981	archive		1			
diffutils2_sdiff_O0	diffutils2	sdiff	O0	local_main;wulver	data/raw/diffutils2_sdiff_O0_sym	data/stripped/diffutils2_sdiff_O0_stripped	1	1	data/bir/diffutils2_sdiff_O0.bir	1031044	1	164	schemaA:functions=addr->name		504	314	92	157	0			train	train	train		0		1	1	314	92	157	0	1	2701b563cc4c27844a2f47bbf1082981a6518c84	2701b563cc4c27844a2f47bbf1082981a6518c84	1	1	DYN	1	161	161	1.0	archive		1			
diffutils2_sdiff_O1	diffutils2	sdiff	O1	local_main;wulver	data/raw/diffutils2_sdiff_O1_sym	data/stripped/diffutils2_sdiff_O1_stripped	1	1	data/bir/diffutils2_sdiff_O1.bir	713655	1	115	schemaA:functions=addr->name		278	88	92	88	0			train	train	train		0		1	1	88	92	88	0	1	7a5d9f4047469b42c6b6c5112a47f0dcc336fbda	7a5d9f4047469b42c6b6c5112a47f0dcc336fbda	1	1	DYN	1	112	112	1.0	archive		1			
diffutils2_sdiff_O2	diffutils2	sdiff	O2	local_main;wulver	data/raw/diffutils2_sdiff_O2_sym	data/stripped/diffutils2_sdiff_O2_stripped	1	1	data/bir/diffutils2_sdiff_O2.bir	782298	1	116	schemaA:functions=addr->name		278	88	92	88	0			train	train	train		0		1	1	88	92	88	0	1	24f2da2fa070a585d8e52df532f6202893c173a7	24f2da2fa070a585d8e52df532f6202893c173a7	1	1	DYN	1	114	114	1.0	archive		1			
diffutils2_sdiff_O3	diffutils2	sdiff	O3	local_main;wulver	data/raw/diffutils2_sdiff_O3_sym	data/stripped/diffutils2_sdiff_O3_stripped	1	1	data/bir/diffutils2_sdiff_O3.bir	930685	1	114	schemaA:functions=addr->name		273	83	92	83	0			train	train	train		0		1	1	83	92	83	0	1	1abd740f174f1087d39eec9f5520b68962c75d27	1abd740f174f1087d39eec9f5520b68962c75d27	1	1	DYN	1	112	112	1.0	archive		1			
diffutils3_diff_O2	diffutils3	diff	O2	local_main:cross_project	data/cross_project/candidates/diffutils3_diff_O2		1	0			0																									c89a59897ac16b80adb302456ac2123291498155			DYN	1		275				0	no_stripped_elf;no_bir;no_labels;no_sub_graphs;no_matched_functions	local_cross_project_dir	
diffutils_cmp	diffutils	cmp	default	local_main;wulver			0	0			0							71	71		train	train	train	train	train	0		0	0			71	0	0												0	no_debug_elf;no_stripped_elf;no_bir;no_labels;no_sub_graphs;match_index_entries_dangling(graph_files_missing)		match_index_dangling=71/71
diffutils_cmp_O0	diffutils	cmp	O0	wulver			0	0			0															0		1	0	146			1	1												0	no_bir;no_matched_functions		
diffutils_cmp_O1	diffutils	cmp	O1	wulver			0	0			0															0		1	0	100			1	1												0	no_bir;no_matched_functions		
diffutils_cmp_O2	diffutils	cmp	O2	wulver			0	0			0															0		1	0	102			1	1												0	no_bir;no_matched_functions		
diffutils_cmp_O3	diffutils	cmp	O3	wulver			0	0			0															0		1	0	100			1	1												0	no_bir;no_matched_functions		
diffutils_diff	diffutils	diff	default	local_main;wulver			0	0			0							218	218		train	train	train	train	train	0		0	0			218	0	0												0	no_debug_elf;no_stripped_elf;no_bir;no_labels;no_sub_graphs;match_index_entries_dangling(graph_files_missing)		match_index_dangling=218/218
diffutils_diff3	diffutils	diff3	default	local_main;wulver			0	0			0							84	84		train	train	train	train	train	0		0	0			84	0	0												0	no_debug_elf;no_stripped_elf;no_bir;no_labels;no_sub_graphs;match_index_entries_dangling(graph_files_missing)		match_index_dangling=84/84
diffutils_diff3_O0	diffutils	diff3	O0	wulver			0	0			0															0		1	0	191			1	1												0	no_bir;no_matched_functions		
diffutils_diff3_O1	diffutils	diff3	O1	wulver			0	0			0															0		1	0	137			1	1												0	no_bir;no_matched_functions		
diffutils_diff3_O2	diffutils	diff3	O2	wulver			0	0			0															0		1	0	150			1	1												0	no_bir;no_matched_functions		
diffutils_diff3_O3	diffutils	diff3	O3	wulver			0	0			0															0		1	0	151			1	1												0	no_bir;no_matched_functions		
diffutils_diff_O0	diffutils	diff	O0	wulver			0	0			0															0		1	0	388			1	1												0	no_bir;no_matched_functions		
diffutils_diff_O1	diffutils	diff	O1	wulver			0	0			0															0		1	0	285			1	1												0	no_bir;no_matched_functions		
diffutils_diff_O2	diffutils	diff	O2	wulver			0	0			0															0		1	0	300			1	1												0	no_bir;no_matched_functions		
diffutils_diff_O3	diffutils	diff	O3	wulver			0	0			0															0		1	0	295			1	1												0	no_bir;no_matched_functions		
diffutils_sdiff	diffutils	sdiff	default	local_main;wulver			0	0			0							85	85		train	train	train	train	train	0		0	0			85	0	0												0	no_debug_elf;no_stripped_elf;no_bir;no_labels;no_sub_graphs;match_index_entries_dangling(graph_files_missing)		match_index_dangling=85/85
diffutils_sdiff_O0	diffutils	sdiff	O0	wulver			0	0			0															0		1	0	165			1	1												0	no_bir;no_matched_functions		
diffutils_sdiff_O1	diffutils	sdiff	O1	wulver			0	0			0															0		1	0	115			1	1												0	no_bir;no_matched_functions		
diffutils_sdiff_O2	diffutils	sdiff	O2	wulver			0	0			0															0		1	0	116			1	1												0	no_bir;no_matched_functions		
diffutils_sdiff_O3	diffutils	sdiff	O3	wulver			0	0			0															0		1	0	112			1	1												0	no_bir;no_matched_functions		
direvent_direvent_O0	direvent	direvent	O0	local_main;wulver	data/raw/direvent_direvent_O0_sym	data/stripped/direvent_direvent_O0_stripped	1	1	data/bir/direvent_direvent_O0.bir	3860453	1	555	schemaA:functions=name->addr		1358	1110	121	1101	0		train	train	train	train	train	0		1	1	1110	121	1101	0	1	aeb456051d4a9ccd02d0910146158548abc588a1	aeb456051d4a9ccd02d0910146158548abc588a1	1	1	DYN	1	563	563	1.0	archive		1			
direvent_direvent_O1	direvent	direvent	O1	local_main;wulver	data/raw/direvent_direvent_O1_sym	data/stripped/direvent_direvent_O1_stripped	1	1	data/bir/direvent_direvent_O1.bir	2627903	1	465	schemaA:functions=name->addr		638	386	123	385	0		train	train	train	train	train	0		1	1	386	123	385	0	1	3d0275c5814f980446885365273f0d99547bcb20	3d0275c5814f980446885365273f0d99547bcb20	1	1	DYN	1	470	470	1.0	archive		1			
direvent_direvent_O2	direvent	direvent	O2	local_main;wulver	data/raw/direvent_direvent_O2_sym	data/stripped/direvent_direvent_O2_stripped	1	1	data/bir/direvent_direvent_O2.bir	2883847	1	458	schemaA:functions=name->addr		603	353	122	349	0		train	train	train	train	train	0		1	1	353	122	349	0	1	e409bbfc937fe672940328a3758e2623d3948b4d	e409bbfc937fe672940328a3758e2623d3948b4d	1	1	DYN	1	463	463	1.0	archive		1			
direvent_direvent_O3	direvent	direvent	O3	local_main;wulver	data/raw/direvent_direvent_O3_sym	data/stripped/direvent_direvent_O3_stripped	1	1	data/bir/direvent_direvent_O3.bir	3418345	1	441	schemaA:functions=name->addr		595	344	122	340	0		train	train	train	train	train	0		1	1	344	122	340	0	1	c26c77732fa7e088248466f15018346e3475f068	c26c77732fa7e088248466f15018346e3475f068	1	1	DYN	1	446	446	1.0	archive		1			
dos2unix_dos2unix_O0	dos2unix	dos2unix	O0	local_main;wulver	data/raw/dos2unix_dos2unix_O0_sym	data/stripped/dos2unix_dos2unix_O0	1	1	data/bir/dos2unix_dos2unix_O0.bir	742296	1	49	schemaA:functions=name->addr		190	98	44	97	0		train	train	train	train	train	0		1	1	98	44	97	0	1	54789855f996611666b7527e007d2c8d6c279657	54789855f996611666b7527e007d2c8d6c279657	1	1	DYN	1	53	53	1.0	archive		1			
dos2unix_dos2unix_O1	dos2unix	dos2unix	O1	local_main;wulver	data/raw/dos2unix_dos2unix_O1_sym	data/stripped/dos2unix_dos2unix_O1_stripped	1	1	data/bir/dos2unix_dos2unix_O1.bir	595041	1	56	schemaA:functions=addr->name		137	45	44	45	0			train	train	train		0		1	0			45	0	1	4a2e234a279101e3243ff41184998dafcdfc787c	4a2e234a279101e3243ff41184998dafcdfc787c	1	1	DYN	1	53	53	1.0	archive		1			
dos2unix_dos2unix_O2	dos2unix	dos2unix	O2	local_main;wulver	data/raw/dos2unix_dos2unix_O2_sym	data/stripped/dos2unix_dos2unix_O2	1	1	data/bir/dos2unix_dos2unix_O2.bir	663504	1	52	schemaA:functions=name->addr		135	44	44	42	0		train	train	train	train	train	0		1	1	44	44	42	0	1	77c1e1a38cfc6d771b6b3525172a3737ded44926	77c1e1a38cfc6d771b6b3525172a3737ded44926	1	1	DYN	1	55	55	1.0	archive		1			
dos2unix_dos2unix_O3	dos2unix	dos2unix	O3	local_main;wulver	data/raw/dos2unix_dos2unix_O3_sym	data/stripped/dos2unix_dos2unix_O3_stripped	1	1	data/bir/dos2unix_dos2unix_O3.bir	747887	1	58	schemaA:functions=addr->name		135	43	44	43	0			train	train	train		0		1	0			43	0	1	75b6412c57d58eb4925766fcba1f493919e25e2d	75b6412c57d58eb4925766fcba1f493919e25e2d	1	1	DYN	1	55	55	1.0	archive		1			
dos2unix_unix2dos_O0	dos2unix	unix2dos	O0	local_main;wulver	data/raw/dos2unix_unix2dos_O0_sym	data/stripped/dos2unix_unix2dos_O0	1	1	data/bir/dos2unix_unix2dos_O0.bir	747644	1	51	schemaA:functions=name->addr		194	102	44	101	0		train	train	train	train	train	0		1	1	102	44	101	0	1	b05ac043206de6b9b7b4e10ae7c3e2349ebba342	b05ac043206de6b9b7b4e10ae7c3e2349ebba342	1	1	DYN	1	55	55	1.0	archive		1			
dos2unix_unix2dos_O1	dos2unix	unix2dos	O1	local_main;wulver	data/raw/dos2unix_unix2dos_O1_sym	data/stripped/dos2unix_unix2dos_O1_stripped	1	1	data/bir/dos2unix_unix2dos_O1.bir	590172	1	58	schemaA:functions=addr->name		139	47	44	47	0			train	train	train		0		1	0			47	0	1	e2f604d29ea52ece615c30f84d09e61420c993f5	e2f604d29ea52ece615c30f84d09e61420c993f5	1	1	DYN	1	55	55	1.0	archive		1			
dos2unix_unix2dos_O2	dos2unix	unix2dos	O2	local_main;wulver	data/raw/dos2unix_unix2dos_O2_sym	data/stripped/dos2unix_unix2dos_O2	1	1	data/bir/dos2unix_unix2dos_O2.bir	660677	1	54	schemaA:functions=name->addr		135	44	44	42	0		train	train	train	train	train	0		1	1	44	44	42	0	1	00e39d367540f8337fb7a128ed6a6047b6d0c446	00e39d367540f8337fb7a128ed6a6047b6d0c446	1	1	DYN	1	57	57	1.0	archive		1			
dos2unix_unix2dos_O3	dos2unix	unix2dos	O3	local_main;wulver	data/raw/dos2unix_unix2dos_O3_sym	data/stripped/dos2unix_unix2dos_O3_stripped	1	1	data/bir/dos2unix_unix2dos_O3.bir	745974	1	60	schemaA:functions=addr->name		135	43	44	43	0			train	train	train		0		1	0			43	0	1	86185b54887ff8bfd8e3735065703963dc9bc37b	86185b54887ff8bfd8e3735065703963dc9bc37b	1	1	DYN	1	57	57	1.0	archive		1			
dropbear_dbclient_O0	dropbear	dbclient	O0	local_main;wulver		data/stripped/dropbear_dbclient_O0	0	1	data/bir/dropbear_dbclient_O0.bir	6566146	1	455	schemaA:functions=name->addr		1442	1218	110	453	0			train	train	train		0		1	1	1218	110	453	0	1	a554ccfc9bc54d902918065a4dacfb56ec48ef3a				DYN	1	664		1.0	archive		0	no_debug_elf		
dropbear_dbclient_O2	dropbear	dbclient	O2	local_main;wulver		data/stripped/dropbear_dbclient_O2	0	1	data/bir/dropbear_dbclient_O2.bir	5643844	1	455	schemaA:functions=name->addr		705	485	108	406	0			train	train	train		0		1	1	485	108	406	0	1	6fe8e3a7ccaef42e3ab469ce8309131801fe1508				DYN	1	591		1.0	archive		0	no_debug_elf		
dropbear_dropbear_O0	dropbear	dropbear	O0	local_main;wulver		data/stripped/dropbear_dropbear_O0	0	1	data/bir/dropbear_dropbear_O0.bir	6806534	1	452	schemaA:functions=name->addr		1497	1228	132	450	0			train	train	train		0		1	1	1228	132	450	0	1	04314e0868ea089ffe95d7714a77c11b370953ae				DYN	1	669		1.0	archive		0	no_debug_elf		
dropbear_dropbear_O2	dropbear	dropbear	O2	local_main;wulver		data/stripped/dropbear_dropbear_O2	0	1	data/bir/dropbear_dropbear_O2.bir	5907555	1	452	schemaA:functions=name->addr		763	496	131	412	0			train	train	train		0		1	1	496	131	412	0	1	1fcd5289a3b18e9d285cc8c607f3d6da79214a55				DYN	1	588		1.0	archive		0	no_debug_elf		
dropbear_dropbearkey_O0	dropbear	dropbearkey	O0	local_main;wulver		data/stripped/dropbear_dropbearkey_O0	0	1	data/bir/dropbear_dropbearkey_O0.bir	4361914	1	284	schemaA:functions=name->addr		789	659	62	282	0			train	train	train		0		1	1	659	62	282	0	1	1c7aa20108a977221aa80fc16bb5b3d2af989b34				DYN	1	384		1.0	archive		0	no_debug_elf		
dropbear_dropbearkey_O2	dropbear	dropbearkey	O2	local_main;wulver		data/stripped/dropbear_dropbearkey_O2	0	1	data/bir/dropbear_dropbearkey_O2.bir	4057157	1	284	schemaA:functions=name->addr		421	291	62	252	0			train	train	train		0		1	1	291	62	252	0	1	248368b02ea33f2c8361c0752df2e599fd170fba				DYN	1	363		1.0	archive		0	no_debug_elf		
ed_ed_O0	ed	ed	O0	local_main;wulver	data/raw/ed_ed_O0_sym	data/stripped/ed_ed_O0_stripped	1	1	data/bir/ed_ed_O0.bir	1087571	1	148	schemaA:functions=addr->name		402	282	58	141	0			train	train	train		0		1	1	282	58	141	0	1	1ed1532c493cb19ae630a18bfd5d844c0f84154e	1ed1532c493cb19ae630a18bfd5d844c0f84154e	1	1	DYN	1	145	145	1.0	archive		1			
ed_ed_O1	ed	ed	O1	local_main;wulver	data/raw/ed_ed_O1_sym	data/stripped/ed_ed_O1_stripped	1	1	data/bir/ed_ed_O1.bir	731063	1	124	schemaA:functions=addr->name		230	114	56	114	0			train	train	train		0		1	1	114	56	114	0	1	7b0552517008a9005c0b8a605a8ec85880fd465c	7b0552517008a9005c0b8a605a8ec85880fd465c	1	1	DYN	1	121	121	1.0	archive		1			
ed_ed_O2	ed	ed	O2	local_main;wulver	data/raw/ed_ed_O2_sym	data/stripped/ed_ed_O2_stripped	1	1	data/bir/ed_ed_O2.bir	781487	1	118	schemaA:functions=addr->name		223	107	56	107	0			train	train	train		0		1	1	107	56	107	0	1	eef0c81776f608c8eaef1fdf1ad49bf78abd0611	eef0c81776f608c8eaef1fdf1ad49bf78abd0611	1	1	DYN	1	115	115	1.0	archive		1			
ed_ed_O3	ed	ed	O3	local_main;wulver	data/raw/ed_ed_O3_sym	data/stripped/ed_ed_O3_stripped	1	1	data/bir/ed_ed_O3.bir	880435	1	113	schemaA:functions=addr->name		218	102	56	102	0			train	train	train		0		1	1	102	56	102	0	1	e6222cef256c153fef79004af7cf1bdaeecc59fa	e6222cef256c153fef79004af7cf1bdaeecc59fa	1	1	DYN	1	110	110	1.0	archive		1			
enscript_enscript	enscript	enscript	default	local_main;wulver	data/raw/enscript_enscript_sym	data/stripped/enscript_enscript_stripped	1	1	data/bir/enscript_enscript.bir	1653305	1	82	schemaA:functions=name->addr		249	78	85	76	0		train	train	train	train	train	0		1	1	78	85	76	0	1	003e199deff3d61d75d6db9ce458b2923264a53b	003e199deff3d61d75d6db9ce458b2923264a53b	1	1	DYN	1	86	86	1.0	archive		1			
enscript_enscript_O0	enscript	enscript	O0	local_main;wulver	data/raw/enscript_enscript_O0_sym	data/stripped/enscript_enscript_O0_stripped	1	1	data/bir/enscript_enscript_O0.bir	2112235	1	98	schemaA:functions=name->addr		362	196	83	195	0		train	train	train	train	train	0		1	1	196	83	195	0	1	20d728faf734110d8146d2c35029737b8ab1e4ed	20d728faf734110d8146d2c35029737b8ab1e4ed	1	1	DYN	1	102	102	1.0	archive		1			
enscript_enscript_O1	enscript	enscript	O1	local_main;wulver	data/raw/enscript_enscript_O1_sym	data/stripped/enscript_enscript_O1_stripped	1	1	data/bir/enscript_enscript_O1.bir	1654879	1	80	schemaA:functions=name->addr		246	78	95	77	0		train	train	train	train	train	0		1	1	78	95	77	0	1	b42b062eb419540f02c4883b66f3544bd80f95de	b42b062eb419540f02c4883b66f3544bd80f95de	1	1	DYN	1	84	84	1.0	archive		1			
enscript_enscript_O2	enscript	enscript	O2	local_main;wulver	data/raw/enscript_enscript_O2_sym	data/stripped/enscript_enscript_O2_stripped	1	1	data/bir/enscript_enscript_O2.bir	1653305	1	82	schemaA:functions=name->addr		249	78	85	76	0		train	train	train	train	train	0		1	1	78	85	76	0	1	003e199deff3d61d75d6db9ce458b2923264a53b	003e199deff3d61d75d6db9ce458b2923264a53b	1	1	DYN	1	86	86	1.0	archive		1			
enscript_enscript_O3	enscript	enscript	O3	local_main;wulver	data/raw/enscript_enscript_O3_sym	data/stripped/enscript_enscript_O3_stripped	1	1	data/bir/enscript_enscript_O3.bir	1847476	1	82	schemaA:functions=name->addr		249	78	97	76	0		train	train	train	train	train	0		1	1	78	97	76	0	1	8d44c67cb1c97e5bbc4343f99fc99e6bcc181b1b	8d44c67cb1c97e5bbc4343f99fc99e6bcc181b1b	1	1	DYN	1	86	86	1.0	archive		1			
entr_entr_O2	entr	entr	O2	local_main:cross_project	data/cross_project/candidates/entr_entr_O2		1	0			0																									733ce874ffbfc196a012dcd6e016236e00a266a1			DYN	1		23				0	no_stripped_elf;no_bir;no_labels;no_sub_graphs;no_matched_functions	local_cross_project_dir	
expat_xmlwf_O0	expat	xmlwf	O0	ftdomains;local_main;wulver	ftdomains/bins/expat_xmlwf_O0.debug	data/stripped/expat_xmlwf_O0	1	2	data/bir/expat_xmlwf_O0.bir	3213273	1	440	schemaA:functions=name->addr		975	882	47	75	0		train	train	train	train	train	0		1	1	840	47	75	0	1	23a93910c0abbdeaace4053d36187e2a187ede0f	0c0f970a681a35270dab9b64dab8c3baa3ee11ee	0	1	DYN	1	424	445	1.0	archive		1			
expat_xmlwf_O1	expat	xmlwf	O1	ftdomains;local_main;wulver	data/raw/expat_xmlwf_O1_sym	data/stripped/expat_xmlwf_O1_stripped	2	2	data/bir/expat_xmlwf_O1.bir	253605	1	381	schemaA:functions=name->addr		339	247	47	41	0			train	train	train		0		1	0			41	0	1	37b462a8ce6fe1470c82d93b62192cd1d9e82861	37b462a8ce6fe1470c82d93b62192cd1d9e82861	1	1	DYN	1	58	58	1.0	archive		1			
expat_xmlwf_O2	expat	xmlwf	O2	ftdomains;local_main;wulver	ftdomains/bins/expat_xmlwf_O2.debug	data/stripped/expat_xmlwf_O2	1	2	data/bir/expat_xmlwf_O2.bir	1797680	1	357	schemaA:functions=name->addr		290	200	46	3	0		train	train	train	train	train	0		1	1	189	46	3	0	1	47efd5e5c9bf09ff17833ae56f9d4fadf1964994	89a761eae1df90f0036fd3c6321161a7d94210c6	0	1	DYN	1	350	361	1.0	archive		1			
expat_xmlwf_O3	expat	xmlwf	O3	ftdomains;local_main;wulver	data/raw/expat_xmlwf_O3_sym	data/stripped/expat_xmlwf_O3_stripped	2	2	data/bir/expat_xmlwf_O3.bir	273887	1	340	schemaA:functions=name->addr		278	188	46	38	0			train	train	train		0		1	0			38	0	1	c2d20795a231730e446fd27a229f8cc8bdf60e41	c2d20795a231730e446fd27a229f8cc8bdf60e41	1	1	DYN	1	55	55	1.0	archive		1			
expat_xmlwf_clang_O0	expat	xmlwf_clang	O0	clang_train	clang_train/bins/expat_xmlwf_clang_O0.debug	clang_train/bins/expat_xmlwf_clang_O0	1	1	clang_train/bir/expat_xmlwf_clang_O0.bir	3154186	1	420	schemaA:functions=name->addr		507	420	45			420															dc71fbec03bd5833f52bd8ee996dec61a5d7c3e3	dc71fbec03bd5833f52bd8ee996dec61a5d7c3e3	1	1	DYN	1	423	423	1.0	computed		1			
expat_xmlwf_clang_O1	expat	xmlwf_clang	O1	clang_train	clang_train/bins/expat_xmlwf_clang_O1.debug	clang_train/bins/expat_xmlwf_clang_O1	1	1	clang_train/bir/expat_xmlwf_clang_O1.bir	1515901	1	342	schemaA:functions=name->addr		228	138	46			137															b32a581e0bfae7a3b005ef664a5ad53acbf83cbb	b32a581e0bfae7a3b005ef664a5ad53acbf83cbb	1	1	DYN	1	345	345	0.9782608695652174	computed		1			
expat_xmlwf_clang_O2	expat	xmlwf_clang	O2	clang_train	clang_train/bins/expat_xmlwf_clang_O2.debug	clang_train/bins/expat_xmlwf_clang_O2	1	1	clang_train/bir/expat_xmlwf_clang_O2.bir	1326801	1	344	schemaA:functions=name->addr		203	112	46			111															0d4916a27dfc8477fa51b73c6645d4d3409d0510	0d4916a27dfc8477fa51b73c6645d4d3409d0510	1	1	DYN	1	347	347	0.9732142857142857	computed		1			
expat_xmlwf_clang_O3	expat	xmlwf_clang	O3	clang_train	clang_train/bins/expat_xmlwf_clang_O3.debug	clang_train/bins/expat_xmlwf_clang_O3	1	1	clang_train/bir/expat_xmlwf_clang_O3.bir	1489934	1	343	schemaA:functions=name->addr		202	111	46			110															c93ad588a6b648f51deabeb7fa41173b3b548ae4	c93ad588a6b648f51deabeb7fa41173b3b548ae4	1	1	DYN	1	346	346	0.972972972972973	computed		1			
file_file_O2	file	file	O2	local_main:cross_project	data/cross_project/candidates/file_file_O2		1	0			0																									a233dbc7dd23ee98209f244574d9923dcb049309			DYN	1		18				0	no_stripped_elf;no_bir;no_labels;no_sub_graphs;no_matched_functions	local_cross_project_dir	
findutils2_find_O0	findutils2	find	O0	wulver			0	0			0															0		1	0	870			1	1												0	no_bir;no_matched_functions		
findutils2_find_O1	findutils2	find	O1	wulver			0	0			0															0		1	0	637			1	1												0	no_bir;no_matched_functions		
findutils2_find_O2	findutils2	find	O2	wulver			0	0			0															0		1	0	608			1	1												0	no_bir;no_matched_functions		
findutils2_find_O3	findutils2	find	O3	wulver			0	0			0															0		1	0	578			1	1												0	no_bir;no_matched_functions		
findutils2_xargs_O0	findutils2	xargs	O0	wulver			0	0			0															0		1	0	179			1	1												0	no_bir;no_matched_functions		
findutils2_xargs_O1	findutils2	xargs	O1	wulver			0	0			0															0		1	0	142			1	1												0	no_bir;no_matched_functions		
findutils2_xargs_O2	findutils2	xargs	O2	wulver			0	0			0															0		1	0	155			1	1												0	no_bir;no_matched_functions		
findutils2_xargs_O3	findutils2	xargs	O3	wulver			0	0			0															0		1	0	159			1	1												0	no_bir;no_matched_functions		
findutils_find	findutils	find	default	local_main;wulver	data/raw/findutils_find_sym	data/stripped/findutils_find_stripped	1	1	data/bir/findutils_find.bir	3306648	1	530	schemaA:functions=name->addr		655	358	149	355	0		train	train	train	train	train	0		1	1	358	149	355	0	1	e9f93c5305bdacd810b44b8079485ccaed2e1eab	e9f93c5305bdacd810b44b8079485ccaed2e1eab	1	1	DYN	1	535	535	0.9966666666666667	archive		1			
findutils_find_O0	findutils	find	O0	local_main;wulver	data/raw/findutils_find_O0_sym	data/stripped/findutils_find_O0_stripped	1	1	data/bir/findutils_find_O0.bir	4984146	1	714	schemaA:functions=name->addr		1737	1433	152	1425	0		train	train	train	train	train	0		1	1	1433	152	1425	0	1	4c5eb5b6c3cee9e54f93a9a21f9a5246c055dcf2	4c5eb5b6c3cee9e54f93a9a21f9a5246c055dcf2	1	1	DYN	1	722	722	1.0	archive		1			
findutils_find_O1	findutils	find	O1	local_main;wulver	data/raw/findutils_find_O1_sym	data/stripped/findutils_find_O1_stripped	1	1	data/bir/findutils_find_O1.bir	3328718	1	541	schemaA:functions=name->addr		707	404	164	401	0		train	train	train	train	train	0		1	1	404	164	401	0	1	385dc06793168e9725296cf2f257832e0768a1b9	385dc06793168e9725296cf2f257832e0768a1b9	1	1	DYN	1	547	547	0.99	archive		1			
findutils_find_O2	findutils	find	O2	local_main;wulver	data/raw/findutils_find_O2_sym	data/stripped/findutils_find_O2_stripped	1	1	data/bir/findutils_find_O2.bir	3306648	1	530	schemaA:functions=name->addr		655	358	149	355	0		val	val	val	val	val	0		1	1	358	149	355	0	1	e9f93c5305bdacd810b44b8079485ccaed2e1eab	e9f93c5305bdacd810b44b8079485ccaed2e1eab	1	1	DYN	1	535	535	0.9966666666666667	archive		1			
findutils_find_O3	findutils	find	O3	local_main;wulver	data/raw/findutils_find_O3_sym	data/stripped/findutils_find_O3_stripped	1	1	data/bir/findutils_find_O3.bir	4619660	1	512	schemaA:functions=name->addr		670	373	161	370	0		train	train	train	train	train	0		1	1	373	161	370	0	1	b6aa86c0daaa3f11b486b1ddc36b0f1f8e4f5643	b6aa86c0daaa3f11b486b1ddc36b0f1f8e4f5643	1	1	DYN	1	517	517	0.9966666666666667	archive		1			
findutils_find_clang_O0	findutils	find_clang	O0	clang_train	clang_train/bins/findutils_find_clang_O0.debug	clang_train/bins/findutils_find_clang_O0	1	1	clang_train/bir/findutils_find_clang_O0.bir	5373126	1	714	schemaA:functions=name->addr		1021	718	152			714															33e0d5f21c336a93d39c9e81ba16d188881d31a6	33e0d5f21c336a93d39c9e81ba16d188881d31a6	1	1	DYN	1	721	721	1.0	computed		1			
findutils_find_clang_O1	findutils	find_clang	O1	clang_train	clang_train/bins/findutils_find_clang_O1.debug	clang_train/bins/findutils_find_clang_O1	1	1	clang_train/bir/findutils_find_clang_O1.bir	2825238	1	482	schemaA:functions=name->addr		541	251	146			249															cb543ead180506f223ade3530c2008d40b413637	cb543ead180506f223ade3530c2008d40b413637	1	1	DYN	1	486	486	0.9920318725099602	computed		1			
findutils_find_clang_O2	findutils	find_clang	O2	clang_train	clang_train/bins/findutils_find_clang_O2.debug	clang_train/bins/findutils_find_clang_O2	1	1	clang_train/bir/findutils_find_clang_O2.bir	2824627	1	486	schemaA:functions=name->addr		533	243	146			241															074b1a4ae65f262e42c988327a87c6e7540ccdf8	074b1a4ae65f262e42c988327a87c6e7540ccdf8	1	1	DYN	1	490	490	0.9917695473251029	computed		1			
findutils_find_clang_O3	findutils	find_clang	O3	clang_train	clang_train/bins/findutils_find_clang_O3.debug	clang_train/bins/findutils_find_clang_O3	1	1	clang_train/bir/findutils_find_clang_O3.bir	3028102	1	482	schemaA:functions=name->addr		529	239	146			237															703e4d6691d4d030fe0f23c251a0b5a3b24d831e	703e4d6691d4d030fe0f23c251a0b5a3b24d831e	1	1	DYN	1	486	486	0.9916317991631799	computed		1			
findutils_xargs	findutils	xargs	default	local_main;wulver	data/raw/findutils_xargs_sym	data/stripped/findutils_xargs_stripped	1	1	data/bir/findutils_xargs.bir	881775	1	158	schemaA:functions=name->addr		280	104	85	102	0		test	test	test	test	test	0		1	1	104	85	102	0	1	4b4781ec92a4db32839073496fcff69b674f7112	4b4781ec92a4db32839073496fcff69b674f7112	1	1	DYN	1	162	162	1.0	archive	findutils_xargs_O2:0.902	1			dup_group_keeper:findutils_xargs_O2
findutils_xargs_O0	findutils	xargs	O0	local_main;wulver	data/raw/findutils_xargs_O0_sym	data/stripped/findutils_xargs_O0_stripped	1	1	data/bir/findutils_xargs_O0.bir	1272123	1	188	schemaA:functions=name->addr		551	375	85	374	0		train	train	train	train	train	0		1	1	375	85	374	0	1	a85978ea18bd6187da773514cfbe391cd07df66b	a85978ea18bd6187da773514cfbe391cd07df66b	1	1	DYN	1	192	192	1.0	archive		1			
findutils_xargs_O1	findutils	xargs	O1	local_main;wulver	data/raw/findutils_xargs_O1_sym	data/stripped/findutils_xargs_O1_stripped	1	1	data/bir/findutils_xargs_O1.bir	902636	1	146	schemaA:functions=name->addr		286	110	89	109	0		train	train	train	train	train	0		1	1	110	89	109	0	1	4f9828b6af1d2ff6f23f0f9e41569cee53499b06	4f9828b6af1d2ff6f23f0f9e41569cee53499b06	1	1	DYN	1	150	150	1.0	archive		1			
findutils_xargs_O2	findutils	xargs	O2	local_main;wulver	data/raw/findutils_xargs_O2_sym	data/stripped/findutils_xargs_O2_stripped	1	1	data/bir/findutils_xargs_O2.bir	881775	1	158	schemaA:functions=name->addr		280	104	85	102	0		train	train	train	train	train	0		1	1	104	85	102	0	1	4b4781ec92a4db32839073496fcff69b674f7112	4b4781ec92a4db32839073496fcff69b674f7112	1	1	DYN	1	162	162	1.0	archive	findutils_xargs:0.902	0	duplicate_build_of:findutils_xargs		
findutils_xargs_O3	findutils	xargs	O3	local_main;wulver	data/raw/findutils_xargs_O3_sym	data/stripped/findutils_xargs_O3_stripped	1	1	data/bir/findutils_xargs_O3.bir	1225791	1	162	schemaA:functions=name->addr		298	122	89	120	0		train	train	train	train	train	0		1	1	122	89	120	0	1	96de5b8c66222440f7cb9195b9fa5bf3e7a5184e	96de5b8c66222440f7cb9195b9fa5bf3e7a5184e	1	1	DYN	1	166	166	1.0	archive		1			
findutils_xargs_clang_O0	findutils	xargs_clang	O0	clang_train	clang_train/bins/findutils_xargs_clang_O0.debug	clang_train/bins/findutils_xargs_clang_O0	1	1	clang_train/bir/findutils_xargs_clang_O0.bir	1279883	1	188	schemaA:functions=name->addr		359	188	83			188															8634235b374d35933b0adbf4a2f8783baa722bb5	8634235b374d35933b0adbf4a2f8783baa722bb5	1	1	DYN	1	191	191	1.0	computed		1			
findutils_xargs_clang_O1	findutils	xargs_clang	O1	clang_train	clang_train/bins/findutils_xargs_clang_O1.debug	clang_train/bins/findutils_xargs_clang_O1	1	1	clang_train/bir/findutils_xargs_clang_O1.bir	650621	1	139	schemaA:functions=name->addr		243	69	84			68															d62afd931fe6152cfcc53ef45798e43ec8e92742	d62afd931fe6152cfcc53ef45798e43ec8e92742	1	1	DYN	1	142	142	1.0	computed		1			
findutils_xargs_clang_O2	findutils	xargs_clang	O2	clang_train	clang_train/bins/findutils_xargs_clang_O2.debug	clang_train/bins/findutils_xargs_clang_O2	1	1	clang_train/bir/findutils_xargs_clang_O2.bir	671969	1	142	schemaA:functions=name->addr		245	71	84			70															016585d15f4d46f9336118dfbe8e7329bde7ed68	016585d15f4d46f9336118dfbe8e7329bde7ed68	1	1	DYN	1	145	145	1.0	computed		1			
findutils_xargs_clang_O3	findutils	xargs_clang	O3	clang_train	clang_train/bins/findutils_xargs_clang_O3.debug	clang_train/bins/findutils_xargs_clang_O3	1	1	clang_train/bir/findutils_xargs_clang_O3.bir	714999	1	140	schemaA:functions=name->addr		244	70	84			69															133726ec138b810819b183f7ea93d2e3849d93ef	133726ec138b810819b183f7ea93d2e3849d93ef	1	1	DYN	1	143	143	1.0	computed		1			
flex_flex	flex	flex	default	local_main;wulver	data/raw/flex_flex_sym	data/stripped/flex_flex_stripped	1	1	data/bir/flex_flex.bir	2803220	1	228	schemaA:functions=name->addr		360	201	80	199	0		train	train	train	train	train	0		1	1	201	80	199	0	1	db597d15b2bdedf8c18f7e8368eadfb15697a85f	db597d15b2bdedf8c18f7e8368eadfb15697a85f	1	1	DYN	1	232	232	1.0	archive	flex_flex_O2:0.92	1			dup_group_keeper:flex_flex_O2
flex_flex_O0	flex	flex	O0	local_main;wulver	data/raw/flex_flex_O0_sym	data/stripped/flex_flex_O0_stripped	1	1	data/bir/flex_flex_O0.bir	2894142	1	250	schemaA:functions=name->addr		664	500	81	499	0		train	train	train	train	train	0		1	1	500	81	499	0	1	34e1aa41a71ef276634a00f5df338e62aca89286	34e1aa41a71ef276634a00f5df338e62aca89286	1	1	DYN	1	254	254	1.0	archive		1			
flex_flex_O1	flex	flex	O1	local_main;wulver	data/raw/flex_flex_O1_sym	data/stripped/flex_flex_O1_stripped	1	1	data/bir/flex_flex_O1.bir	2009929	1	227	schemaA:functions=name->addr		366	206	90	205	0		train	train	train	train	train	0		1	1	206	90	205	0	1	55982daaaa323fb9cdd3aaba59b19b0a189f81d7	55982daaaa323fb9cdd3aaba59b19b0a189f81d7	1	1	DYN	1	231	231	1.0	archive		1			
flex_flex_O2	flex	flex	O2	local_main;wulver	data/raw/flex_flex_O2_sym	data/stripped/flex_flex_O2_stripped	1	1	data/bir/flex_flex_O2.bir	2803220	1	228	schemaA:functions=name->addr		360	201	80	199	0		train	train	train	train	train	0		1	1	201	80	199	0	1	db597d15b2bdedf8c18f7e8368eadfb15697a85f	db597d15b2bdedf8c18f7e8368eadfb15697a85f	1	1	DYN	1	232	232	1.0	archive	flex_flex:0.92	0	duplicate_build_of:flex_flex		
flex_flex_O3	flex	flex	O3	local_main;wulver	data/raw/flex_flex_O3_sym	data/stripped/flex_flex_O3_stripped	1	1	data/bir/flex_flex_O3.bir	3485302	1	229	schemaA:functions=name->addr		357	196	90	190	0		train	train	train	train	train	0		1	1	196	90	190	0	1	2fd4f18ec91503ec7b51768fbb0161005d847ad9	2fd4f18ec91503ec7b51768fbb0161005d847ad9	1	1	DYN	1	233	233	0.9948979591836735	archive		1			
fossil_fossil_O0	fossil	fossil	O0	local_main;wulver		data/stripped/fossil_fossil_O0	0	1			1	7282	schemaA:functions=name->addr			0		0								0		1	0				1	1	4364276ab2094a84d6faf8c253c16d895404de9e				DYN	1	7049					0	no_bir;no_sub_graphs;no_matched_functions		
fossil_fossil_O1	fossil	fossil	O1	local_main;wulver			0	0			1	5643	schemaA:functions=name->addr			0		0								0		1	0				1	1												0	no_bir;no_sub_graphs;no_matched_functions		
fossil_fossil_O2	fossil	fossil	O2	local_main;wulver		data/stripped/fossil_fossil_O2	0	1			1	5164	schemaA:functions=name->addr			0		0								0		1	0				1	1	f9c514d10605689ac529949419c4c05670dad260				DYN	1	4979					0	no_bir;no_sub_graphs;no_matched_functions		
fossil_fossil_O3	fossil	fossil	O3	local_main;wulver			0	0			1	4991	schemaA:functions=name->addr			0		0								0		1	0				1	1												0	no_bir;no_sub_graphs;no_matched_functions		
gawk2_gawk_O0	gawk2	gawk	O0	wulver			0	0			0															0		1	0	1253			1	1												0	no_bir;no_matched_functions		
gawk2_gawk_O1	gawk2	gawk	O1	wulver			0	0			0															0		1	0	863			1	1												0	no_bir;no_matched_functions		
gawk2_gawk_O2	gawk2	gawk	O2	wulver			0	0			0															0		1	0	805			1	1												0	no_bir;no_matched_functions		
gawk2_gawk_O3	gawk2	gawk	O3	wulver			0	0			0															0		1	0	742			1	1												0	no_bir;no_matched_functions		
gawk_gawk	gawk	gawk	default	local_main;wulver	data/raw/gawk_gawk_sym	data/stripped/gawk_gawk_stripped	1	1	data/bir/gawk_gawk.bir	10401419	1	804	schemaA:functions=name->addr		1032	655	194	645	0		val	val	val	val	val	0		1	1	655	194	645	0	1	9cc3c6130b3370309f77646f1068f896e16a7a52	9cc3c6130b3370309f77646f1068f896e16a7a52	1	1	EXEC	1	813	813	0.9933333333333333	archive		1			
gawk_gawk_O0	gawk	gawk	O0	local_main;wulver	data/raw/gawk_gawk_O0_sym	data/stripped/gawk_gawk_O0_stripped	1	1	data/bir/gawk_gawk_O0.bir	13238760	1	1115	schemaA:functions=name->addr		2663	2290	199	2147	0		train	train	train	train	train	0		1	1	2290	199	2147	0	1	25208a067b89946cd3edfb48ab0e796a72bf5d31	25208a067b89946cd3edfb48ab0e796a72bf5d31	1	1	EXEC	1	1256	1256	1.0	archive		1			
gawk_gawk_O1	gawk	gawk	O1	local_main;wulver	data/raw/gawk_gawk_O1_sym	data/stripped/gawk_gawk_O1_stripped	1	1	data/bir/gawk_gawk_O1.bir	9732002	1	851	schemaA:functions=name->addr		1117	736	206	729	0		train	train	train	train	train	0		1	1	736	206	729	0	1	639121fb5fab255e38d6f3a2f74925ab2b81d9ba	639121fb5fab255e38d6f3a2f74925ab2b81d9ba	1	1	EXEC	1	861	861	0.9933333333333333	archive		1			
gawk_gawk_O2	gawk	gawk	O2	local_main;wulver	data/raw/gawk_gawk_O2_sym	data/stripped/gawk_gawk_O2_stripped	1	1	data/bir/gawk_gawk_O2.bir	10401419	1	804	schemaA:functions=name->addr		1032	655	194	645	0		train	train	train	train	train	0		1	1	655	194	645	0	1	9cc3c6130b3370309f77646f1068f896e16a7a52	9cc3c6130b3370309f77646f1068f896e16a7a52	1	1	EXEC	1	813	813	0.9933333333333333	archive		1			
gawk_gawk_O3	gawk	gawk	O3	local_main;wulver	data/raw/gawk_gawk_O3_sym	data/stripped/gawk_gawk_O3_stripped	1	1	data/bir/gawk_gawk_O3.bir	11655170	1	749	schemaA:functions=name->addr		989	613	206	604	0		train	train	train	train	train	0		1	1	613	206	604	0	1	e541996fd31d246af8b871de461d4114b15bbebb	e541996fd31d246af8b871de461d4114b15bbebb	1	1	EXEC	1	757	757	1.0	archive		1			
gawk_gawk_clang_O0	gawk	gawk_clang	O0	clang_train	clang_train/bins/gawk_gawk_clang_O0.debug	clang_train/bins/gawk_gawk_clang_O0	1	1	clang_train/bir/gawk_gawk_clang_O0.bir	12907931	1	1107	schemaA:functions=name->addr		1591	1220	195			1103															546f4a6795522f71543079bd56834cbbf71e2549	546f4a6795522f71543079bd56834cbbf71e2549	1	1	EXEC	1	1244	1244	1.0	computed		1			
gawk_gawk_clang_O1	gawk	gawk_clang	O1	clang_train	clang_train/bins/gawk_gawk_clang_O1.debug	clang_train/bins/gawk_gawk_clang_O1	1	1	clang_train/bir/gawk_gawk_clang_O1.bir	8241057	1	776	schemaA:functions=name->addr		886	519	194			528															335fef0f65516eebc25578f1298e85591cead9f2	335fef0f65516eebc25578f1298e85591cead9f2	1	1	EXEC	1	786	786	0.9866666666666667	computed		1			
gawk_gawk_clang_O2	gawk	gawk_clang	O2	clang_train	clang_train/bins/gawk_gawk_clang_O2.debug	clang_train/bins/gawk_gawk_clang_O2	1	1	clang_train/bir/gawk_gawk_clang_O2.bir	8294883	1	772	schemaA:functions=name->addr		873	506	194			515															39a8ed6eba0d0043d763639493c79be8adb27355	39a8ed6eba0d0043d763639493c79be8adb27355	1	1	EXEC	1	782	782	0.9833333333333333	computed		1			
gawk_gawk_clang_O3	gawk	gawk_clang	O3	clang_train	clang_train/bins/gawk_gawk_clang_O3.debug	clang_train/bins/gawk_gawk_clang_O3	1	1	clang_train/bir/gawk_gawk_clang_O3.bir	9046574	1	769	schemaA:functions=name->addr		875	508	194			517															568bcdabb5341b9b9396621267bc5e688eb631b1	568bcdabb5341b9b9396621267bc5e688eb631b1	1	1	EXEC	1	779	779	0.9833333333333333	computed		1			
gdbm_gdbm_dump_O0	gdbm	gdbm_dump	O0	local_main:_p0_0_6_round2;wulver		data/stripped/_p0_0_6_round2/gdbm_gdbm_dump_O0_stripped	0	1	data/bir/_p0_0_6_round2/gdbm_gdbm_dump_O0.bir	426767	0											excluded		excluded		1	426767	1	1	56	55	56	1	1					EXEC	1	59		1.0	computed		1		excluded_in_wulver_v1(not in paper_clean)	
gdbm_gdbm_dump_O1	gdbm	gdbm_dump	O1	local_main:_p0_0_6_round2;wulver		data/stripped/_p0_0_6_round2/gdbm_gdbm_dump_O1_stripped	0	1	data/bir/_p0_0_6_round2/gdbm_gdbm_dump_O1.bir	267232	0											excluded		excluded		1	267232	1	1	37	54	36	1	1					EXEC	1	49		0.972972972972973	computed		1		excluded_in_wulver_v1(not in paper_clean)	
gdbm_gdbm_dump_O2	gdbm	gdbm_dump	O2	local_main:_p0_0_6_round2;wulver		data/stripped/_p0_0_6_round2/gdbm_gdbm_dump_O2_stripped	0	1	data/bir/_p0_0_6_round2/gdbm_gdbm_dump_O2.bir	300949	0											excluded		excluded		1	300949	1	1	34	52	32	1	1					EXEC	1	49		0.9705882352941176	computed		1		excluded_in_wulver_v1(not in paper_clean)	
gdbm_gdbm_dump_O3	gdbm	gdbm_dump	O3	local_main:_p0_0_6_round2;wulver		data/stripped/_p0_0_6_round2/gdbm_gdbm_dump_O3_stripped	0	1	data/bir/_p0_0_6_round2/gdbm_gdbm_dump_O3.bir	316402	0											excluded		excluded		1	316402	1	1	30	52	28	1	1					EXEC	1	47		0.9666666666666667	computed		1		excluded_in_wulver_v1(not in paper_clean)	
gdbm_gdbm_load_O0	gdbm	gdbm_load	O0	local_main:_p0_0_6_round2;wulver		data/stripped/_p0_0_6_round2/gdbm_gdbm_load_O0_stripped	0	1	data/bir/_p0_0_6_round2/gdbm_gdbm_load_O0.bir	447508	0											excluded		excluded		1	447508	1	1	58	63	58	1	1					EXEC	1	61		1.0	computed		1		excluded_in_wulver_v1(not in paper_clean)	
gdbm_gdbm_load_O1	gdbm	gdbm_load	O1	local_main:_p0_0_6_round2;wulver		data/stripped/_p0_0_6_round2/gdbm_gdbm_load_O1_stripped	0	1	data/bir/_p0_0_6_round2/gdbm_gdbm_load_O1.bir	299748	0											excluded		excluded		1	299748	1	1	38	62	37	1	1					EXEC	1	50		0.9736842105263158	computed		1		excluded_in_wulver_v1(not in paper_clean)	
gdbm_gdbm_load_O2	gdbm	gdbm_load	O2	local_main:_p0_0_6_round2;wulver		data/stripped/_p0_0_6_round2/gdbm_gdbm_load_O2_stripped	0	1	data/bir/_p0_0_6_round2/gdbm_gdbm_load_O2.bir	332743	0											excluded		excluded		1	332743	1	1	35	60	33	1	1					EXEC	1	50		0.9714285714285714	computed		1		excluded_in_wulver_v1(not in paper_clean)	
gdbm_gdbm_load_O3	gdbm	gdbm_load	O3	local_main:_p0_0_6_round2;wulver		data/stripped/_p0_0_6_round2/gdbm_gdbm_load_O3_stripped	0	1	data/bir/_p0_0_6_round2/gdbm_gdbm_load_O3.bir	350005	0											excluded		excluded		1	350005	1	1	31	60	29	1	1					EXEC	1	48		0.967741935483871	computed		1		excluded_in_wulver_v1(not in paper_clean)	
gdbm_gdbmtool_O0	gdbm	gdbmtool	O0	local_main:_p0_0_6_round2;wulver		data/stripped/_p0_0_6_round2/gdbm_gdbmtool_O0_stripped	0	1	data/bir/_p0_0_6_round2/gdbm_gdbmtool_O0.bir	1922298	0											excluded		excluded		1	1922298	1	1	357	117	353	1	1					EXEC	1	360		1.0	computed		1		excluded_in_wulver_v1(not in paper_clean)	
gdbm_gdbmtool_O1	gdbm	gdbmtool	O1	local_main:_p0_0_6_round2;wulver		data/stripped/_p0_0_6_round2/gdbm_gdbmtool_O1_stripped	0	1	data/bir/_p0_0_6_round2/gdbm_gdbmtool_O1.bir	1120782	0											excluded		excluded		1	1120782	1	1	163	115	162	1	1					EXEC	1	302		0.9815950920245399	computed		1		excluded_in_wulver_v1(not in paper_clean)	
gdbm_gdbmtool_O2	gdbm	gdbmtool	O2	local_main:_p0_0_6_round2;wulver		data/stripped/_p0_0_6_round2/gdbm_gdbmtool_O2_stripped	0	1	data/bir/_p0_0_6_round2/gdbm_gdbmtool_O2.bir	1129774	0											excluded		excluded		1	1129774	1	1	158	115	155	1	1					EXEC	1	306		0.9810126582278481	computed		1		excluded_in_wulver_v1(not in paper_clean)	
gdbm_gdbmtool_O3	gdbm	gdbmtool	O3	local_main:_p0_0_6_round2;wulver		data/stripped/_p0_0_6_round2/gdbm_gdbmtool_O3_stripped	0	1	data/bir/_p0_0_6_round2/gdbm_gdbmtool_O3.bir	1162046	0											excluded		excluded		1	1162046	1	1	133	115	130	1	1					EXEC	1	298		0.9774436090225563	computed		1		excluded_in_wulver_v1(not in paper_clean)	
gettext_msgfmt_O0	gettext	msgfmt	O0	local_main;local_main:cross_project;wulver	data/cross_project/debug/gettext_msgfmt_O0	data/cross_project/stripped/gettext_msgfmt_O0_stripped	1	1	data/bir/gettext_msgfmt_O0.bir	1608337	1	82	schemaA:functions=name->addr	87	435	155	141	80	0			excluded	xproject	excluded	excluded	1	1608337	1	1	155	141	80	0	1	60a5ccf776a2d6316d4bd22448c1431876630bed	60a5ccf776a2d6316d4bd22448c1431876630bed	1	1	DYN	1	84	84	1.0	archive		1		xproject_holdout(wulver_paper_clean);local_cross_project_dir	not-elf:data/raw/gettext_msgfmt_O0_sym
gettext_msgfmt_O1	gettext	msgfmt	O1	local_main;local_main:cross_project;wulver	data/cross_project/debug/gettext_msgfmt_O1	data/cross_project/stripped/gettext_msgfmt_O1_stripped	1	1	data/bir/gettext_msgfmt_O1.bir	1120480	1	65	schemaA:functions=name->addr	69	331	58	137	56	0			excluded	xproject	excluded	excluded	1	1120480	1	1	58	137	56	0	1	aeb0e4f090cf5cd1dee235ea9d3baa0085f2e3ce	aeb0e4f090cf5cd1dee235ea9d3baa0085f2e3ce	1	1	DYN	1	66	66	1.0	archive		1		xproject_holdout(wulver_paper_clean);local_cross_project_dir	not-elf:data/raw/gettext_msgfmt_O1_sym
gettext_msgfmt_O2	gettext	msgfmt	O2	local_main;local_main:cross_project;wulver	data/cross_project/debug/gettext_msgfmt_O2	data/cross_project/stripped/gettext_msgfmt_O2_stripped	1	1	data/bir/gettext_msgfmt_O2.bir	1137281	1	73	schemaA:functions=name->addr	78	338	65	137	62	0			excluded	xproject	excluded	excluded	1	1137281	1	1	65	137	62	0	1	02c2cc60afd9fe3081d5fd51031605613daab9cb	02c2cc60afd9fe3081d5fd51031605613daab9cb	1	1	DYN	1	75	75	1.0	archive		1		xproject_holdout(wulver_paper_clean);local_cross_project_dir	not-elf:data/raw/gettext_msgfmt_O2_sym
gettext_msgfmt_O3	gettext	msgfmt	O3	local_main;local_main:cross_project;wulver	data/cross_project/debug/gettext_msgfmt_O3	data/cross_project/stripped/gettext_msgfmt_O3_stripped	1	1	data/bir/gettext_msgfmt_O3.bir	1179443	1	66	schemaA:functions=name->addr	71	331	58	137	55	0			excluded	xproject	excluded	excluded	1	1179443	1	1	58	137	55	0	1	32955cf9035d4016b1ddfb8f5dfbe105b54bf400	32955cf9035d4016b1ddfb8f5dfbe105b54bf400	1	1	DYN	1	68	68	1.0	archive		1		xproject_holdout(wulver_paper_clean);local_cross_project_dir	not-elf:data/raw/gettext_msgfmt_O3_sym
gettext_msgfmt_clang_O0	gettext	msgfmt_clang	O0	wulver			0	0			0														excluded	0		0	0				0	0												0	no_debug_elf;no_stripped_elf;no_bir;no_labels;no_sub_graphs;no_matched_functions		
gettext_msgfmt_clang_O1	gettext	msgfmt_clang	O1	clang_o1o3;wulver	clang_o1o3/bins/gettext_msgfmt_clang_O1.debug	clang_o1o3/bins/gettext_msgfmt_clang_O1	1	1	clang_o1o3/bir/gettext_msgfmt_clang_O1.bir	6697748	1	680	schemaA:functions=name->addr		829	443	194								excluded	0		0	0				0	0					DYN	1	869	869	0.98	computed		0	no_matched_functions		
gettext_msgfmt_clang_O2	gettext	msgfmt_clang	O2	wulver			0	0			0														excluded	0		0	0				0	0												0	no_debug_elf;no_stripped_elf;no_bir;no_labels;no_sub_graphs;no_matched_functions		
gettext_msgfmt_clang_O3	gettext	msgfmt_clang	O3	clang_o1o3;wulver	clang_o1o3/bins/gettext_msgfmt_clang_O3.debug	clang_o1o3/bins/gettext_msgfmt_clang_O3	1	1	clang_o1o3/bir/gettext_msgfmt_clang_O3.bir	7314708	1	676	schemaA:functions=name->addr		830	444	194								excluded	0		0	0				0	0					DYN	1	866	866	0.98	computed		0	no_matched_functions		
gettext_msgmerge_O0	gettext	msgmerge	O0	local_main;local_main:cross_project;wulver	data/cross_project/debug/gettext_msgmerge_O0	data/cross_project/stripped/gettext_msgmerge_O0_stripped	1	1	data/bir/gettext_msgmerge_O0.bir	775350	1	34	schemaA:functions=name->addr	37	276	45	115	30	0			excluded	xproject	excluded	excluded	1	775350	1	1	45	115	30	0	1	a0d5fba2a53eb821614f8ac912bbb82af833b19b	a0d5fba2a53eb821614f8ac912bbb82af833b19b	1	1	DYN	1	34	34	1.0	archive		1		xproject_holdout(wulver_paper_clean);local_cross_project_dir	not-elf:data/raw/gettext_msgmerge_O0_sym
gettext_msgmerge_O1	gettext	msgmerge	O1	local_main;local_main:cross_project;wulver	data/cross_project/debug/gettext_msgmerge_O1	data/cross_project/stripped/gettext_msgmerge_O1_stripped	1	1	data/bir/gettext_msgmerge_O1.bir	555276	1	18	schemaA:functions=name->addr	21	242	11	117	11	0			excluded	xproject	excluded	excluded	1	555276	1	1	11	117	11	0	1	0d4e5c3ea1489921613dd1fc3960ac128d255fd7	0d4e5c3ea1489921613dd1fc3960ac128d255fd7	1	1	DYN	1	18	18	1.0	archive		1		xproject_holdout(wulver_paper_clean);local_cross_project_dir	not-elf:data/raw/gettext_msgmerge_O1_sym
gettext_msgmerge_O2	gettext	msgmerge	O2	local_main;local_main:cross_project;wulver	data/cross_project/debug/gettext_msgmerge_O2	data/cross_project/stripped/gettext_msgmerge_O2_stripped	1	1	data/bir/gettext_msgmerge_O2.bir	575577	1	21	schemaA:functions=name->addr	24	244	14	117	13	0			excluded	xproject	excluded	excluded	1	575577	1	1	14	117	13	0	1	d6eea4827095303b7b2742478f48ed4b04848111	d6eea4827095303b7b2742478f48ed4b04848111	1	1	DYN	1	21	21	1.0	archive		1		xproject_holdout(wulver_paper_clean);local_cross_project_dir	not-elf:data/raw/gettext_msgmerge_O2_sym
gettext_msgmerge_O3	gettext	msgmerge	O3	local_main;local_main:cross_project;wulver	data/cross_project/debug/gettext_msgmerge_O3	data/cross_project/stripped/gettext_msgmerge_O3_stripped	1	1	data/bir/gettext_msgmerge_O3.bir	604225	1	22	schemaA:functions=name->addr	25	252	21	117	13	0			excluded	xproject	excluded	excluded	1	604225	1	1	21	117	13	0	1	c5d484a66d68f6485501f40c153c1f7fcd6a9355	c5d484a66d68f6485501f40c153c1f7fcd6a9355	1	1	DYN	1	22	22	0.9523809523809523	archive		1		xproject_holdout(wulver_paper_clean);local_cross_project_dir	not-elf:data/raw/gettext_msgmerge_O3_sym
gettext_msgmerge_clang_O0	gettext	msgmerge_clang	O0	wulver			0	0			0														excluded	0		0	0				0	0												0	no_debug_elf;no_stripped_elf;no_bir;no_labels;no_sub_graphs;no_matched_functions		
gettext_msgmerge_clang_O1	gettext	msgmerge_clang	O1	clang_o1o3;wulver	clang_o1o3/bins/gettext_msgmerge_clang_O1.debug	clang_o1o3/bins/gettext_msgmerge_clang_O1	1	1	clang_o1o3/bir/gettext_msgmerge_clang_O1.bir	7651858	1	1307	schemaA:functions=name->addr		1024	707	159								excluded	0		0	0				0	0					DYN	1	1464	1464	0.9733333333333334	computed		0	no_matched_functions		
gettext_msgmerge_clang_O2	gettext	msgmerge_clang	O2	wulver			0	0			0														excluded	0		0	0				0	0												0	no_debug_elf;no_stripped_elf;no_bir;no_labels;no_sub_graphs;no_matched_functions		
gettext_msgmerge_clang_O3	gettext	msgmerge_clang	O3	clang_o1o3;wulver	clang_o1o3/bins/gettext_msgmerge_clang_O3.debug	clang_o1o3/bins/gettext_msgmerge_clang_O3	1	1	clang_o1o3/bir/gettext_msgmerge_clang_O3.bir	8295283	1	1302	schemaA:functions=name->addr		1025	710	158								excluded	0		0	0				0	0					DYN	1	1460	1460	0.9733333333333334	computed		0	no_matched_functions		
gettext_xgettext_O0	gettext	xgettext	O0	local_main;local_main:cross_project;wulver	data/cross_project/debug/gettext_xgettext_O0	data/cross_project/stripped/gettext_xgettext_O0_stripped	1	1	data/bir/gettext_xgettext_O0.bir	4608385	1	316	schemaA:functions=name->addr	563	1299	968	163	556	0			excluded	xproject	excluded	excluded	1	4608385	1	1	968	163	556	0	1	00ce9681166f805ef89ef6120c4c5b490908c77d	00ce9681166f805ef89ef6120c4c5b490908c77d	1	1	DYN	1	560	560	1.0	archive		1		xproject_holdout(wulver_paper_clean);local_cross_project_dir	not-elf:data/raw/gettext_xgettext_O0_sym
gettext_xgettext_O1	gettext	xgettext	O1	local_main;local_main:cross_project;wulver	data/cross_project/debug/gettext_xgettext_O1	data/cross_project/stripped/gettext_xgettext_O1_stripped	1	1	data/bir/gettext_xgettext_O1.bir	3129709	1	227	schemaA:functions=name->addr	324	618	307	153	307	0			excluded	xproject	excluded	excluded	1	3129709	1	1	307	153	307	0	1	5d504249968356e0e7bc3b75c3dae9b7b1315cd9	5d504249968356e0e7bc3b75c3dae9b7b1315cd9	1	1	DYN	1	321	321	0.9933333333333333	archive		1		xproject_holdout(wulver_paper_clean);local_cross_project_dir	not-elf:data/raw/gettext_xgettext_O1_sym
gettext_xgettext_O2	gettext	xgettext	O2	local_main;local_main:cross_project;wulver	data/cross_project/debug/gettext_xgettext_O2	data/cross_project/stripped/gettext_xgettext_O2_stripped	1	1	data/bir/gettext_xgettext_O2.bir	3582716	1	270	schemaA:functions=name->addr	376	662	351	153	338	0			excluded	xproject	excluded	excluded	1	3582716	1	1	351	153	338	0	1	a93df76e9d50939d68d6a95f418a5cf319d47d14	a93df76e9d50939d68d6a95f418a5cf319d47d14	1	1	DYN	1	373	373	0.9966666666666667	archive		1		xproject_holdout(wulver_paper_clean);local_cross_project_dir	not-elf:data/raw/gettext_xgettext_O2_sym
gettext_xgettext_O3	gettext	xgettext	O3	local_main;local_main:cross_project;wulver	data/cross_project/debug/gettext_xgettext_O3	data/cross_project/stripped/gettext_xgettext_O3_stripped	1	1	data/bir/gettext_xgettext_O3.bir	4643454	1	252	schemaA:functions=name->addr	343	645	334	153	313	0			excluded	xproject	excluded	excluded	1	4643454	1	1	334	153	313	0	1	61a26090daf73d560fe483108a2be76efb7f8546	61a26090daf73d560fe483108a2be76efb7f8546	1	1	DYN	1	340	340	0.9866666666666667	archive		1		xproject_holdout(wulver_paper_clean);local_cross_project_dir	not-elf:data/raw/gettext_xgettext_O3_sym
gettext_xgettext_clang_O0	gettext	xgettext_clang	O0	wulver			0	0			0														excluded	0		0	0				0	0												0	no_debug_elf;no_stripped_elf;no_bir;no_labels;no_sub_graphs;no_matched_functions		
gettext_xgettext_clang_O1	gettext	xgettext_clang	O1	clang_o1o3;wulver	clang_o1o3/bins/gettext_xgettext_clang_O1.debug	clang_o1o3/bins/gettext_xgettext_clang_O1	1	1	clang_o1o3/bir/gettext_xgettext_clang_O1.bir	11280390	1	1588	schemaA:functions=name->addr		1405	1000	203								excluded	0		0	0				0	0					DYN	1	1812	1812	0.92	computed		0	no_matched_functions		
gettext_xgettext_clang_O2	gettext	xgettext_clang	O2	wulver			0	0			0														excluded	0		0	0				0	0												0	no_debug_elf;no_stripped_elf;no_bir;no_labels;no_sub_graphs;no_matched_functions		
gettext_xgettext_clang_O3	gettext	xgettext_clang	O3	clang_o1o3;wulver	clang_o1o3/bins/gettext_xgettext_clang_O3.debug	clang_o1o3/bins/gettext_xgettext_clang_O3	1	1	clang_o1o3/bir/gettext_xgettext_clang_O3.bir	12157071	1	1581	schemaA:functions=name->addr		1405	1000	203								excluded	0		0	0				0	0					DYN	1	1807	1807	0.92	computed		0	no_matched_functions		
gnuchess_gnuchess_O0	gnuchess	gnuchess	O0	local_main;wulver	data/raw/gnuchess_gnuchess_O0	data/stripped/gnuchess_gnuchess_O0_stripped	1	1	data/bir/gnuchess_gnuchess_O0.bir	6108642	1	667	flat:addr->name		768	541	112	532	0			train	train	train		0		1	1	541	112	532	0	1	c0a7c179813ba06bb14b967d4edcbe130626484e	c0a7c179813ba06bb14b967d4edcbe130626484e	1	1	EXEC	1	663	663	1.0	archive	gnuchess_gnuchess_O1:0.906	1			dup_group_keeper:gnuchess_gnuchess_O1
gnuchess_gnuchess_O1	gnuchess	gnuchess	O1	local_main;wulver	data/raw/gnuchess_gnuchess_O1	data/stripped/gnuchess_gnuchess_O1_stripped	1	1	data/bir/gnuchess_gnuchess_O1.bir	6108642	1	667	flat:addr->name		768	541	112	532	0			train	train	train		0		1	1	541	112	532	0	1	c0a7c179813ba06bb14b967d4edcbe130626484e	c0a7c179813ba06bb14b967d4edcbe130626484e	1	1	EXEC	1	663	663	1.0	archive	gnuchess_gnuchess_O0:0.906	0	duplicate_build_of:gnuchess_gnuchess_O0		
gnuchess_gnuchess_O2	gnuchess	gnuchess	O2	local_main;wulver	data/raw/gnuchess_gnuchess_O2	data/stripped/gnuchess_gnuchess_O2_stripped	1	1	data/bir/gnuchess_gnuchess_O2.bir	6108642	1	667	flat:addr->name		768	541	112	532	0			train	train	train		0		1	1	541	112	532	0	1	c0a7c179813ba06bb14b967d4edcbe130626484e	c0a7c179813ba06bb14b967d4edcbe130626484e	1	1	EXEC	1	663	663	1.0	archive		1			
gnuchess_gnuchess_O3	gnuchess	gnuchess	O3	local_main;wulver	data/raw/gnuchess_gnuchess_O3	data/stripped/gnuchess_gnuchess_O3_stripped	1	1	data/bir/gnuchess_gnuchess_O3.bir	6108642	1	667	flat:addr->name		768	541	112	532	0			train	train	train		0		1	1	541	112	532	0	1	c0a7c179813ba06bb14b967d4edcbe130626484e	c0a7c179813ba06bb14b967d4edcbe130626484e	1	1	EXEC	1	663	663	1.0	archive		1			
gperf2_gperf_O2	gperf2	gperf	O2	local_main:cross_project	data/cross_project/candidates/gperf2_gperf_O2		1	0			0																									ca4b3c5e57d65a7837d7390da8ff074b15224cb6			DYN	1		145				0	no_stripped_elf;no_bir;no_labels;no_sub_graphs;no_matched_functions	local_cross_project_dir	
gperf_gperf	gperf	gperf	default	local_main;wulver	data/raw/gperf_gperf_sym	data/stripped/gperf_gperf_stripped	1	1	data/bir/gperf_gperf.bir	1478394	1	141	schemaA:functions=name->addr		207	113	44	109	0		train	train	train	train	train	0		1	1	113	44	109	0	1	232aaa99d461c3771c7789f65256cbbe7ce1e34a	232aaa99d461c3771c7789f65256cbbe7ce1e34a	1	1	DYN	1	145	145	1.0	archive		1			
gperf_gperf_O0	gperf	gperf	O0	local_main;wulver	data/raw/gperf_gperf_O0_sym	data/stripped/gperf_gperf_O0_stripped	1	1	data/bir/gperf_gperf_O0.bir	1478394	1	141	schemaA:functions=name->addr		207	113	44	109	0		train	train	train	train	train	0		1	1	113	44	109	0	1	232aaa99d461c3771c7789f65256cbbe7ce1e34a	232aaa99d461c3771c7789f65256cbbe7ce1e34a	1	1	DYN	1	145	145	1.0	archive		1			
gperf_gperf_O1	gperf	gperf	O1	local_main;wulver	data/raw/gperf_gperf_O1_sym	data/stripped/gperf_gperf_O1_stripped	1	1	data/bir/gperf_gperf_O1.bir	1478394	1	141	schemaA:functions=name->addr		207	113	55	109	0		train	train	train	train	train	0		1	1	113	55	109	0	1	232aaa99d461c3771c7789f65256cbbe7ce1e34a	232aaa99d461c3771c7789f65256cbbe7ce1e34a	1	1	DYN	1	145	145	1.0	archive	gperf_gperf_O2:1.0;gperf_gperf_O3:1.0	1			dup_group_keeper:gperf_gperf_O2,gperf_gperf_O3
gperf_gperf_O2	gperf	gperf	O2	local_main;wulver	data/raw/gperf_gperf_O2_sym	data/stripped/gperf_gperf_O2_stripped	1	1	data/bir/gperf_gperf_O2.bir	1478394	1	141	schemaA:functions=name->addr		207	113	44	109	0		train	train	train	train	train	0		1	1	113	44	109	0	1	232aaa99d461c3771c7789f65256cbbe7ce1e34a	232aaa99d461c3771c7789f65256cbbe7ce1e34a	1	1	DYN	1	145	145	1.0	archive	gperf_gperf_O1:1.0;gperf_gperf_O3:1.0	0	duplicate_build_of:gperf_gperf_O1		
gperf_gperf_O3	gperf	gperf	O3	local_main;wulver	data/raw/gperf_gperf_O3_sym	data/stripped/gperf_gperf_O3_stripped	1	1	data/bir/gperf_gperf_O3.bir	1478394	1	141	schemaA:functions=name->addr		207	113	55	109	0		train	train	train	train	train	0		1	1	113	55	109	0	1	232aaa99d461c3771c7789f65256cbbe7ce1e34a	232aaa99d461c3771c7789f65256cbbe7ce1e34a	1	1	DYN	1	145	145	1.0	archive	gperf_gperf_O1:1.0;gperf_gperf_O2:1.0	0	duplicate_build_of:gperf_gperf_O1		
grep2_grep_O0	grep2	grep	O0	wulver			0	0			0															0		1	0	514			1	1												0	no_bir;no_matched_functions		
grep2_grep_O1	grep2	grep	O1	wulver			0	0			0															0		1	0	354			1	1												0	no_bir;no_matched_functions		
grep2_grep_O2	grep2	grep	O2	wulver			0	0			0															0		1	0	345			1	1												0	no_bir;no_matched_functions		
grep2_grep_O3	grep2	grep	O3	wulver			0	0			0															0		1	0	325			1	1												0	no_bir;no_matched_functions		
grep_clang_O0	grep	clang	O0	wulver			0	0			0														excluded	0		0	0				0	0												0	no_debug_elf;no_stripped_elf;no_bir;no_labels;no_sub_graphs;no_matched_functions		
grep_clang_O1	grep	clang	O1	wulver			0	0			0														excluded	0		0	0				0	0												0	no_debug_elf;no_stripped_elf;no_bir;no_labels;no_sub_graphs;no_matched_functions		
grep_clang_O2	grep	clang	O2	wulver			0	0			0														excluded	0		0	0				0	0												0	no_debug_elf;no_stripped_elf;no_bir;no_labels;no_sub_graphs;no_matched_functions		
grep_clang_O3	grep	clang	O3	wulver			0	0			0														excluded	0		0	0				0	0												0	no_debug_elf;no_stripped_elf;no_bir;no_labels;no_sub_graphs;no_matched_functions		
grep_grep	grep	grep	default	local_main;wulver	data/raw/grep_grep_sym	data/stripped/grep_grep_stripped	1	1			0										train	train	train	train	excluded	0		1	1	255	126		0	1	b589a18aff96178431b3f0acd1c079e25a09197c	b589a18aff96178431b3f0acd1c079e25a09197c	1	1	DYN	1	347	347				0	no_bir;no_matched_functions		
grep_grep_O0	grep	grep	O0	local_main;local_main:cross_project;wulver	data/raw/grep_grep_O0_sym	data/cross_project/stripped/grep_grep_O0_stripped	2	2	data/bir/grep_grep_O0.bir	4132584	1	487	schemaA:functions=name->addr	508	1225	990	122	493	0		train	train	train	train	excluded	0		1	1	1973	126	493	0	1	c550e4f2b3fb29a6b080551575658a0a2420f4d2	c88cef32a20d0cc2fe90108250a393f94a108d6a	0	1	DYN	1	505	505	1.0	archive		1		local_cross_project_dir	
grep_grep_O1	grep	grep	O1	local_main;local_main:cross_project;wulver	data/raw/grep_grep_O1_sym	data/cross_project/stripped/grep_grep_O1_stripped	2	2	data/bir/grep_grep_O1.bir	2714634	1	342	schemaA:functions=name->addr	352	510	275	122	274	0		train	train	train	train	excluded	0		1	1	548	136	274	0	1	28a6825368467db9a3c6b34fe67ff6e333c545f1	84b1c8b64ca0de015c973310ae091ade6a39f3de	0	1	DYN	1	349	349	0.9963636363636363	archive		1		local_cross_project_dir	
grep_grep_O2	grep	grep	O2	local_main;local_main:cross_project;wulver	data/raw/grep_grep_O2_sym	data/cross_project/stripped/grep_grep_O2_stripped	2	2	data/bir/grep_grep_O2.bir	3015620	1	338	schemaA:functions=name->addr	349	490	253	123	250	0		train	train	train	train	excluded	0		1	1	503	127	250	0	1	9a473f4ab36f018c6f5be4a53359848b4885cc18	b589a18aff96178431b3f0acd1c079e25a09197c	0	1	DYN	1	346	347	1.0	archive		1		local_cross_project_dir	
grep_grep_O3	grep	grep	O3	local_main;local_main:cross_project;wulver	data/raw/grep_grep_O3_sym	data/cross_project/stripped/grep_grep_O3_stripped	2	2	data/bir/grep_grep_O3.bir	3833046	1	319	schemaA:functions=name->addr	329	489	252	123	250	0		train	train	train	train	excluded	0		1	1	497	137	250	0	1	f86af1c1eb272439eade8757a1a34762601ce809	dcd97574907e6b881f925d424f7fba85c448b5e9	0	1	DYN	1	326	326	1.0	archive		1		local_cross_project_dir	
grep_grep_clang_O0	grep	grep_clang	O0	clang_train;wulver	clang_train/bins/grep_grep_clang_O0.debug	clang_train/bins/grep_grep_clang_O0	1	1	clang_train/bir/grep_grep_clang_O0.bir	4140658	1	488	schemaA:functions=name->addr		723	485	125			488					excluded	0		0	0				0	0	d06b52ffcfcf60522aa3c71d477bec0efa5ff1c7	d06b52ffcfcf60522aa3c71d477bec0efa5ff1c7	1	1	DYN	1	494	494	1.0	computed		1			
grep_grep_clang_O1	grep	grep_clang	O1	clang_train;wulver	clang_train/bins/grep_grep_clang_O1.debug	clang_train/bins/grep_grep_clang_O1	1	1	clang_train/bir/grep_grep_clang_O1.bir	2740833	1	293	schemaA:functions=name->addr		415	180	123			185					excluded	0		0	0				0	0	2e2b602842c7fa001b9c2932af89e0f180eb57c6	2e2b602842c7fa001b9c2932af89e0f180eb57c6	1	1	DYN	1	296	296	0.9777777777777777	computed		1			
grep_grep_clang_O2	grep	grep_clang	O2	clang_train;wulver	clang_train/bins/grep_grep_clang_O2.debug	clang_train/bins/grep_grep_clang_O2	1	1	clang_train/bir/grep_grep_clang_O2.bir	2723898	1	292	schemaA:functions=name->addr		411	176	123			181					excluded	0		0	0				0	0	0ba539d29d2e8a4b650b6a446cded0d238e3419e	0ba539d29d2e8a4b650b6a446cded0d238e3419e	1	1	DYN	1	295	295	0.9829545454545454	computed		1			
grep_grep_clang_O3	grep	grep_clang	O3	clang_train;wulver	clang_train/bins/grep_grep_clang_O3.debug	clang_train/bins/grep_grep_clang_O3	1	1	clang_train/bir/grep_grep_clang_O3.bir	2919692	1	289	schemaA:functions=name->addr		409	174	123			179					excluded	0		0	0				0	0	1c0e9588448dd50d456a4a143bd0f79ff20aa7e0	1c0e9588448dd50d456a4a143bd0f79ff20aa7e0	1	1	DYN	1	292	292	0.9770114942528736	computed		1			
groff_eqn_O0	groff	eqn	O0	local_main;wulver	data/raw/groff_eqn_O0_sym	data/stripped/groff_eqn_O0_stripped	1	1	data/bir/groff_eqn_O0.bir	1696398	1	542	schemaA:functions=name->addr		404	306	48	300	0		train	train	train	train	train	0		1	1	306	48	300	0	1	532ae3e015143d2c31eae3d2fd083964c9cf4383	532ae3e015143d2c31eae3d2fd083964c9cf4383	1	1	DYN	1	498	498	1.0	archive	groff_eqn_O2:0.901	1			dup_group_keeper:groff_eqn_O2
groff_eqn_O1	groff	eqn	O1	local_main;wulver	data/raw/groff_eqn_O1_sym	data/stripped/groff_eqn_O1_stripped	1	1	data/bir/groff_eqn_O1.bir	1815040	1	546	schemaA:functions=name->addr		396	296	49	290	0		train	train	train	train	train	0		1	1	296	49	290	0	1	4eb156a7642900180a2d2d0058d306de0206b552	4eb156a7642900180a2d2d0058d306de0206b552	1	1	DYN	1	502	502	1.0	archive	groff_eqn_O3:0.969	1			dup_group_keeper:groff_eqn_O3
groff_eqn_O2	groff	eqn	O2	local_main;wulver	data/raw/groff_eqn_O2_sym	data/stripped/groff_eqn_O2_stripped	1	1	data/bir/groff_eqn_O2.bir	1803806	1	547	schemaA:functions=name->addr		398	298	49	291	0		train	train	train	train	train	0		1	1	298	49	291	0	1	327ada4bbafe7f74cfde5c53883ede225c96979d	327ada4bbafe7f74cfde5c53883ede225c96979d	1	1	DYN	1	503	503	1.0	archive	groff_eqn_O0:0.901	0	duplicate_build_of:groff_eqn_O0		
groff_eqn_O3	groff	eqn	O3	local_main;wulver	data/raw/groff_eqn_O3_sym	data/stripped/groff_eqn_O3_stripped	1	1	data/bir/groff_eqn_O3.bir	1820692	1	547	schemaA:functions=name->addr		398	298	49	291	0		train	train	train	train	train	0		1	1	298	49	291	0	1	a03e8dc1af1fa5afb2c7c06e9ec80df123440c72	a03e8dc1af1fa5afb2c7c06e9ec80df123440c72	1	1	DYN	1	503	503	1.0	archive	groff_eqn_O1:0.969	0	duplicate_build_of:groff_eqn_O1		
groff_groff_O0	groff	groff	O0	local_main;wulver	data/raw/groff_groff_O0_sym	data/stripped/groff_groff_O0_stripped	1	1	data/bir/groff_groff_O0.bir	1353905	1	260	schemaA:functions=name->addr		302	161	77	153	0		train	train	train	train	train	0		1	1	161	77	153	0	1	e575e81dc903b699492add89db01d76775940942	e575e81dc903b699492add89db01d76775940942	1	1	DYN	1	228	228	1.0	archive	groff_groff_O2:0.932	1			dup_group_keeper:groff_groff_O2
groff_groff_O1	groff	groff	O1	local_main;wulver	data/raw/groff_groff_O1_sym	data/stripped/groff_groff_O1_stripped	1	1	data/bir/groff_groff_O1.bir	1451303	1	263	schemaA:functions=name->addr		290	148	77	140	0		train	train	train	train	train	0		1	1	148	77	140	0	1	4e764794c1a5fe435907eb057dab12d2ad5960b6	4e764794c1a5fe435907eb057dab12d2ad5960b6	1	1	DYN	1	231	231	1.0	archive	groff_groff_O3:0.913	1			dup_group_keeper:groff_groff_O3
groff_groff_O2	groff	groff	O2	local_main;wulver	data/raw/groff_groff_O2_sym	data/stripped/groff_groff_O2_stripped	1	1	data/bir/groff_groff_O2.bir	1445771	1	264	schemaA:functions=name->addr		291	149	77	140	0		train	train	train	train	train	0		1	1	149	77	140	0	1	1ff2cfe9312f308ebfd6f83a7bc92ddc48e2762c	1ff2cfe9312f308ebfd6f83a7bc92ddc48e2762c	1	1	DYN	1	232	232	1.0	archive	groff_groff_O0:0.932	0	duplicate_build_of:groff_groff_O0		
groff_groff_O3	groff	groff	O3	local_main;wulver	data/raw/groff_groff_O3_sym	data/stripped/groff_groff_O3_stripped	1	1	data/bir/groff_groff_O3.bir	1491738	1	264	schemaA:functions=name->addr		291	149	77	140	0		train	train	train	train	train	0		1	1	149	77	140	0	1	c84b59c7c5e76339953620d507c9b829804b880a	c84b59c7c5e76339953620d507c9b829804b880a	1	1	DYN	1	232	232	1.0	archive	groff_groff_O1:0.913	0	duplicate_build_of:groff_groff_O1		
groff_pic_O0	groff	pic	O0	local_main;wulver	data/raw/groff_pic_O0_sym	data/stripped/groff_pic_O0_stripped	1	1	data/bir/groff_pic_O0.bir	2346645	1	544	schemaA:functions=name->addr		417	277	80	271	0		train	train	train	train	train	0		1	1	277	80	271	0	1	0c7623de83ee973ff8ef39a986b1a779309ef598	0c7623de83ee973ff8ef39a986b1a779309ef598	1	1	DYN	1	511	511	1.0	archive	groff_pic_O2:0.973	1			dup_group_keeper:groff_pic_O2
groff_pic_O1	groff	pic	O1	local_main;wulver	data/raw/groff_pic_O1_sym	data/stripped/groff_pic_O1_stripped	1	1	data/bir/groff_pic_O1.bir	2459218	1	548	schemaA:functions=name->addr		407	267	80	261	0		train	train	train	train	train	0		1	1	267	80	261	0	1	89eaa0c266a6e0a1e48ca2c15c90d6ecb31f4521	89eaa0c266a6e0a1e48ca2c15c90d6ecb31f4521	1	1	DYN	1	515	515	1.0	archive	groff_pic_O3:0.965	1			dup_group_keeper:groff_pic_O3
groff_pic_O2	groff	pic	O2	local_main;wulver	data/raw/groff_pic_O2_sym	data/stripped/groff_pic_O2_stripped	1	1	data/bir/groff_pic_O2.bir	2446659	1	549	schemaA:functions=name->addr		409	269	80	262	0		train	train	train	train	train	0		1	1	269	80	262	0	1	04e837bff3bd97cc0d7023c27c9c51ad75d0fa42	04e837bff3bd97cc0d7023c27c9c51ad75d0fa42	1	1	DYN	1	516	516	1.0	archive	groff_pic_O0:0.973	0	duplicate_build_of:groff_pic_O0		
groff_pic_O3	groff	pic	O3	local_main;wulver	data/raw/groff_pic_O3_sym	data/stripped/groff_pic_O3_stripped	1	1	data/bir/groff_pic_O3.bir	2463545	1	549	schemaA:functions=name->addr		409	269	80	262	0		train	train	train	train	train	0		1	1	269	80	262	0	1	1f3244b3c1eaaac6747acae4bb0ea7ef9e0f8ae7	1f3244b3c1eaaac6747acae4bb0ea7ef9e0f8ae7	1	1	DYN	1	516	516	1.0	archive	groff_pic_O1:0.965	0	duplicate_build_of:groff_pic_O1		
groff_refer_O0	groff	refer	O0	local_main;wulver	data/raw/groff_refer_O0_sym	data/stripped/groff_refer_O0_stripped	1	1	data/bir/groff_refer_O0.bir	2020217	1	414	schemaA:functions=name->addr		381	249	71	238	0		train	train	train	train	train	0		1	1	249	71	238	0	1	85bc649ed7f30469f0a7b54a8ea8f0dac3562f7f	85bc649ed7f30469f0a7b54a8ea8f0dac3562f7f	1	1	DYN	1	412	412	1.0	archive	groff_refer_O2:0.966	1			dup_group_keeper:groff_refer_O2
groff_refer_O1	groff	refer	O1	local_main;wulver	data/raw/groff_refer_O1_sym	data/stripped/groff_refer_O1_stripped	1	1	data/bir/groff_refer_O1.bir	2182332	1	419	schemaA:functions=name->addr		386	251	72	240	0		train	train	train	train	train	0		1	1	251	72	240	0	1	b3d47d0d28c14ccf6e5b0e82837988cca6dd771b	b3d47d0d28c14ccf6e5b0e82837988cca6dd771b	1	1	DYN	1	417	417	1.0	archive	groff_refer_O3:0.971	1			dup_group_keeper:groff_refer_O3
groff_refer_O2	groff	refer	O2	local_main;wulver	data/raw/groff_refer_O2_sym	data/stripped/groff_refer_O2_stripped	1	1	data/bir/groff_refer_O2.bir	2167175	1	421	schemaA:functions=name->addr		389	254	72	242	0		train	train	train	train	train	0		1	1	254	72	242	0	1	535077a84ced1646201452566481da8940e9215f	535077a84ced1646201452566481da8940e9215f	1	1	DYN	1	419	419	1.0	archive	groff_refer_O0:0.966	0	duplicate_build_of:groff_refer_O0		
groff_refer_O3	groff	refer	O3	local_main;wulver	data/raw/groff_refer_O3_sym	data/stripped/groff_refer_O3_stripped	1	1	data/bir/groff_refer_O3.bir	2167104	1	421	schemaA:functions=name->addr		389	254	72	242	0		train	train	train	train	train	0		1	1	254	72	242	0	1	70e8d4477dce932807556aa523bfd2f36c743b23	70e8d4477dce932807556aa523bfd2f36c743b23	1	1	DYN	1	419	419	1.0	archive	groff_refer_O1:0.971	0	duplicate_build_of:groff_refer_O1		
groff_soelim_O0	groff	soelim	O0	local_main;wulver	data/raw/groff_soelim_O0_sym	data/stripped/groff_soelim_O0_stripped	1	1	data/bir/groff_soelim_O0.bir	470312	1	105	schemaA:functions=name->addr		144	66	40	63	0		train	train	train	train	train	0		1	1	66	40	63	0	1	bc3d2660668b5c1e39f76e7afb5f635ac6546022	bc3d2660668b5c1e39f76e7afb5f635ac6546022	1	1	DYN	1	92	92	1.0	archive		1			
groff_soelim_O1	groff	soelim	O1	local_main;wulver	data/raw/groff_soelim_O1_sym	data/stripped/groff_soelim_O1_stripped	1	1	data/bir/groff_soelim_O1.bir	582230	1	109	schemaA:functions=name->addr		137	56	41	53	0		train	train	train	train	train	0		1	1	56	41	53	0	1	3884c7b8fa85936387e4f4e8903dc98904956cda	3884c7b8fa85936387e4f4e8903dc98904956cda	1	1	DYN	1	96	96	1.0	archive		1			
groff_soelim_O2	groff	soelim	O2	local_main;wulver	data/raw/groff_soelim_O2_sym	data/stripped/groff_soelim_O2_stripped	1	1	data/bir/groff_soelim_O2.bir	571151	1	110	schemaA:functions=name->addr		139	58	41	54	0		train	train	train	train	train	0		1	1	58	41	54	0	1	1c130566c0c659b01551229958ac9626395cd178	1c130566c0c659b01551229958ac9626395cd178	1	1	DYN	1	97	97	1.0	archive		1			
groff_soelim_O3	groff	soelim	O3	local_main;wulver	data/raw/groff_soelim_O3_sym	data/stripped/groff_soelim_O3_stripped	1	1	data/bir/groff_soelim_O3.bir	587924	1	110	schemaA:functions=name->addr		139	58	41	54	0		train	train	train	train	train	0		1	1	58	41	54	0	1	15ee8284ed19def6f73eebdef17c1fd93ed95b51	15ee8284ed19def6f73eebdef17c1fd93ed95b51	1	1	DYN	1	97	97	1.0	archive		1			
groff_tbl_O0	groff	tbl	O0	local_main;wulver	data/raw/groff_tbl_O0_sym	data/stripped/groff_tbl_O0_stripped	1	1	data/bir/groff_tbl_O0.bir	1707096	1	393	schemaA:functions=name->addr		321	230	45	212	0		train	train	train	train	train	0		1	1	230	45	212	0	1	1f7170d84b239e347989fd3042f1c0626516137b	1f7170d84b239e347989fd3042f1c0626516137b	1	1	DYN	1	364	364	1.0	archive	groff_tbl_O2:0.964	1			dup_group_keeper:groff_tbl_O2
groff_tbl_O1	groff	tbl	O1	local_main;wulver	data/raw/groff_tbl_O1_sym	data/stripped/groff_tbl_O1_stripped	1	1	data/bir/groff_tbl_O1.bir	1820623	1	396	schemaA:functions=name->addr		313	219	46	201	0		train	train	train	train	train	0		1	1	219	46	201	0	1	c9247c4c0b7682848bc264f81a6446d2655b9912	c9247c4c0b7682848bc264f81a6446d2655b9912	1	1	DYN	1	367	367	1.0	archive	groff_tbl_O3:0.955	1			dup_group_keeper:groff_tbl_O3
groff_tbl_O2	groff	tbl	O2	local_main;wulver	data/raw/groff_tbl_O2_sym	data/stripped/groff_tbl_O2_stripped	1	1	data/bir/groff_tbl_O2.bir	1809390	1	397	schemaA:functions=name->addr		315	221	46	202	0		train	train	train	train	train	0		1	1	221	46	202	0	1	3035e68fee2a4f2871fb0f020e0a828610282660	3035e68fee2a4f2871fb0f020e0a828610282660	1	1	DYN	1	368	368	1.0	archive	groff_tbl_O0:0.964	0	duplicate_build_of:groff_tbl_O0		
groff_tbl_O3	groff	tbl	O3	local_main;wulver	data/raw/groff_tbl_O3_sym	data/stripped/groff_tbl_O3_stripped	1	1	data/bir/groff_tbl_O3.bir	1826276	1	397	schemaA:functions=name->addr		315	221	46	202	0		train	train	train	train	train	0		1	1	221	46	202	0	1	9e0c637a8a957709d1a1c80b0895102170c60ba5	9e0c637a8a957709d1a1c80b0895102170c60ba5	1	1	DYN	1	368	368	1.0	archive	groff_tbl_O1:0.955	0	duplicate_build_of:groff_tbl_O1		
groff_troff_O0	groff	troff	O0	local_main;wulver	data/raw/groff_troff_O0_sym	data/stripped/groff_troff_O0_stripped	1	1	data/bir/groff_troff_O0.bir	7275845	1	2080	schemaA:functions=name->addr		1249	1078	97	1009	0		train	train	train	train	train	0		1	1	1078	97	1009	0	1	b0aab002cd504e0bf58e5354e26b982d7bc2ad99	b0aab002cd504e0bf58e5354e26b982d7bc2ad99	1	1	DYN	1	1910	1910	1.0	archive	groff_troff_O2:0.981	1			dup_group_keeper:groff_troff_O2
groff_troff_O1	groff	troff	O1	local_main;wulver	data/raw/groff_troff_O1_sym	data/stripped/groff_troff_O1_stripped	1	1	data/bir/groff_troff_O1.bir	7360948	1	2084	schemaA:functions=name->addr		1238	1065	85	996	0		train	train	train	train	train	0		1	1	1065	85	996	0	1	a5745b73aad3d9dbc0d85cd40d7180e67957e164	a5745b73aad3d9dbc0d85cd40d7180e67957e164	1	1	DYN	1	1914	1914	1.0	archive		1			
groff_troff_O2	groff	troff	O2	local_main;wulver	data/raw/groff_troff_O2_sym	data/stripped/groff_troff_O2_stripped	1	1	data/bir/groff_troff_O2.bir	7356450	1	2085	schemaA:functions=name->addr		1240	1067	98	997	0		train	train	train	train	train	0		1	1	1067	98	997	0	1	fbed6bde1859e98fb2214c6d88eadf7ed0c3a4ef	fbed6bde1859e98fb2214c6d88eadf7ed0c3a4ef	1	1	DYN	1	1915	1915	1.0	archive	groff_troff_O0:0.981	0	duplicate_build_of:groff_troff_O0		
groff_troff_O3	groff	troff	O3	local_main;wulver	data/raw/groff_troff_O3_sym	data/stripped/groff_troff_O3_stripped	1	1	data/bir/groff_troff_O3.bir	7373336	1	2085	schemaA:functions=name->addr		1240	1067	85	997	0		train	train	train	train	train	0		1	1	1067	85	997	0	1	89e4f640837902e0bdd24fcd805147b50415455e	89e4f640837902e0bdd24fcd805147b50415455e	1	1	DYN	1	1915	1915	1.0	archive		1			
gzip2_gzip_O0	gzip2	gzip	O0	wulver			0	0			0															0		1	0	176			1	1												0	no_bir;no_matched_functions		
gzip2_gzip_O1	gzip2	gzip	O1	wulver			0	0			0															0		1	0	128			1	1												0	no_bir;no_matched_functions		
gzip2_gzip_O2	gzip2	gzip	O2	wulver			0	0			0															0		1	0	120			1	1												0	no_bir;no_matched_functions		
gzip2_gzip_O3	gzip2	gzip	O3	wulver			0	0			0															0		1	0	115			1	1												0	no_bir;no_matched_functions		
gzip_gzip	gzip	gzip	default	local_main;wulver	data/raw/gzip_gzip_sym	data/stripped/gzip_gzip_stripped	1	1	data/bir/gzip_gzip.bir	1823580	1	123	schemaA:functions=name->addr		277	114	80	111	0		train	train	train	train	train	0		1	1	114	80	111	0	1	8986616771ebcd396db8b67292aa2127f915c5cd	8986616771ebcd396db8b67292aa2127f915c5cd	1	1	DYN	1	127	127	1.0	archive		1			
gzip_gzip_O0	gzip	gzip	O0	local_main;wulver	data/raw/gzip_gzip_O0_sym	data/stripped/gzip_gzip_O0_stripped	1	1	data/bir/gzip_gzip_O0.bir	2260462	1	180	schemaA:functions=name->addr		521	362	78	359	0		train	train	train	train	train	0		1	1	362	78	359	0	1	a5840c55633c83c8c28369a0aed4ac95da433a89	a5840c55633c83c8c28369a0aed4ac95da433a89	1	1	DYN	1	185	185	1.0	archive		1			
gzip_gzip_O1	gzip	gzip	O1	local_main;wulver	data/raw/gzip_gzip_O1_sym	data/stripped/gzip_gzip_O1_stripped	1	1	data/bir/gzip_gzip_O1.bir	1783812	1	128	schemaA:functions=name->addr		282	119	87	118	0		train	train	train	train	train	0		1	1	119	87	118	0	1	549305546204f86f165caf1365b33d97b510df52	549305546204f86f165caf1365b33d97b510df52	1	1	DYN	1	132	132	1.0	archive		1			
gzip_gzip_O2	gzip	gzip	O2	local_main;wulver	data/raw/gzip_gzip_O2_sym	data/stripped/gzip_gzip_O2_stripped	1	1	data/bir/gzip_gzip_O2.bir	1823580	1	123	schemaA:functions=name->addr		277	114	80	111	0		train	train	train	train	train	0		1	1	114	80	111	0	1	8986616771ebcd396db8b67292aa2127f915c5cd	8986616771ebcd396db8b67292aa2127f915c5cd	1	1	DYN	1	127	127	1.0	archive		1			
gzip_gzip_O3	gzip	gzip	O3	local_main;wulver	data/raw/gzip_gzip_O3_sym	data/stripped/gzip_gzip_O3_stripped	1	1	data/bir/gzip_gzip_O3.bir	2567984	1	118	schemaA:functions=name->addr		273	110	87	106	0		train	train	train	train	train	0		1	1	110	87	106	0	1	8cb4db023ce27dec9fa8d901b3780c482cfba7d4	8cb4db023ce27dec9fa8d901b3780c482cfba7d4	1	1	DYN	1	122	122	0.990909090909091	archive		1			
gzip_gzip_clang_O0	gzip	gzip_clang	O0	clang_train	clang_train/bins/gzip_gzip_clang_O0.debug	clang_train/bins/gzip_gzip_clang_O0	1	1	clang_train/bir/gzip_gzip_clang_O0.bir	2442681	1	180	schemaA:functions=name->addr		339	181	78			180															19c33a7da832997de51b943c5b69d5ddd3b2ed1f	19c33a7da832997de51b943c5b69d5ddd3b2ed1f	1	1	DYN	1	184	184	1.0	computed		1			
gzip_gzip_clang_O1	gzip	gzip_clang	O1	clang_train	clang_train/bins/gzip_gzip_clang_O1.debug	clang_train/bins/gzip_gzip_clang_O1	1	1	clang_train/bir/gzip_gzip_clang_O1.bir	1707258	1	109	schemaA:functions=name->addr		241	80	79			79															e3d380f9226cf1bac396f110ffb477571b83ee7e	e3d380f9226cf1bac396f110ffb477571b83ee7e	1	1	DYN	1	112	112	1.0	computed		1			
gzip_gzip_clang_O2	gzip	gzip_clang	O2	clang_train	clang_train/bins/gzip_gzip_clang_O2.debug	clang_train/bins/gzip_gzip_clang_O2	1	1	clang_train/bir/gzip_gzip_clang_O2.bir	1924752	1	112	schemaA:functions=name->addr		244	83	79			82															04c5e863bfefa711ea83e8c20becb846a9185c85	04c5e863bfefa711ea83e8c20becb846a9185c85	1	1	DYN	1	115	115	1.0	computed		1			
gzip_gzip_clang_O3	gzip	gzip_clang	O3	clang_train	clang_train/bins/gzip_gzip_clang_O3.debug	clang_train/bins/gzip_gzip_clang_O3	1	1	clang_train/bir/gzip_gzip_clang_O3.bir	2062636	1	112	schemaA:functions=name->addr		244	83	79			82															e95afc38ea7fc0dd95db55963b87c28a8457414a	e95afc38ea7fc0dd95db55963b87c28a8457414a	1	1	DYN	1	115	115	1.0	computed		1			
hello_hello_O0	hello	hello	O0	local_main;wulver	data/raw/hello_hello_O0_sym	data/stripped/hello_hello_O0_stripped	1	1	data/bir/hello_hello_O0.bir	826466	1	110	schemaA:functions=name->addr		200	84	55	81	0		train	train	train	train	train	0		1	1	84	55	81	0	1	ca221f658f67f936bc70d5c2c2dcbb3155bec31d	ca221f658f67f936bc70d5c2c2dcbb3155bec31d	1	1	DYN	1	115	115	1.0	archive	hello_hello_O1:1.0;hello_hello_O2:1.0	1			dup_group_keeper:hello_hello_O1,hello_hello_O2
hello_hello_O1	hello	hello	O1	local_main;wulver	data/raw/hello_hello_O1_sym	data/stripped/hello_hello_O1_stripped	1	1	data/bir/hello_hello_O1.bir	826466	1	110	schemaA:functions=name->addr		200	84	55	81	0		train	train	train	train	train	0		1	1	84	55	81	0	1	ca221f658f67f936bc70d5c2c2dcbb3155bec31d	ca221f658f67f936bc70d5c2c2dcbb3155bec31d	1	1	DYN	1	115	115	1.0	archive	hello_hello_O0:1.0;hello_hello_O2:1.0	0	duplicate_build_of:hello_hello_O0		
hello_hello_O2	hello	hello	O2	local_main;wulver	data/raw/hello_hello_O2_sym	data/stripped/hello_hello_O2_stripped	1	1	data/bir/hello_hello_O2.bir	826466	1	110	schemaA:functions=name->addr		200	84	55	81	0		train	train	train	train	train	0		1	1	84	55	81	0	1	ca221f658f67f936bc70d5c2c2dcbb3155bec31d	ca221f658f67f936bc70d5c2c2dcbb3155bec31d	1	1	DYN	1	115	115	1.0	archive	hello_hello_O0:1.0;hello_hello_O1:1.0	0	duplicate_build_of:hello_hello_O0		
hello_hello_O3	hello	hello	O3	local_main;wulver	data/raw/hello_hello_O3_sym	data/stripped/hello_hello_O3_stripped	1	1	data/bir/hello_hello_O3.bir	826466	1	110	schemaA:functions=name->addr		200	84	55	81	0		train	train	train	train	train	0		1	1	84	55	81	0	1	ca221f658f67f936bc70d5c2c2dcbb3155bec31d	ca221f658f67f936bc70d5c2c2dcbb3155bec31d	1	1	DYN	1	115	115	1.0	archive		1			
htop_htop_O0	htop	htop	O0	local_main;wulver	data/raw/htop_htop_O0_sym	data/stripped/htop_htop_O0_stripped	1	1	data/bir/htop_htop_O0.bir	7093323	1	774	schemaA:functions=name->addr		1949	1206	551	1115	0		train	train	train	train	train	0		1	1	1206	551	1115	0	1	d76ac67a9f7cbd2afe90af463380bd00f49f82c0	d76ac67a9f7cbd2afe90af463380bd00f49f82c0	1	1	DYN	1	868	868	1.0	archive		1			
htop_htop_O1	htop	htop	O1	local_main;wulver	data/raw/htop_htop_O1	data/stripped/htop_htop_O1_stripped	1	1	data/bir/htop_htop_O1.bir	4351714	1	622	flat:addr->name		935	207	543	200	0			train	train	train		0		1	1	207	543	200	0	1	14ed1e92a9ab008e5c0f82f4138b4ca3ac40cbf4	14ed1e92a9ab008e5c0f82f4138b4ca3ac40cbf4	1	1	EXEC	1	618	618	0.9951690821256038	archive		1			
htop_htop_O2	htop	htop	O2	local_main;wulver	data/raw/htop_htop_O2_sym	data/stripped/htop_htop_O2_stripped	1	1	data/bir/htop_htop_O2.bir	4525306	1	595	schemaA:functions=name->addr		911	183	544	180	0		train	train	train	train	train	0		1	1	183	544	180	0	1	b0f3f38e8e5a9d6c7c727db7c9a675e1c480776a	b0f3f38e8e5a9d6c7c727db7c9a675e1c480776a	1	1	DYN	1	599	599	1.0	archive		1			
htop_htop_O3	htop	htop	O3	local_main;wulver	data/raw/htop_htop_O3	data/stripped/htop_htop_O3_stripped	1	1	data/bir/htop_htop_O3.bir	4776791	1	591	flat:addr->name		904	175	544	166	0			train	train	train		0		1	1	175	544	166	0	1	e975d9f81c2a5a5dc7f721ecd6e2be2d10fc5e3b	e975d9f81c2a5a5dc7f721ecd6e2be2d10fc5e3b	1	1	EXEC	1	587	587	1.0	archive		1			
icu_derb_O0	icu	derb	O0	local_main:_p0_0_6_round2;wulver		data/stripped/_p0_0_6_round2/icu_derb_O0_stripped	0	1	data/bir/_p0_0_6_round2/icu_derb_O0.bir	0	0															0		1	0				1	1					EXEC	1	7391		0.0	computed		0	elfcheck_ratio<0.8(0.00);no_sub_graphs;no_matched_functions		
icu_derb_O1	icu	derb	O1	local_main:_p0_0_6_round2;wulver		data/stripped/_p0_0_6_round2/icu_derb_O1_stripped	0	1	data/bir/_p0_0_6_round2/icu_derb_O1.bir	29516274	0											excluded		excluded		1	29516274	1	1	3140	69	2998	1	1					EXEC	1	4351		0.9766666666666667	computed		1		excluded_in_wulver_v1(not in paper_clean)	
icu_derb_O2	icu	derb	O2	local_main:_p0_0_6_round2;wulver		data/stripped/_p0_0_6_round2/icu_derb_O2_stripped	0	1	data/bir/_p0_0_6_round2/icu_derb_O2.bir	29895062	0											excluded		excluded		1	29895062	1	1	2668	69	2522	1	1					EXEC	1	4856		0.9866666666666667	computed		1		excluded_in_wulver_v1(not in paper_clean)	
icu_derb_O3	icu	derb	O3	local_main:_p0_0_6_round2;wulver		data/stripped/_p0_0_6_round2/icu_derb_O3_stripped	0	1	data/bir/_p0_0_6_round2/icu_derb_O3.bir	38013237	0											excluded		excluded		1	38013237	1	1	2461	69	2334	1	1					EXEC	1	4645		0.9866666666666667	computed		1		excluded_in_wulver_v1(not in paper_clean)	
icu_genbrk_O0	icu	genbrk	O0	local_main:_p0_0_6_round2;wulver		data/stripped/_p0_0_6_round2/icu_genbrk_O0_stripped	0	1	data/bir/_p0_0_6_round2/icu_genbrk_O0.bir	23232824	0											excluded		excluded		1	23232824	1	1	3182	66	2164	1	1					EXEC	1	3191		1.0	computed		1		excluded_in_wulver_v1(not in paper_clean)	
icu_genbrk_O1	icu	genbrk	O1	local_main:_p0_0_6_round2;wulver		data/stripped/_p0_0_6_round2/icu_genbrk_O1_stripped	0	1	data/bir/_p0_0_6_round2/icu_genbrk_O1.bir	14607774	0											excluded		excluded		1	14607774	1	1	1422	65	1390	1	1					EXEC	1	1968		0.9766666666666667	computed		1		excluded_in_wulver_v1(not in paper_clean)	
icu_genbrk_O2	icu	genbrk	O2	local_main:_p0_0_6_round2;wulver		data/stripped/_p0_0_6_round2/icu_genbrk_O2_stripped	0	1	data/bir/_p0_0_6_round2/icu_genbrk_O2.bir	14036502	0											excluded		excluded		1	14036502	1	1	1178	65	1136	1	1					EXEC	1	2103		0.9933333333333333	computed		1		excluded_in_wulver_v1(not in paper_clean)	
icu_genbrk_O3	icu	genbrk	O3	local_main:_p0_0_6_round2;wulver		data/stripped/_p0_0_6_round2/icu_genbrk_O3_stripped	0	1	data/bir/_p0_0_6_round2/icu_genbrk_O3.bir	17419688	0											excluded		excluded		1	17419688	1	1	1105	65	1064	1	1					EXEC	1	2014		0.99	computed		1		excluded_in_wulver_v1(not in paper_clean)	
icu_gencfu_O0	icu	gencfu	O0	local_main:_p0_0_6_round2;wulver		data/stripped/_p0_0_6_round2/icu_gencfu_O0_stripped	0	1	data/bir/_p0_0_6_round2/icu_gencfu_O0.bir	19710351	0											excluded		excluded		1	19710351	1	1	3160	66	2098	1	1					EXEC	1	3169		1.0	computed		1		excluded_in_wulver_v1(not in paper_clean)	
icu_gencfu_O1	icu	gencfu	O1	local_main:_p0_0_6_round2;wulver		data/stripped/_p0_0_6_round2/icu_gencfu_O1_stripped	0	1	data/bir/_p0_0_6_round2/icu_gencfu_O1.bir	12647292	0											excluded		excluded		1	12647292	1	1	1398	65	1366	1	1					EXEC	1	1940		0.9766666666666667	computed		1		excluded_in_wulver_v1(not in paper_clean)	
icu_gencfu_O2	icu	gencfu	O2	local_main:_p0_0_6_round2;wulver		data/stripped/_p0_0_6_round2/icu_gencfu_O2_stripped	0	1	data/bir/_p0_0_6_round2/icu_gencfu_O2.bir	12910480	0											excluded		excluded		1	12910480	1	1	1182	65	1140	1	1					EXEC	1	2098		0.9866666666666667	computed		1		excluded_in_wulver_v1(not in paper_clean)	
icu_gencfu_O3	icu	gencfu	O3	local_main:_p0_0_6_round2;wulver		data/stripped/_p0_0_6_round2/icu_gencfu_O3_stripped	0	1	data/bir/_p0_0_6_round2/icu_gencfu_O3.bir	16178985	0											excluded		excluded		1	16178985	1	1	1102	65	1065	1	1					EXEC	1	2004		0.9933333333333333	computed		1		excluded_in_wulver_v1(not in paper_clean)	
icu_gencnval_O0	icu	gencnval	O0	local_main:_p0_0_6_round2;wulver		data/stripped/_p0_0_6_round2/icu_gencnval_O0_stripped	0	1	data/bir/_p0_0_6_round2/icu_gencnval_O0.bir	641951	0											excluded		excluded		1	641951	1	1	102	38	59	1	1					EXEC	1	104		1.0	computed		1		excluded_in_wulver_v1(not in paper_clean)	
icu_gencnval_O1	icu	gencnval	O1	local_main:_p0_0_6_round2;wulver		data/stripped/_p0_0_6_round2/icu_gencnval_O1_stripped	0	1	data/bir/_p0_0_6_round2/icu_gencnval_O1.bir	380822	0											excluded		excluded		1	380822	1	1	42	38	40	1	1					EXEC	1	49		0.9761904761904762	computed		1		excluded_in_wulver_v1(not in paper_clean)	
icu_gencnval_O2	icu	gencnval	O2	local_main:_p0_0_6_round2;wulver		data/stripped/_p0_0_6_round2/icu_gencnval_O2_stripped	0	1	data/bir/_p0_0_6_round2/icu_gencnval_O2.bir	395744	0											excluded		excluded		1	395744	1	1	45	38	39	1	1					EXEC	1	49		1.0	computed		1		excluded_in_wulver_v1(not in paper_clean)	
icu_gencnval_O3	icu	gencnval	O3	local_main:_p0_0_6_round2;wulver		data/stripped/_p0_0_6_round2/icu_gencnval_O3_stripped	0	1	data/bir/_p0_0_6_round2/icu_gencnval_O3.bir	451324	0											excluded		excluded		1	451324	1	1	45	37	38	1	1					EXEC	1	48		1.0	computed		1		excluded_in_wulver_v1(not in paper_clean)	
icu_gennorm2_O0	icu	gennorm2	O0	local_main:_p0_0_6_round2;wulver		data/stripped/_p0_0_6_round2/icu_gennorm2_O0_stripped	0	1	data/bir/_p0_0_6_round2/icu_gennorm2_O0.bir	3161457	0											excluded		excluded		1	3161457	1	1	541	50	362	1	1					EXEC	1	550		1.0	computed		1		excluded_in_wulver_v1(not in paper_clean)	
icu_gennorm2_O1	icu	gennorm2	O1	local_main:_p0_0_6_round2;wulver		data/stripped/_p0_0_6_round2/icu_gennorm2_O1_stripped	0	1	data/bir/_p0_0_6_round2/icu_gennorm2_O1.bir	2174368	0											excluded		excluded		1	2174368	1	1	255	58	250	1	1					EXEC	1	317		0.9764705882352941	computed		1		excluded_in_wulver_v1(not in paper_clean)	
icu_gennorm2_O2	icu	gennorm2	O2	local_main:_p0_0_6_round2;wulver		data/stripped/_p0_0_6_round2/icu_gennorm2_O2_stripped	0	1	data/bir/_p0_0_6_round2/icu_gennorm2_O2.bir	2263999	0											excluded		excluded		1	2263999	1	1	213	57	205	1	1					EXEC	1	325		0.9859154929577465	computed		1		excluded_in_wulver_v1(not in paper_clean)	
icu_gennorm2_O3	icu	gennorm2	O3	local_main:_p0_0_6_round2;wulver		data/stripped/_p0_0_6_round2/icu_gennorm2_O3_stripped	0	1	data/bir/_p0_0_6_round2/icu_gennorm2_O3.bir	2824233	0											excluded		excluded		1	2824233	1	1	186	57	177	1	1					EXEC	1	293		0.978494623655914	computed		1		excluded_in_wulver_v1(not in paper_clean)	
icu_genrb_O0	icu	genrb	O0	local_main:_p0_0_6_round2;wulver		data/stripped/_p0_0_6_round2/icu_genrb_O0_stripped	0	1	data/bir/_p0_0_6_round2/icu_genrb_O0.bir	32397300	0											excluded		excluded		1	32397300	1	1	4646	114	2975	1	1					EXEC	1	4656		1.0	computed		1		excluded_in_wulver_v1(not in paper_clean)	
icu_genrb_O1	icu	genrb	O1	local_main:_p0_0_6_round2;wulver		data/stripped/_p0_0_6_round2/icu_genrb_O1_stripped	0	1	data/bir/_p0_0_6_round2/icu_genrb_O1.bir	20615503	0											excluded		excluded		1	20615503	1	1	1987	114	1939	1	1					EXEC	1	2711		0.9933333333333333	computed		1		excluded_in_wulver_v1(not in paper_clean)	
icu_genrb_O2	icu	genrb	O2	local_main:_p0_0_6_round2;wulver		data/stripped/_p0_0_6_round2/icu_genrb_O2_stripped	0	1	data/bir/_p0_0_6_round2/icu_genrb_O2.bir	20310583	0											excluded		excluded		1	20310583	1	1	1698	113	1637	1	1					EXEC	1	2947		0.99	computed		1		excluded_in_wulver_v1(not in paper_clean)	
icu_genrb_O3	icu	genrb	O3	local_main:_p0_0_6_round2;wulver		data/stripped/_p0_0_6_round2/icu_genrb_O3_stripped	0	1	data/bir/_p0_0_6_round2/icu_genrb_O3.bir	25407688	0											excluded		excluded		1	25407688	1	1	1593	113	1537	1	1					EXEC	1	2833		0.9933333333333333	computed		1		excluded_in_wulver_v1(not in paper_clean)	
icu_gensprep_O0	icu	gensprep	O0	local_main:_p0_0_6_round2;wulver		data/stripped/_p0_0_6_round2/icu_gensprep_O0_stripped	0	1	data/bir/_p0_0_6_round2/icu_gensprep_O0.bir	840949	0											excluded		excluded		1	840949	1	1	148	39	102	1	1					EXEC	1	150		1.0	computed		1		excluded_in_wulver_v1(not in paper_clean)	
icu_gensprep_O1	icu	gensprep	O1	local_main:_p0_0_6_round2;wulver		data/stripped/_p0_0_6_round2/icu_gensprep_O1_stripped	0	1	data/bir/_p0_0_6_round2/icu_gensprep_O1.bir	527340	0											excluded		excluded		1	527340	1	1	75	38	72	1	1					EXEC	1	86		0.9866666666666667	computed		1		excluded_in_wulver_v1(not in paper_clean)	
icu_gensprep_O2	icu	gensprep	O2	local_main:_p0_0_6_round2;wulver		data/stripped/_p0_0_6_round2/icu_gensprep_O2_stripped	0	1	data/bir/_p0_0_6_round2/icu_gensprep_O2.bir	543578	0											excluded		excluded		1	543578	1	1	74	38	68	1	1					EXEC	1	85		0.9864864864864865	computed		1		excluded_in_wulver_v1(not in paper_clean)	
icu_gensprep_O3	icu	gensprep	O3	local_main:_p0_0_6_round2;wulver		data/stripped/_p0_0_6_round2/icu_gensprep_O3_stripped	0	1	data/bir/_p0_0_6_round2/icu_gensprep_O3.bir	650052	0											excluded		excluded		1	650052	1	1	69	38	63	1	1					EXEC	1	78		1.0	computed		1		excluded_in_wulver_v1(not in paper_clean)	
icu_icuinfo_O0	icu	icuinfo	O0	local_main:_p0_0_6_round2;wulver		data/stripped/_p0_0_6_round2/icu_icuinfo_O0_stripped	0	1	data/bir/_p0_0_6_round2/icu_icuinfo_O0.bir	8505106	0											excluded		excluded		1	8505106	1	1	1500	69	1021	1	1					EXEC	1	1502		1.0	computed		1		excluded_in_wulver_v1(not in paper_clean)	
icu_icuinfo_O1	icu	icuinfo	O1	local_main:_p0_0_6_round2;wulver		data/stripped/_p0_0_6_round2/icu_icuinfo_O1_stripped	0	1	data/bir/_p0_0_6_round2/icu_icuinfo_O1.bir	5189902	0											excluded		excluded		1	5189902	1	1	659	71	645	1	1					EXEC	1	883		0.98	computed		1		excluded_in_wulver_v1(not in paper_clean)	
icu_icuinfo_O2	icu	icuinfo	O2	local_main:_p0_0_6_round2;wulver		data/stripped/_p0_0_6_round2/icu_icuinfo_O2_stripped	0	1	data/bir/_p0_0_6_round2/icu_icuinfo_O2.bir	5686808	0											excluded		excluded		1	5686808	1	1	566	69	550	1	1					EXEC	1	926		0.9733333333333334	computed		1		excluded_in_wulver_v1(not in paper_clean)	
icu_icuinfo_O3	icu	icuinfo	O3	local_main:_p0_0_6_round2;wulver		data/stripped/_p0_0_6_round2/icu_icuinfo_O3_stripped	0	1	data/bir/_p0_0_6_round2/icu_icuinfo_O3.bir	6608480	0											excluded		excluded		1	6608480	1	1	510	69	494	1	1					EXEC	1	859		0.9766666666666667	computed		1		excluded_in_wulver_v1(not in paper_clean)	
icu_icupkg_O0	icu	icupkg	O0	local_main:_p0_0_6_round2;wulver		data/stripped/_p0_0_6_round2/icu_icupkg_O0_stripped	0	1	data/bir/_p0_0_6_round2/icu_icupkg_O0.bir	2303121	0											excluded		excluded		1	2303121	1	1	217	35	160	1	1					EXEC	1	219		1.0	computed		1		excluded_in_wulver_v1(not in paper_clean)	
icu_icupkg_O1	icu	icupkg	O1	local_main:_p0_0_6_round2;wulver		data/stripped/_p0_0_6_round2/icu_icupkg_O1_stripped	0	1	data/bir/_p0_0_6_round2/icu_icupkg_O1.bir	1289333	0											excluded		excluded		1	1289333	1	1	111	35	109	1	1					EXEC	1	144		0.9819819819819819	computed		1		excluded_in_wulver_v1(not in paper_clean)	
icu_icupkg_O2	icu	icupkg	O2	local_main:_p0_0_6_round2;wulver		data/stripped/_p0_0_6_round2/icu_icupkg_O2_stripped	0	1	data/bir/_p0_0_6_round2/icu_icupkg_O2.bir	964587	0											excluded		excluded		1	964587	1	1	91	35	88	1	1					EXEC	1	141		0.989010989010989	computed		1		excluded_in_wulver_v1(not in paper_clean)	
icu_icupkg_O3	icu	icupkg	O3	local_main:_p0_0_6_round2;wulver		data/stripped/_p0_0_6_round2/icu_icupkg_O3_stripped	0	1	data/bir/_p0_0_6_round2/icu_icupkg_O3.bir	1191671	0											excluded		excluded		1	1191671	1	1	86	34	84	1	1					EXEC	1	134		0.9883720930232558	computed		1		excluded_in_wulver_v1(not in paper_clean)	
icu_makeconv_O0	icu	makeconv	O0	local_main:_p0_0_6_round2;wulver		data/stripped/_p0_0_6_round2/icu_makeconv_O0_stripped	0	1	data/bir/_p0_0_6_round2/icu_makeconv_O0.bir	1977452	0											excluded		excluded		1	1977452	1	1	229	42	151	1	1					EXEC	1	231		1.0	computed		1		excluded_in_wulver_v1(not in paper_clean)	
icu_makeconv_O1	icu	makeconv	O1	local_main:_p0_0_6_round2;wulver		data/stripped/_p0_0_6_round2/icu_makeconv_O1_stripped	0	1	data/bir/_p0_0_6_round2/icu_makeconv_O1.bir	1249012	0											excluded		excluded		1	1249012	1	1	107	40	104	1	1					EXEC	1	121		0.9906542056074766	computed		1		excluded_in_wulver_v1(not in paper_clean)	
icu_makeconv_O2	icu	makeconv	O2	local_main:_p0_0_6_round2;wulver		data/stripped/_p0_0_6_round2/icu_makeconv_O2_stripped	0	1	data/bir/_p0_0_6_round2/icu_makeconv_O2.bir	1356084	0											excluded		excluded		1	1356084	1	1	106	41	100	1	1					EXEC	1	122		1.0	computed		1		excluded_in_wulver_v1(not in paper_clean)	
icu_makeconv_O3	icu	makeconv	O3	local_main:_p0_0_6_round2;wulver		data/stripped/_p0_0_6_round2/icu_makeconv_O3_stripped	0	1	data/bir/_p0_0_6_round2/icu_makeconv_O3.bir	3516790	0											excluded		excluded		1	3516790	1	1	100	41	94	1	1					EXEC	1	115		1.0	computed		1		excluded_in_wulver_v1(not in paper_clean)	
icu_pkgdata_O0	icu	pkgdata	O0	local_main:_p0_0_6_round2;wulver		data/stripped/_p0_0_6_round2/icu_pkgdata_O0_stripped	0	1	data/bir/_p0_0_6_round2/icu_pkgdata_O0.bir	2913943	0											excluded		excluded		1	2913943	1	1	338	65	207	1	1					EXEC	1	340		1.0	computed		1		excluded_in_wulver_v1(not in paper_clean)	
icu_pkgdata_O1	icu	pkgdata	O1	local_main:_p0_0_6_round2;wulver		data/stripped/_p0_0_6_round2/icu_pkgdata_O1_stripped	0	1	data/bir/_p0_0_6_round2/icu_pkgdata_O1.bir	1670364	0											excluded		excluded		1	1670364	1	1	138	65	136	1	1					EXEC	1	174		0.9927536231884058	computed		1		excluded_in_wulver_v1(not in paper_clean)	
icu_pkgdata_O2	icu	pkgdata	O2	local_main:_p0_0_6_round2;wulver		data/stripped/_p0_0_6_round2/icu_pkgdata_O2_stripped	0	1	data/bir/_p0_0_6_round2/icu_pkgdata_O2.bir	1335348	0											excluded		excluded		1	1335348	1	1	124	64	117	1	1					EXEC	1	180		1.0	computed		1		excluded_in_wulver_v1(not in paper_clean)	
icu_pkgdata_O3	icu	pkgdata	O3	local_main:_p0_0_6_round2;wulver		data/stripped/_p0_0_6_round2/icu_pkgdata_O3_stripped	0	1	data/bir/_p0_0_6_round2/icu_pkgdata_O3.bir	1458098	0											excluded		excluded		1	1458098	1	1	118	64	111	1	1					EXEC	1	172		1.0	computed		1		excluded_in_wulver_v1(not in paper_clean)	
indent_indent_O0	indent	indent	O0	local_main;wulver	data/raw/indent_indent_O0_sym	data/stripped/indent_indent_O0_stripped	1	1	data/bir/indent_indent_O0.bir	1603290	1	112	schemaA:functions=name->addr		324	222	49	221	0		train	train	train	train	train	0		1	1	222	49	221	0	1	72df43a3eb6f50a37c166ec675a1628587e7aaa8	72df43a3eb6f50a37c166ec675a1628587e7aaa8	1	1	DYN	1	116	116	1.0	archive		1			
indent_indent_O1	indent	indent	O1	local_main;wulver	data/raw/indent_indent_O1	data/stripped/indent_indent_O1_stripped	1	1	data/bir/indent_indent_O1.bir	948270	1	68	flat:addr->name		160	61	47	60	0			train	train	train		0		1	1	61	47	60	0	1	61b289a029e1b2e2c173637097e65c9b5c35bd02	61b289a029e1b2e2c173637097e65c9b5c35bd02	1	1	EXEC	1	64	64	1.0	archive		1			
indent_indent_O2	indent	indent	O2	local_main;wulver	data/raw/indent_indent_O2_sym	data/stripped/indent_indent_O2_stripped	1	1	data/bir/indent_indent_O2.bir	948035	1	60	schemaA:functions=name->addr		160	59	48	57	0		train	train	train	train	train	0		1	1	59	48	57	0	1	0ce2bb2dfe1cd5f65caff023316e170f504e2df2	0ce2bb2dfe1cd5f65caff023316e170f504e2df2	1	1	DYN	1	64	64	1.0	archive		1			
indent_indent_O3	indent	indent	O3	local_main;wulver	data/raw/indent_indent_O3	data/stripped/indent_indent_O3_stripped	1	1	data/bir/indent_indent_O3.bir	1059521	1	67	flat:addr->name		158	58	47	57	0			train	train	train		0		1	1	58	47	57	0	1	6ebb74d1d5629f276c1ebf770ef6821d654bd378	6ebb74d1d5629f276c1ebf770ef6821d654bd378	1	1	EXEC	1	63	63	1.0	archive		1			
inetutils2_dnsdomainname_O0	inetutils2	dnsdomainname	O0	local_main;wulver	data/raw/inetutils2_dnsdomainname_O0_sym	data/stripped/inetutils2_dnsdomainname_O0_stripped	1	1	data/bir/inetutils2_dnsdomainname_O0.bir	1058912	1	131	schemaA:functions=addr->name		354	242	57	118	0			train	train	train		0		1	1	242	57	118	0	1	527accd75e376f2d18c9b7a0b7bf1d83b1df0860	527accd75e376f2d18c9b7a0b7bf1d83b1df0860	1	1	DYN	1	128	128	1.0	archive		1			
inetutils2_dnsdomainname_O1	inetutils2	dnsdomainname	O1	local_main;wulver	data/raw/inetutils2_dnsdomainname_O1_sym	data/stripped/inetutils2_dnsdomainname_O1_stripped	1	1	data/bir/inetutils2_dnsdomainname_O1.bir	838121	1	88	schemaA:functions=addr->name		172	61	56	60	0			train	train	train		0		1	1	61	56	60	0	1	e929f4b848470cf6fd5aa064b8b5ed66e0ea762a	e929f4b848470cf6fd5aa064b8b5ed66e0ea762a	1	1	DYN	1	85	85	1.0	archive		1			
inetutils2_dnsdomainname_O2	inetutils2	dnsdomainname	O2	local_main;wulver	data/raw/inetutils2_dnsdomainname_O2_sym	data/stripped/inetutils2_dnsdomainname_O2_stripped	1	1	data/bir/inetutils2_dnsdomainname_O2.bir	902513	1	85	schemaA:functions=addr->name		165	55	55	54	0			train	train	train		0		1	1	55	55	54	0	1	61a2ef85ef173430e3a83d09ba29cd9d9fead2b9	61a2ef85ef173430e3a83d09ba29cd9d9fead2b9	1	1	DYN	1	82	82	1.0	archive		1			
inetutils2_dnsdomainname_O3	inetutils2	dnsdomainname	O3	local_main;wulver	data/raw/inetutils2_dnsdomainname_O3_sym	data/stripped/inetutils2_dnsdomainname_O3_stripped	1	1	data/bir/inetutils2_dnsdomainname_O3.bir	1059845	1	78	schemaA:functions=addr->name		157	46	56	45	0			train	train	train		0		1	1	46	56	45	0	1	bcbfafadf1753618d9b9ebe8b8f17f9f68d80d11	bcbfafadf1753618d9b9ebe8b8f17f9f68d80d11	1	1	DYN	1	75	75	1.0	archive		1			
inetutils2_hostname_O0	inetutils2	hostname	O0	local_main;wulver	data/raw/inetutils2_hostname_O0_sym	data/stripped/inetutils2_hostname_O0_stripped	1	1	data/bir/inetutils2_hostname_O0.bir	1165802	1	142	schemaA:functions=addr->name		400	264	69	129	0			train	train	train		0		1	1	264	69	129	0	1	d81a24a2bdf5add1af4976bd84841760d9015be5	d81a24a2bdf5add1af4976bd84841760d9015be5	1	1	DYN	1	139	139	1.0	archive		1			
inetutils2_hostname_O1	inetutils2	hostname	O1	local_main;wulver	data/raw/inetutils2_hostname_O1_sym	data/stripped/inetutils2_hostname_O1_stripped	1	1	data/bir/inetutils2_hostname_O1.bir	900945	1	90	schemaA:functions=addr->name		200	63	69	62	0			train	train	train		0		1	1	63	69	62	0	1	c24a3a66355312cb203ef06d3ff6c17c5d154bd2	c24a3a66355312cb203ef06d3ff6c17c5d154bd2	1	1	DYN	1	87	87	1.0	archive		1			
inetutils2_hostname_O2	inetutils2	hostname	O2	local_main;wulver	data/raw/inetutils2_hostname_O2_sym	data/stripped/inetutils2_hostname_O2_stripped	1	1	data/bir/inetutils2_hostname_O2.bir	966232	1	87	schemaA:functions=addr->name		194	58	68	57	0			train	train	train		0		1	1	58	68	57	0	1	4157564568bf1f81c271d97e655238313bb4797e	4157564568bf1f81c271d97e655238313bb4797e	1	1	DYN	1	84	84	1.0	archive		1			
inetutils2_hostname_O3	inetutils2	hostname	O3	local_main;wulver	data/raw/inetutils2_hostname_O3_sym	data/stripped/inetutils2_hostname_O3_stripped	1	1	data/bir/inetutils2_hostname_O3.bir	1123685	1	80	schemaA:functions=addr->name		186	49	69	48	0			train	train	train		0		1	1	49	69	48	0	1	2c9340c308661b10a7fd9e7baeed69e1116c2f06	2c9340c308661b10a7fd9e7baeed69e1116c2f06	1	1	DYN	1	77	77	1.0	archive		1			
inetutils2_logger_O0	inetutils2	logger	O0	local_main;wulver	data/raw/inetutils2_logger_O0_sym	data/stripped/inetutils2_logger_O0_stripped	1	1	data/bir/inetutils2_logger_O0.bir	1132373	1	135	schemaA:functions=addr->name		394	250	73	122	0			train	train	train		0		1	1	250	73	122	0	1	11b770c4d63fd6bc3317aa72c8eebf0b68689f4c	11b770c4d63fd6bc3317aa72c8eebf0b68689f4c	1	1	DYN	1	132	132	1.0	archive		1			
inetutils2_logger_O1	inetutils2	logger	O1	local_main;wulver	data/raw/inetutils2_logger_O1_sym	data/stripped/inetutils2_logger_O1_stripped	1	1	data/bir/inetutils2_logger_O1.bir	884339	1	91	schemaA:functions=addr->name		205	64	71	63	0			train	train	train		0		1	1	64	71	63	0	1	b4f15e8ea53dde0e11ffcb28a7a2d6f5b4f97afe	b4f15e8ea53dde0e11ffcb28a7a2d6f5b4f97afe	1	1	DYN	1	88	88	1.0	archive		1			
inetutils2_logger_O2	inetutils2	logger	O2	local_main;wulver	data/raw/inetutils2_logger_O2_sym	data/stripped/inetutils2_logger_O2_stripped	1	1	data/bir/inetutils2_logger_O2.bir	948555	1	88	schemaA:functions=addr->name		199	59	70	58	0			train	train	train		0		1	1	59	70	58	0	1	d9aecf2470a402d0119dee25794e37caf90cb258	d9aecf2470a402d0119dee25794e37caf90cb258	1	1	DYN	1	85	85	1.0	archive		1			
inetutils2_logger_O3	inetutils2	logger	O3	local_main;wulver	data/raw/inetutils2_logger_O3_sym	data/stripped/inetutils2_logger_O3_stripped	1	1	data/bir/inetutils2_logger_O3.bir	1106471	1	81	schemaA:functions=addr->name		191	50	71	49	0			train	train	train		0		1	1	50	71	49	0	1	5792330db43dfa30728950828db3fc1aeb7243d6	5792330db43dfa30728950828db3fc1aeb7243d6	1	1	DYN	1	78	78	1.0	archive		1			
inetutils_ftp	inetutils	ftp	default	local_main;wulver	data/raw/inetutils_ftp_sym	data/stripped/inetutils_ftp_stripped	1	1	data/bir/inetutils_ftp.bir	2418718	1	202	schemaA:functions=name->addr		411	131	143	130	0		train	train	train	train	train	0		1	1	131	143	130	0	1	a87b5e365c789612c35c06ed3f051cea3c936d5d	a87b5e365c789612c35c06ed3f051cea3c936d5d	1	1	DYN	1	206	206	1.0	archive		1			
inetutils_ftp_O0	inetutils	ftp	O0	local_main;wulver	data/raw/inetutils_ftp_O0_sym	data/stripped/inetutils_ftp_O0_stripped	1	1	data/bir/inetutils_ftp_O0.bir	3004508	1	258	schemaA:functions=name->addr		785	510	141	505	0		train	train	train	train	train	0		1	1	510	141	505	0	1	98d867c2feadd736ff38edc394c4b1af2750e61d	98d867c2feadd736ff38edc394c4b1af2750e61d	1	1	DYN	1	266	266	1.0	archive		1			
inetutils_ftp_O1	inetutils	ftp	O1	local_main;wulver	data/raw/inetutils_ftp_O1_sym	data/stripped/inetutils_ftp_O1_stripped	1	1	data/bir/inetutils_ftp_O1.bir	2307111	1	204	schemaA:functions=name->addr		422	141	154	140	0		train	train	train	train	train	0		1	1	141	154	140	0	1	78738f283ac2c21d9c2da2e5995c18b727bd21d3	78738f283ac2c21d9c2da2e5995c18b727bd21d3	1	1	DYN	1	208	208	1.0	archive		1			
inetutils_ftp_O2	inetutils	ftp	O2	local_main;wulver	data/raw/inetutils_ftp_O2_sym	data/stripped/inetutils_ftp_O2_stripped	1	1	data/bir/inetutils_ftp_O2.bir	2418718	1	202	schemaA:functions=name->addr		411	131	143	129	0		train	train	train	train	train	0		1	1	131	143	129	0	1	a87b5e365c789612c35c06ed3f051cea3c936d5d	a87b5e365c789612c35c06ed3f051cea3c936d5d	1	1	DYN	1	206	206	1.0	archive		1			
inetutils_ftp_O3	inetutils	ftp	O3	local_main;wulver	data/raw/inetutils_ftp_O3_sym	data/stripped/inetutils_ftp_O3_stripped	1	1	data/bir/inetutils_ftp_O3.bir	2646703	1	195	schemaA:functions=name->addr		400	119	154	117	0		train	train	train	train	train	0		1	1	119	154	117	0	1	02b9464a01f309f3ac8e27a6666af2ec51a1d1a7	02b9464a01f309f3ac8e27a6666af2ec51a1d1a7	1	1	DYN	1	199	199	1.0	archive		1			
inetutils_ftp_clang_O0	inetutils	ftp_clang	O0	clang_train	clang_train/bins/inetutils_ftp_clang_O0.debug	clang_train/bins/inetutils_ftp_clang_O0	1	1	clang_train/bir/inetutils_ftp_clang_O0.bir	2999644	1	258	schemaA:functions=name->addr		523	255	138			258															433145949f2721eb8b4d73ab496973e50229ae77	433145949f2721eb8b4d73ab496973e50229ae77	1	1	DYN	1	265	265	1.0	computed		1			
inetutils_ftp_clang_O1	inetutils	ftp_clang	O1	clang_train	clang_train/bins/inetutils_ftp_clang_O1.debug	clang_train/bins/inetutils_ftp_clang_O1	1	1	clang_train/bir/inetutils_ftp_clang_O1.bir	2046141	1	188	schemaA:functions=name->addr		340	77	135			82															1795065d6428da9664a6a911efa3a0a9d9b63a21	1795065d6428da9664a6a911efa3a0a9d9b63a21	1	1	DYN	1	191	191	1.0	computed		1			
inetutils_ftp_clang_O2	inetutils	ftp_clang	O2	clang_train	clang_train/bins/inetutils_ftp_clang_O2.debug	clang_train/bins/inetutils_ftp_clang_O2	1	1	clang_train/bir/inetutils_ftp_clang_O2.bir	2052672	1	186	schemaA:functions=name->addr		334	72	135			77															2e8eaeb522dee3af49d78d5d937f4d5f5ce2cb31	2e8eaeb522dee3af49d78d5d937f4d5f5ce2cb31	1	1	DYN	1	189	189	1.0	computed		1			
inetutils_ftp_clang_O3	inetutils	ftp_clang	O3	clang_train	clang_train/bins/inetutils_ftp_clang_O3.debug	clang_train/bins/inetutils_ftp_clang_O3	1	1	clang_train/bir/inetutils_ftp_clang_O3.bir	2131787	1	186	schemaA:functions=name->addr		334	72	135			77															31824afa1076f9dff9ba5ff27789e308ae39e9f3	31824afa1076f9dff9ba5ff27789e308ae39e9f3	1	1	DYN	1	189	189	1.0	computed		1			
inetutils_ping	inetutils	ping	default	local_main;wulver	data/raw/inetutils_ping_sym	data/stripped/inetutils_ping_stripped	1	1	data/bir/inetutils_ping.bir	1383822	1	129	schemaA:functions=name->addr		272	100	89	98	0		test	test	test	test	test	0		1	1	100	89	98	0	1	67c0895c23741d6864ba22bf05c658e603ce68ac	67c0895c23741d6864ba22bf05c658e603ce68ac	1	1	DYN	1	133	133	1.0	archive		1			
inetutils_ping_O0	inetutils	ping	O0	local_main;wulver	data/raw/inetutils_ping_O0_sym	data/stripped/inetutils_ping_O0_stripped	1	1	data/bir/inetutils_ping_O0.bir	1647967	1	184	schemaA:functions=name->addr		536	362	91	361	0		train	train	train	train	train	0		1	1	362	91	361	0	1	5ece44db84aa269198c1db3d55ac4f7b355f8455	5ece44db84aa269198c1db3d55ac4f7b355f8455	1	1	DYN	1	188	188	1.0	archive		1			
inetutils_ping_O1	inetutils	ping	O1	local_main;wulver	data/raw/inetutils_ping_O1_sym	data/stripped/inetutils_ping_O1_stripped	1	1	data/bir/inetutils_ping_O1.bir	1291566	1	132	schemaA:functions=name->addr		278	105	100	104	0		train	train	train	train	train	0		1	1	105	100	104	0	1	936b4f45abce4da5be7234de08ff751bace6cae2	936b4f45abce4da5be7234de08ff751bace6cae2	1	1	DYN	1	136	136	1.0	archive		1			
inetutils_ping_O2	inetutils	ping	O2	local_main;wulver	data/raw/inetutils_ping_O2_sym	data/stripped/inetutils_ping_O2_stripped	1	1	data/bir/inetutils_ping_O2.bir	1383822	1	129	schemaA:functions=name->addr		272	100	89	98	0		train	train	train	train	train	0		1	1	100	89	98	0	1	67c0895c23741d6864ba22bf05c658e603ce68ac	67c0895c23741d6864ba22bf05c658e603ce68ac	1	1	DYN	1	133	133	1.0	archive		1			
inetutils_ping_O3	inetutils	ping	O3	local_main;wulver	data/raw/inetutils_ping_O3_sym	data/stripped/inetutils_ping_O3_stripped	1	1	data/bir/inetutils_ping_O3.bir	1591619	1	124	schemaA:functions=name->addr		267	94	100	92	0		train	train	train	train	train	0		1	1	94	100	92	0	1	97b7b15037e5c57677e82c887670c84bd586d6c2	97b7b15037e5c57677e82c887670c84bd586d6c2	1	1	DYN	1	128	128	1.0	archive		1			
inetutils_ping_clang_O0	inetutils	ping_clang	O0	clang_train	clang_train/bins/inetutils_ping_clang_O0.debug	clang_train/bins/inetutils_ping_clang_O0	1	1	clang_train/bir/inetutils_ping_clang_O0.bir	1692448	1	184	schemaA:functions=name->addr		347	178	90			184															90a0532fd57dc0aa9bdd385005a3043257d8b790	90a0532fd57dc0aa9bdd385005a3043257d8b790	1	1	DYN	1	187	187	1.0	computed		1			
inetutils_ping_clang_O1	inetutils	ping_clang	O1	clang_train	clang_train/bins/inetutils_ping_clang_O1.debug	clang_train/bins/inetutils_ping_clang_O1	1	1	clang_train/bir/inetutils_ping_clang_O1.bir	1232179	1	121	schemaA:functions=name->addr		237	72	87			76															c5f5e1a554a31848b5c41e668d239cac383b826e	c5f5e1a554a31848b5c41e668d239cac383b826e	1	1	DYN	1	124	124	1.0	computed		1			
inetutils_ping_clang_O2	inetutils	ping_clang	O2	clang_train	clang_train/bins/inetutils_ping_clang_O2.debug	clang_train/bins/inetutils_ping_clang_O2	1	1	clang_train/bir/inetutils_ping_clang_O2.bir	1272688	1	119	schemaA:functions=name->addr		235	70	87			74															628623d4c9d6226295f8834aea41a0145f473ab3	628623d4c9d6226295f8834aea41a0145f473ab3	1	1	DYN	1	122	122	1.0	computed		1			
inetutils_ping_clang_O3	inetutils	ping_clang	O3	clang_train	clang_train/bins/inetutils_ping_clang_O3.debug	clang_train/bins/inetutils_ping_clang_O3	1	1	clang_train/bir/inetutils_ping_clang_O3.bir	1315257	1	119	schemaA:functions=name->addr		235	70	87			74															a3fd814788ea76d2cb700354570a85ee4ea77599	a3fd814788ea76d2cb700354570a85ee4ea77599	1	1	DYN	1	122	122	1.0	computed		1			
inetutils_telnet	inetutils	telnet	default	local_main;wulver	data/raw/inetutils_telnet_sym	data/stripped/inetutils_telnet_stripped	1	1	data/bir/inetutils_telnet.bir	1960475	1	254	schemaA:functions=name->addr		418	186	116	184	0		train	train	train	train	train	0		1	1	186	116	184	0	1	ea93e284e6251a58c825d5253b23c5a7f8d17ccc	ea93e284e6251a58c825d5253b23c5a7f8d17ccc	1	1	DYN	1	258	258	1.0	archive	inetutils_telnet_O2:1.0	1			dup_group_keeper:inetutils_telnet_O2
inetutils_telnet_O0	inetutils	telnet	O0	local_main;wulver	data/raw/inetutils_telnet_O0_sym	data/stripped/inetutils_telnet_O0_stripped	1	1	data/bir/inetutils_telnet_O0.bir	2391597	1	312	schemaA:functions=name->addr		844	618	114	617	0		train	train	train	train	train	0		1	1	618	114	617	0	1	140c21fcd0b8315513b9df765ad062662a25179e	140c21fcd0b8315513b9df765ad062662a25179e	1	1	DYN	1	316	316	1.0	archive		1			
inetutils_telnet_O1	inetutils	telnet	O1	local_main;wulver	data/raw/inetutils_telnet_O1_sym	data/stripped/inetutils_telnet_O1_stripped	1	1	data/bir/inetutils_telnet_O1.bir	1822587	1	255	schemaA:functions=name->addr		438	205	121	204	0		train	train	train	train	train	0		1	1	205	121	204	0	1	d70b6bdbdb3b7acfc465270b442efab34928c98e	d70b6bdbdb3b7acfc465270b442efab34928c98e	1	1	DYN	1	259	259	1.0	archive		1			
inetutils_telnet_O2	inetutils	telnet	O2	local_main;wulver	data/raw/inetutils_telnet_O2_sym	data/stripped/inetutils_telnet_O2_stripped	1	1	data/bir/inetutils_telnet_O2.bir	1960475	1	254	schemaA:functions=name->addr		418	186	116	184	0		train	train	train	train	train	0		1	1	186	116	184	0	1	ea93e284e6251a58c825d5253b23c5a7f8d17ccc	ea93e284e6251a58c825d5253b23c5a7f8d17ccc	1	1	DYN	1	258	258	1.0	archive	inetutils_telnet:1.0	0	duplicate_build_of:inetutils_telnet		
inetutils_telnet_O3	inetutils	telnet	O3	local_main;wulver	data/raw/inetutils_telnet_O3_sym	data/stripped/inetutils_telnet_O3_stripped	1	1	data/bir/inetutils_telnet_O3.bir	2167294	1	242	schemaA:functions=name->addr		404	171	121	168	0		train	train	train	train	train	0		1	1	171	121	168	0	1	1e2c4ea78eb07bd9461795ecbe0138c4bebaa2dc	1e2c4ea78eb07bd9461795ecbe0138c4bebaa2dc	1	1	DYN	1	246	246	1.0	archive		1			
inetutils_telnet_clang_O0	inetutils	telnet_clang	O0	clang_train	clang_train/bins/inetutils_telnet_clang_O0.debug	clang_train/bins/inetutils_telnet_clang_O0	1	1	clang_train/bir/inetutils_telnet_clang_O0.bir	2576859	1	312	schemaA:functions=name->addr		525	306	111			312															cea685dfcd9a64ae8dab0bb7ab04e0b314328c58	cea685dfcd9a64ae8dab0bb7ab04e0b314328c58	1	1	DYN	1	315	315	1.0	computed		1			
inetutils_telnet_clang_O1	inetutils	telnet_clang	O1	clang_train	clang_train/bins/inetutils_telnet_clang_O1.debug	clang_train/bins/inetutils_telnet_clang_O1	1	1	clang_train/bir/inetutils_telnet_clang_O1.bir	1685799	1	238	schemaA:functions=name->addr		359	140	110			144															82972ab3544a964230ebec458b7b5e6f66e41695	82972ab3544a964230ebec458b7b5e6f66e41695	1	1	DYN	1	241	241	1.0	computed		1			
inetutils_telnet_clang_O2	inetutils	telnet_clang	O2	clang_train	clang_train/bins/inetutils_telnet_clang_O2.debug	clang_train/bins/inetutils_telnet_clang_O2	1	1	clang_train/bir/inetutils_telnet_clang_O2.bir	1615928	1	236	schemaA:functions=name->addr		348	130	110			134															1afebcfd2e6b763c3194e3e4bdb1b8450c9b1d2a	1afebcfd2e6b763c3194e3e4bdb1b8450c9b1d2a	1	1	DYN	1	239	239	1.0	computed		1			
inetutils_telnet_clang_O3	inetutils	telnet_clang	O3	clang_train	clang_train/bins/inetutils_telnet_clang_O3.debug	clang_train/bins/inetutils_telnet_clang_O3	1	1	clang_train/bir/inetutils_telnet_clang_O3.bir	1726082	1	236	schemaA:functions=name->addr		348	130	110			134															3cfa84aea8d7d7f1b1dc95294ee0127ad3518904	3cfa84aea8d7d7f1b1dc95294ee0127ad3518904	1	1	DYN	1	239	239	1.0	computed		1			
inetutils_traceroute_O0	inetutils	traceroute	O0	local_main;wulver	data/raw/inetutils_traceroute_O0_sym	data/stripped/inetutils_traceroute_O0_stripped	1	1	data/bir/inetutils_traceroute_O0.bir	1291817	1	86	schemaA:functions=name->addr		203	56	84	55	0		train	train	train	train	train	0		1	1	56	84	55	0	1	49a602c20692152080098af48a72ed54aac6c113	49a602c20692152080098af48a72ed54aac6c113	1	1	DYN	1	90	90	1.0	archive	inetutils_traceroute_O2:0.981	1			dup_group_keeper:inetutils_traceroute_O2
inetutils_traceroute_O1	inetutils	traceroute	O1	local_main;wulver	data/raw/inetutils_traceroute_O1_sym	data/stripped/inetutils_traceroute_O1_stripped	1	1	data/bir/inetutils_traceroute_O1.bir	1291817	1	86	schemaA:functions=name->addr		203	56	84	54	0		train	train	train	train	train	0		1	1	56	84	54	0	1	49a602c20692152080098af48a72ed54aac6c113	49a602c20692152080098af48a72ed54aac6c113	1	1	DYN	1	90	90	1.0	archive	inetutils_traceroute_O3:1.0	1			dup_group_keeper:inetutils_traceroute_O3
inetutils_traceroute_O2	inetutils	traceroute	O2	local_main;wulver	data/raw/inetutils_traceroute_O2_sym	data/stripped/inetutils_traceroute_O2_stripped	1	1	data/bir/inetutils_traceroute_O2.bir	1291817	1	86	schemaA:functions=name->addr		203	56	84	54	0		train	train	train	train	train	0		1	1	56	84	54	0	1	49a602c20692152080098af48a72ed54aac6c113	49a602c20692152080098af48a72ed54aac6c113	1	1	DYN	1	90	90	1.0	archive	inetutils_traceroute_O0:0.981	0	duplicate_build_of:inetutils_traceroute_O0		
inetutils_traceroute_O3	inetutils	traceroute	O3	local_main;wulver	data/raw/inetutils_traceroute_O3_sym	data/stripped/inetutils_traceroute_O3_stripped	1	1	data/bir/inetutils_traceroute_O3.bir	1291817	1	86	schemaA:functions=name->addr		203	56	84	54	0		train	train	train	train	train	0		1	1	56	84	54	0	1	49a602c20692152080098af48a72ed54aac6c113	49a602c20692152080098af48a72ed54aac6c113	1	1	DYN	1	90	90	1.0	archive	inetutils_traceroute_O1:1.0	0	duplicate_build_of:inetutils_traceroute_O1		
inetutils_traceroute_clang_O0	inetutils	traceroute_clang	O0	clang_train	clang_train/bins/inetutils_traceroute_clang_O0.debug	clang_train/bins/inetutils_traceroute_clang_O0	1	1	clang_train/bir/inetutils_traceroute_clang_O0.bir	1359140	1	139	schemaA:functions=name->addr		276	133	75			139															366fa4579949917fc8388b643228e36dd5d33056	366fa4579949917fc8388b643228e36dd5d33056	1	1	DYN	1	142	142	1.0	computed		1			
inetutils_traceroute_clang_O1	inetutils	traceroute_clang	O1	clang_train	clang_train/bins/inetutils_traceroute_clang_O1.debug	clang_train/bins/inetutils_traceroute_clang_O1	1	1	clang_train/bir/inetutils_traceroute_clang_O1.bir	1021753	1	85	schemaA:functions=name->addr		182	43	72			47															ed0c884177e9450515252c93f94089954ef6d9a8	ed0c884177e9450515252c93f94089954ef6d9a8	1	1	DYN	1	88	88	1.0	computed		1			
inetutils_traceroute_clang_O2	inetutils	traceroute_clang	O2	clang_train	clang_train/bins/inetutils_traceroute_clang_O2.debug	clang_train/bins/inetutils_traceroute_clang_O2	1	1	clang_train/bir/inetutils_traceroute_clang_O2.bir	1041089	1	83	schemaA:functions=name->addr		179	41	72			45															e024a758bc54214a2ba576ee5a7b5b5ad5b46921	e024a758bc54214a2ba576ee5a7b5b5ad5b46921	1	1	DYN	1	86	86	1.0	computed		1			
inetutils_traceroute_clang_O3	inetutils	traceroute_clang	O3	clang_train	clang_train/bins/inetutils_traceroute_clang_O3.debug	clang_train/bins/inetutils_traceroute_clang_O3	1	1	clang_train/bir/inetutils_traceroute_clang_O3.bir	1081321	1	83	schemaA:functions=name->addr		179	41	72			45															68ee4c869b8b6b8c002177ab3da0d2fcc681f9c5	68ee4c869b8b6b8c002177ab3da0d2fcc681f9c5	1	1	DYN	1	86	86	1.0	computed		1			
iotop_iotop_O0	iotop	iotop	O0	local_main:_p0_0_6_round3;wulver		data/stripped/_p0_0_6_round3/iotop_iotop_O0_stripped	0	1	data/bir/_p0_0_6_round3/iotop_iotop_O0.bir	1752373	0											excluded		excluded		1	1752373	1	1	109	122	109	1	1					DYN	1	111		1.0	computed		1		excluded_in_wulver_v1(not in paper_clean)	
iotop_iotop_O1	iotop	iotop	O1	local_main:_p0_0_6_round3;wulver		data/stripped/_p0_0_6_round3/iotop_iotop_O1_stripped	0	1	data/bir/_p0_0_6_round3/iotop_iotop_O1.bir	1673174	0											excluded		excluded		1	1673174	1	1	29	123	29	1	1					DYN	1	36		1.0	computed		1		excluded_in_wulver_v1(not in paper_clean)	
iotop_iotop_O2	iotop	iotop	O2	local_main:_p0_0_6_round3;wulver		data/stripped/_p0_0_6_round3/iotop_iotop_O2_stripped	0	1	data/bir/_p0_0_6_round3/iotop_iotop_O2.bir	1319435	0											excluded		excluded		1	1319435	1	1	40	123	23	1	1					DYN	1	36		0.95	computed		1		excluded_in_wulver_v1(not in paper_clean)	
iotop_iotop_O3	iotop	iotop	O3	local_main:_p0_0_6_round3;wulver		data/stripped/_p0_0_6_round3/iotop_iotop_O3_stripped	0	1	data/bir/_p0_0_6_round3/iotop_iotop_O3.bir	1765196	0											excluded		excluded		1	1765196	1	1	36	124	17	1	1					DYN	1	29		0.9722222222222222	computed		1		excluded_in_wulver_v1(not in paper_clean)	
jansson_array_O0	jansson	array	O0	ftdomains2	ftdomains2/bins/jansson_array_O0.debug	ftdomains2/bins/jansson_array_O0	1	1	ftdomains2/bir/jansson_array_O0.bir	1150054	1	114	schemaA:functions=name->addr		445	378	32																		a3e3231276b43a9a995d2d7c63a0002d3c70e5f4	a3e3231276b43a9a995d2d7c63a0002d3c70e5f4	1	1	DYN	1	202	202	1.0	computed		0	no_matched_functions		
jansson_array_O1	jansson	array	O1	ftdomains2	ftdomains2/bins/jansson_array_O1.debug	ftdomains2/bins/jansson_array_O1	1	1	ftdomains2/bir/jansson_array_O1.bir	780750	1	114	schemaA:functions=name->addr		186	118	32																		cce34fb3d80d329d301d546950d71d4ef88ec7ec	cce34fb3d80d329d301d546950d71d4ef88ec7ec	1	1	DYN	1	145	145	1.0	computed		0	no_matched_functions		
jansson_array_O2	jansson	array	O2	ftdomains2	ftdomains2/bins/jansson_array_O2.debug	ftdomains2/bins/jansson_array_O2	1	1	ftdomains2/bir/jansson_array_O2.bir	733199	1	114	schemaA:functions=name->addr		177	109	32																		2e488e730105c458f51085f0495de734ed220673	2e488e730105c458f51085f0495de734ed220673	1	1	DYN	1	144	144	0.9908256880733946	computed		0	no_matched_functions		
jansson_array_O3	jansson	array	O3	ftdomains2	ftdomains2/bins/jansson_array_O3.debug	ftdomains2/bins/jansson_array_O3	1	1	ftdomains2/bir/jansson_array_O3.bir	833585	1	114	schemaA:functions=name->addr		181	113	32																		fb48711d4eb9c2ea175b7238e61b45b70e208173	fb48711d4eb9c2ea175b7238e61b45b70e208173	1	1	DYN	1	146	146	0.9646017699115044	computed		0	no_matched_functions		
jansson_dump_O0	jansson	dump	O0	ftdomains2	ftdomains2/bins/jansson_dump_O0.debug	ftdomains2/bins/jansson_dump_O0	1	1	ftdomains2/bir/jansson_dump_O0.bir	1285613	1	120	schemaA:functions=name->addr		533	448	41																		73f1e1366174680438c7e4222ebe2591072c54bb	73f1e1366174680438c7e4222ebe2591072c54bb	1	1	DYN	1	237	237	1.0	computed		0	no_matched_functions		
jansson_dump_O1	jansson	dump	O1	ftdomains2	ftdomains2/bins/jansson_dump_O1.debug	ftdomains2/bins/jansson_dump_O1	1	1	ftdomains2/bir/jansson_dump_O1.bir	827754	1	120	schemaA:functions=name->addr		219	134	41																		a13eeb7ef2f10970d2c6a685ec7e54ec0fde909b	a13eeb7ef2f10970d2c6a685ec7e54ec0fde909b	1	1	DYN	1	162	162	0.9850746268656716	computed		0	no_matched_functions		
jansson_dump_O2	jansson	dump	O2	ftdomains2	ftdomains2/bins/jansson_dump_O2.debug	ftdomains2/bins/jansson_dump_O2	1	1	ftdomains2/bir/jansson_dump_O2.bir	862382	1	120	schemaA:functions=name->addr		211	126	41																		5813551ee6859824e173d3d83d7a7ae1ebc34ce3	5813551ee6859824e173d3d83d7a7ae1ebc34ce3	1	1	DYN	1	157	157	0.9841269841269841	computed		0	no_matched_functions		
jansson_dump_O3	jansson	dump	O3	ftdomains2	ftdomains2/bins/jansson_dump_O3.debug	ftdomains2/bins/jansson_dump_O3	1	1	ftdomains2/bir/jansson_dump_O3.bir	990451	1	120	schemaA:functions=name->addr		211	126	41																		d025dacf56482e0a75c69016cc42bf4158aa481f	d025dacf56482e0a75c69016cc42bf4158aa481f	1	1	DYN	1	160	160	0.9682539682539683	computed		0	no_matched_functions		
jansson_libjansson.a_O0	jansson	libjansson.a	O0	local_main;wulver		data/stripped/jansson_libjansson.a_O0	0	1			0															0		0	0				0	1					REL	1	218					0	no_debug_elf;no_bir;no_labels;no_sub_graphs;no_matched_functions		
jansson_libjansson.a_O2	jansson	libjansson.a	O2	local_main;wulver		data/stripped/jansson_libjansson.a_O2	0	1			0															0		0	0				0	1					REL	1	152					0	no_debug_elf;no_bir;no_labels;no_sub_graphs;no_matched_functions		
jansson_load_O0	jansson	load	O0	ftdomains2	ftdomains2/bins/jansson_load_O0.debug	ftdomains2/bins/jansson_load_O0	1	1	ftdomains2/bir/jansson_load_O0.bir	1052252	1	108	schemaA:functions=name->addr		444	372	35																		9921a3e0d61e6e5833dfbb1a102e62bebbd787f3	9921a3e0d61e6e5833dfbb1a102e62bebbd787f3	1	1	DYN	1	197	197	1.0	computed		0	no_matched_functions		
jansson_load_O1	jansson	load	O1	ftdomains2	ftdomains2/bins/jansson_load_O1.debug	ftdomains2/bins/jansson_load_O1	1	1	ftdomains2/bir/jansson_load_O1.bir	660027	1	108	schemaA:functions=name->addr		179	106	35																		ffd95305de5fea8615b600d9f3e9da1add95cc2d	ffd95305de5fea8615b600d9f3e9da1add95cc2d	1	1	DYN	1	134	134	0.9811320754716981	computed		0	no_matched_functions		
jansson_load_O2	jansson	load	O2	ftdomains2	ftdomains2/bins/jansson_load_O2.debug	ftdomains2/bins/jansson_load_O2	1	1	ftdomains2/bir/jansson_load_O2.bir	666616	1	108	schemaA:functions=name->addr		157	86	34																		2f073e84806ec622703de2095654e00e5743f3b0	2f073e84806ec622703de2095654e00e5743f3b0	1	1	DYN	1	130	130	0.9767441860465116	computed		0	no_matched_functions		
jansson_load_O3	jansson	load	O3	ftdomains2	ftdomains2/bins/jansson_load_O3.debug	ftdomains2/bins/jansson_load_O3	1	1	ftdomains2/bir/jansson_load_O3.bir	753238	1	108	schemaA:functions=name->addr		164	93	34																		c6780d580ae84644e21d2bd5ef7441ad218f53ab	c6780d580ae84644e21d2bd5ef7441ad218f53ab	1	1	DYN	1	132	132	0.9354838709677419	computed		0	no_matched_functions		
jansson_object_O0	jansson	object	O0	ftdomains2	ftdomains2/bins/jansson_object_O0.debug	ftdomains2/bins/jansson_object_O0	1	1	ftdomains2/bir/jansson_object_O0.bir	1281929	1	114	schemaA:functions=name->addr		462	391	34																		6a44ef2c75df9f651b9861b44ee697541eccc8b3	6a44ef2c75df9f651b9861b44ee697541eccc8b3	1	1	DYN	1	210	210	1.0	computed		0	no_matched_functions		
jansson_object_O1	jansson	object	O1	ftdomains2	ftdomains2/bins/jansson_object_O1.debug	ftdomains2/bins/jansson_object_O1	1	1	ftdomains2/bir/jansson_object_O1.bir	876599	1	114	schemaA:functions=name->addr		193	122	34																		a0657648da5d99b179287809b5faf9a5bb08e294	a0657648da5d99b179287809b5faf9a5bb08e294	1	1	DYN	1	148	148	1.0	computed		0	no_matched_functions		
jansson_object_O2	jansson	object	O2	ftdomains2	ftdomains2/bins/jansson_object_O2.debug	ftdomains2/bins/jansson_object_O2	1	1	ftdomains2/bir/jansson_object_O2.bir	890655	1	114	schemaA:functions=name->addr		184	113	34																		396380948bfb52354d4ee9fa063032a98a9054d5	396380948bfb52354d4ee9fa063032a98a9054d5	1	1	DYN	1	147	147	0.9911504424778761	computed		0	no_matched_functions		
jansson_object_O3	jansson	object	O3	ftdomains2	ftdomains2/bins/jansson_object_O3.debug	ftdomains2/bins/jansson_object_O3	1	1	ftdomains2/bir/jansson_object_O3.bir	1001299	1	114	schemaA:functions=name->addr		185	114	34																		5917a939c0c7329b6204ac6ff79f21224cc2df49	5917a939c0c7329b6204ac6ff79f21224cc2df49	1	1	DYN	1	146	146	0.9649122807017544	computed		0	no_matched_functions		
jansson_pack_O0	jansson	pack	O0	ftdomains2	ftdomains2/bins/jansson_pack_O0.debug	ftdomains2/bins/jansson_pack_O0	1	1	ftdomains2/bir/jansson_pack_O0.bir	1532469	1	106	schemaA:functions=name->addr		377	326	24																		0b31b0b2a172f79408464f248d6e41f0ccb5367b	0b31b0b2a172f79408464f248d6e41f0ccb5367b	1	1	DYN	1	175	175	1.0	computed		0	no_matched_functions		
jansson_pack_O1	jansson	pack	O1	ftdomains2	ftdomains2/bins/jansson_pack_O1.debug	ftdomains2/bins/jansson_pack_O1	1	1	ftdomains2/bir/jansson_pack_O1.bir	943741	1	106	schemaA:functions=name->addr		149	97	24																		9a8ed5b1fd887967548aef4ac459048bbcc249b2	9a8ed5b1fd887967548aef4ac459048bbcc249b2	1	1	DYN	1	124	124	1.0	computed		0	no_matched_functions		
jansson_pack_O2	jansson	pack	O2	ftdomains2	ftdomains2/bins/jansson_pack_O2.debug	ftdomains2/bins/jansson_pack_O2	1	1	ftdomains2/bir/jansson_pack_O2.bir	1125987	1	106	schemaA:functions=name->addr		137	85	24																		f303fa3e4247fd0c20987fe59af3bdf108618936	f303fa3e4247fd0c20987fe59af3bdf108618936	1	1	DYN	1	122	122	0.9882352941176471	computed		0	no_matched_functions		
jansson_pack_O3	jansson	pack	O3	ftdomains2	ftdomains2/bins/jansson_pack_O3.debug	ftdomains2/bins/jansson_pack_O3	1	1	ftdomains2/bir/jansson_pack_O3.bir	1186843	1	106	schemaA:functions=name->addr		136	84	24																		b474aadbabdb4c2eaf11703e81ce23adf979629a	b474aadbabdb4c2eaf11703e81ce23adf979629a	1	1	DYN	1	121	121	0.9642857142857143	computed		0	no_matched_functions		
jansson_simple_O0	jansson	simple	O0	ftdomains2	ftdomains2/bins/jansson_simple_O0.debug	ftdomains2/bins/jansson_simple_O0	1	1	ftdomains2/bir/jansson_simple_O0.bir	746698	1	88	schemaA:functions=name->addr		303	258	21																		5a5ed8ca0f1593883ecbcb529b63203c07b7852f	5a5ed8ca0f1593883ecbcb529b63203c07b7852f	1	1	DYN	1	140	140	1.0	computed		0	no_matched_functions		
jansson_simple_O1	jansson	simple	O1	ftdomains2	ftdomains2/bins/jansson_simple_O1.debug	ftdomains2/bins/jansson_simple_O1	1	1	ftdomains2/bir/jansson_simple_O1.bir	448557	1	88	schemaA:functions=name->addr		125	79	21																		d1ddab35f140a6d0b883b76ada5ff9330c32af32	d1ddab35f140a6d0b883b76ada5ff9330c32af32	1	1	DYN	1	99	99	1.0	computed		0	no_matched_functions		
jansson_simple_O2	jansson	simple	O2	ftdomains2	ftdomains2/bins/jansson_simple_O2.debug	ftdomains2/bins/jansson_simple_O2	1	1	ftdomains2/bir/jansson_simple_O2.bir	417094	1	88	schemaA:functions=name->addr		113	67	21																		397d124b738b4d221283285a26ec761c2ef13142	397d124b738b4d221283285a26ec761c2ef13142	1	1	DYN	1	99	99	0.9850746268656716	computed		0	no_matched_functions		
jansson_simple_O3	jansson	simple	O3	ftdomains2	ftdomains2/bins/jansson_simple_O3.debug	ftdomains2/bins/jansson_simple_O3	1	1	ftdomains2/bir/jansson_simple_O3.bir	451901	1	88	schemaA:functions=name->addr		110	64	21																		f7c5b831c3a6bc8b8de3a1ab6ea1f554479cdad6	f7c5b831c3a6bc8b8de3a1ab6ea1f554479cdad6	1	1	DYN	1	99	99	0.9375	computed		0	no_matched_functions		
jansson_unpack_O0	jansson	unpack	O0	ftdomains2	ftdomains2/bins/jansson_unpack_O0.debug	ftdomains2/bins/jansson_unpack_O0	1	1	ftdomains2/bir/jansson_unpack_O0.bir	1375772	1	106	schemaA:functions=name->addr		374	323	24																		e4f109a93d22ab227507c94575242cfea429a1d2	e4f109a93d22ab227507c94575242cfea429a1d2	1	1	DYN	1	173	173	1.0	computed		0	no_matched_functions		
jansson_unpack_O1	jansson	unpack	O1	ftdomains2	ftdomains2/bins/jansson_unpack_O1.debug	ftdomains2/bins/jansson_unpack_O1	1	1	ftdomains2/bir/jansson_unpack_O1.bir	831869	1	106	schemaA:functions=name->addr		150	99	23																		1a7cf1ef506bd5cee5aeadaf7baaa1115bcb3507	1a7cf1ef506bd5cee5aeadaf7baaa1115bcb3507	1	1	DYN	1	125	125	1.0	computed		0	no_matched_functions		
jansson_unpack_O2	jansson	unpack	O2	ftdomains2	ftdomains2/bins/jansson_unpack_O2.debug	ftdomains2/bins/jansson_unpack_O2	1	1	ftdomains2/bir/jansson_unpack_O2.bir	985960	1	106	schemaA:functions=name->addr		141	90	23																		67d7829e10abc551452db294f0441e9c5baaec6e	67d7829e10abc551452db294f0441e9c5baaec6e	1	1	DYN	1	123	123	0.9888888888888889	computed		0	no_matched_functions		
jansson_unpack_O3	jansson	unpack	O3	ftdomains2	ftdomains2/bins/jansson_unpack_O3.debug	ftdomains2/bins/jansson_unpack_O3	1	1	ftdomains2/bir/jansson_unpack_O3.bir	1070620	1	106	schemaA:functions=name->addr		140	89	23																		0f4c6a662815c59f5399db934b3182078e0cd271	0f4c6a662815c59f5399db934b3182078e0cd271	1	1	DYN	1	122	122	0.9662921348314607	computed		0	no_matched_functions		
jq_jq_O0	jq	jq	O0	local_main;wulver	data/raw/jq_jq_O0_sym	data/stripped/jq_jq_O0_stripped	1	1	data/bir/jq_jq_O0.bir	7931320	1	776	schemaA:functions=name->addr		1888	1595	147	1548	0		train	train	train	train	train	0		1	1	1595	147	1548	0	1	9a8585e6e49f562b4510f200e98bc372aa65c0ba	9a8585e6e49f562b4510f200e98bc372aa65c0ba	1	1	DYN	1	803	803	1.0	archive	jq_jq_O2:0.992	1			dup_group_keeper:jq_jq_O2
jq_jq_O1	jq	jq	O1	local_main;wulver	data/raw/jq_jq_O1	data/stripped/jq_jq_O1_stripped	1	1	data/bir/jq_jq_O1.bir	8482436	1	1109	flat:addr->name		1206	916	144	910	0			train	train	train		0		1	1	916	144	910	0	1	923989775b88747fd821fd9d3dfc0bd3be168c6a	923989775b88747fd821fd9d3dfc0bd3be168c6a	1	1	EXEC	1	1110	1110	1.0	archive		1			
jq_jq_O2	jq	jq	O2	local_main;wulver	data/raw/jq_jq_O2_sym	data/stripped/jq_jq_O2_stripped	1	1	data/bir/jq_jq_O2.bir	7853148	1	774	schemaA:functions=name->addr		1879	1581	150	1537	0		train	train	train	train	train	0		1	1	1581	150	1537	0	1	7a0f7ea3a2b480733b3789fe82d29becfcd7d5b6	7a0f7ea3a2b480733b3789fe82d29becfcd7d5b6	1	1	DYN	1	799	799	1.0	archive	jq_jq_O0:0.992	0	duplicate_build_of:jq_jq_O0		
jq_jq_O3	jq	jq	O3	local_main;wulver	data/raw/jq_jq_O3	data/stripped/jq_jq_O3_stripped	1	1	data/bir/jq_jq_O3.bir	12588834	1	1027	flat:addr->name		1108	819	144	780	0			train	train	train		0		1	1	819	144	780	0	1	20b2f01c65a10154cec33288edecde9732075230	20b2f01c65a10154cec33288edecde9732075230	1	1	EXEC	1	1023	1023	0.98	archive		1			
less_less	less	less	default	local_main;wulver	data/raw/less_less_sym	data/stripped/less_less_stripped	1	1	data/bir/less_less.bir	3354070	1	469	schemaA:functions=name->addr		607	435	84	432	0		train	train	train	train	train	0		1	1	435	84	432	0	1	73f506735fe6b58c5e45f4d769a24b23378aa9b7	73f506735fe6b58c5e45f4d769a24b23378aa9b7	1	1	DYN	1	473	473	1.0	archive		1			
less_less_O0	less	less	O0	local_main;wulver	data/raw/less_less_O0_sym	data/stripped/less_less_O0_stripped	1	1	data/bir/less_less_O0.bir	3905939	1	626	schemaA:functions=name->addr		1413	1253	79	1250	0		train	train	train	train	train	0		1	1	1253	79	1250	0	1	a3dccada11e1f4bad7b3e2e6c74e1f8fb1e2085b	a3dccada11e1f4bad7b3e2e6c74e1f8fb1e2085b	1	1	DYN	1	631	631	1.0	archive		1			
less_less_O1	less	less	O1	local_main;wulver	data/raw/less_less_O1_sym	data/stripped/less_less_O1_stripped	1	1	data/bir/less_less_O1.bir	3001154	1	508	schemaA:functions=name->addr		656	489	86	487	0		train	train	train	train	train	0		1	1	489	86	487	0	1	9693f1bfdde280727f426aa96194b7ab6395b1fe	9693f1bfdde280727f426aa96194b7ab6395b1fe	1	1	DYN	1	513	513	0.9966666666666667	archive		1			
less_less_O2	less	less	O2	local_main;wulver	data/raw/less_less_O2_sym	data/stripped/less_less_O2_stripped	1	1	data/bir/less_less_O2.bir	3354070	1	469	schemaA:functions=name->addr		607	435	84	432	0		train	train	train	train	train	0		1	1	435	84	432	0	1	73f506735fe6b58c5e45f4d769a24b23378aa9b7	73f506735fe6b58c5e45f4d769a24b23378aa9b7	1	1	DYN	1	473	473	1.0	archive		1			
less_less_O3	less	less	O3	local_main;wulver	data/raw/less_less_O3_sym	data/stripped/less_less_O3_stripped	1	1	data/bir/less_less_O3.bir	4226425	1	446	schemaA:functions=name->addr		596	421	90	414	0		train	train	train	train	train	0		1	1	421	90	414	0	1	d74f8fb6b603219897f046862b5de14c3530475c	d74f8fb6b603219897f046862b5de14c3530475c	1	1	DYN	1	450	450	1.0	archive		1			
less_less_clang_O0	less	less_clang	O0	clang_train	clang_train/bins/less_less_clang_O0.debug	clang_train/bins/less_less_clang_O0	1	1	clang_train/bir/less_less_clang_O0.bir	3998615	1	626	schemaA:functions=name->addr		787	626	80			626															29f543569f568da93042e8332c35ed6d73698a94	29f543569f568da93042e8332c35ed6d73698a94	1	1	DYN	1	630	630	1.0	computed		1			
less_less_clang_O1	less	less_clang	O1	clang_train	clang_train/bins/less_less_clang_O1.debug	clang_train/bins/less_less_clang_O1	1	1	clang_train/bir/less_less_clang_O1.bir	3142859	1	439	schemaA:functions=name->addr		559	396	80			394															ed593cb947b588d16777ccb235db4ceb010c3253	ed593cb947b588d16777ccb235db4ceb010c3253	1	1	DYN	1	442	442	0.9766666666666667	computed		1			
less_less_clang_O2	less	less_clang	O2	clang_train	clang_train/bins/less_less_clang_O2.debug	clang_train/bins/less_less_clang_O2	1	1	clang_train/bir/less_less_clang_O2.bir	3194795	1	439	schemaA:functions=name->addr		541	378	80			378															84bd7b19aa266e0ff95974ee8e52800f2eabac1d	84bd7b19aa266e0ff95974ee8e52800f2eabac1d	1	1	DYN	1	442	442	0.9766666666666667	computed		1			
less_less_clang_O3	less	less_clang	O3	clang_train	clang_train/bins/less_less_clang_O3.debug	clang_train/bins/less_less_clang_O3	1	1	clang_train/bir/less_less_clang_O3.bir	3359960	1	438	schemaA:functions=name->addr		544	381	80			377															4ed26af366e262a9712e74d6327b69e6e7683907	4ed26af366e262a9712e74d6327b69e6e7683907	1	1	DYN	1	441	441	0.9733333333333334	computed		1			
less_lessecho	less	lessecho	default	local_main;wulver	data/raw/less_lessecho_sym	data/stripped/less_lessecho_stripped	1	1	data/bir/less_lessecho.bir	48585	1	4	schemaA:functions=name->addr		36	5	14	3	0		train	train	train	train	train	0		1	1	5	14	3	0	1	86adb99eb910060f1a8c88eb19ce3d08c889ae40	86adb99eb910060f1a8c88eb19ce3d08c889ae40	1	1	DYN	1	8	8	1.0	archive		1			
less_lessecho_O0	less	lessecho	O0	local_main;wulver	data/raw/less_lessecho_O0_sym	data/stripped/less_lessecho_O0_stripped	1	1	data/bir/less_lessecho_O0.bir	64426	1	7	schemaA:functions=name->addr		46	14	14	13	0		test	test	test	test	test	0		1	1	14	14	13	0	1	ebd69b389dce451e3ba39813ca81ebc1753f873c	ebd69b389dce451e3ba39813ca81ebc1753f873c	1	1	DYN	1	11	11	1.0	archive		1			
less_lessecho_O1	less	lessecho	O1	local_main;wulver	data/raw/less_lessecho_O1_sym	data/stripped/less_lessecho_O1_stripped	1	1	data/bir/less_lessecho_O1.bir	45522	1	4	schemaA:functions=name->addr		36	4	18	3	0		train	train	train	train	train	0		1	1	4	18	3	0	1	0e2cea3ec2324b241cf912d375cf1c89fa77912f	0e2cea3ec2324b241cf912d375cf1c89fa77912f	1	1	DYN	1	8	8	1.0	archive		1			
less_lessecho_O2	less	lessecho	O2	local_main;wulver	data/raw/less_lessecho_O2_sym	data/stripped/less_lessecho_O2_stripped	1	1	data/bir/less_lessecho_O2.bir	48585	1	4	schemaA:functions=name->addr		36	5	14	3	0		train	train	train	train	train	0		1	1	5	14	3	0	1	86adb99eb910060f1a8c88eb19ce3d08c889ae40	86adb99eb910060f1a8c88eb19ce3d08c889ae40	1	1	DYN	1	8	8	1.0	archive		1			
less_lessecho_O3	less	lessecho	O3	local_main;wulver	data/raw/less_lessecho_O3_sym	data/stripped/less_lessecho_O3_stripped	1	1	data/bir/less_lessecho_O3.bir	50123	1	4	schemaA:functions=name->addr		36	5	17	3	0		train	train	train	train	train	0		1	1	5	17	3	0	1	ff1f3f7570caee8763f717bfde7099e44ebeb535	ff1f3f7570caee8763f717bfde7099e44ebeb535	1	1	DYN	1	8	8	1.0	archive		1			
less_lessecho_clang_O0	less	lessecho_clang	O0	clang_train	clang_train/bins/less_lessecho_clang_O0.debug	clang_train/bins/less_lessecho_clang_O0	1	1	clang_train/bir/less_lessecho_clang_O0.bir	67733	1	7	schemaA:functions=name->addr		34	7	12			7															eb1aa22c11a91305b9cefdd727d75a9d19ac515a	eb1aa22c11a91305b9cefdd727d75a9d19ac515a	1	1	DYN	1	10	10	1.0	computed		1			
less_lessecho_clang_O1	less	lessecho_clang	O1	clang_train	clang_train/bins/less_lessecho_clang_O1.debug	clang_train/bins/less_lessecho_clang_O1	1	1	clang_train/bir/less_lessecho_clang_O1.bir	25657	1	3	schemaA:functions=name->addr		33	3	13			2															87b2619e61cc9807d09421d61580189e74724d46	87b2619e61cc9807d09421d61580189e74724d46	1	1	DYN	1	6	6	1.0	computed		1			
less_lessecho_clang_O2	less	lessecho_clang	O2	clang_train	clang_train/bins/less_lessecho_clang_O2.debug	clang_train/bins/less_lessecho_clang_O2	1	1	clang_train/bir/less_lessecho_clang_O2.bir	26149	1	3	schemaA:functions=name->addr		33	3	13			2															5cf54ea20572c16a3b7685c289c8f9a4a393f604	5cf54ea20572c16a3b7685c289c8f9a4a393f604	1	1	DYN	1	6	6	1.0	computed		1			
less_lessecho_clang_O3	less	lessecho_clang	O3	clang_train	clang_train/bins/less_lessecho_clang_O3.debug	clang_train/bins/less_lessecho_clang_O3	1	1	clang_train/bir/less_lessecho_clang_O3.bir	26153	1	3	schemaA:functions=name->addr		33	3	13			2															e9517fbaa953937e338f5f3e95a6bfa34ef83353	e9517fbaa953937e338f5f3e95a6bfa34ef83353	1	1	DYN	1	6	6	1.0	computed		1			
less_lesskey	less	lesskey	default	local_main;wulver	data/raw/less_lesskey_sym	data/stripped/less_lesskey_stripped	1	1	data/bir/less_lesskey.bir	145484	1	23	schemaA:functions=name->addr		64	19	21	17	0		train	train	train	train	train	0		1	1	19	21	17	0	1	980d7f9401eb68ba6c23403e4be932691e64561b	980d7f9401eb68ba6c23403e4be932691e64561b	1	1	DYN	1	27	27	1.0	archive		1			
less_lesskey_O0	less	lesskey	O0	local_main;wulver	data/raw/less_lesskey_O0_sym	data/stripped/less_lesskey_O0_stripped	1	1	data/bir/less_lesskey_O0.bir	212824	1	42	schemaA:functions=name->addr		135	84	23	83	0		train	train	train	train	train	0		1	1	84	23	83	0	1	58be5430dc3f4c62b4217feae9b39ae5d4df46c6	58be5430dc3f4c62b4217feae9b39ae5d4df46c6	1	1	DYN	1	46	46	1.0	archive		1			
less_lesskey_O1	less	lesskey	O1	local_main;wulver	data/raw/less_lesskey_O1_sym	data/stripped/less_lesskey_O1_stripped	1	1	data/bir/less_lesskey_O1.bir	144947	1	27	schemaA:functions=name->addr		73	23	27	22	0		train	train	train	train	train	0		1	1	23	27	22	0	1	3767b28e82cec479b48a92d9cbe1effd798270a0	3767b28e82cec479b48a92d9cbe1effd798270a0	1	1	DYN	1	31	31	1.0	archive		1			
less_lesskey_O2	less	lesskey	O2	local_main;wulver	data/raw/less_lesskey_O2_sym	data/stripped/less_lesskey_O2_stripped	1	1	data/bir/less_lesskey_O2.bir	145484	1	23	schemaA:functions=name->addr		64	19	21	17	0		val	val	val	val	val	0		1	1	19	21	17	0	1	980d7f9401eb68ba6c23403e4be932691e64561b	980d7f9401eb68ba6c23403e4be932691e64561b	1	1	DYN	1	27	27	1.0	archive		1			
less_lesskey_O3	less	lesskey	O3	local_main;wulver	data/raw/less_lesskey_O3_sym	data/stripped/less_lesskey_O3_stripped	1	1	data/bir/less_lesskey_O3.bir	173200	1	21	schemaA:functions=name->addr		64	17	25	15	0		train	train	train	train	train	0		1	1	17	25	15	0	1	36dba425b0a31219388c8333fe04cb243021e472	36dba425b0a31219388c8333fe04cb243021e472	1	1	DYN	1	25	25	1.0	archive		1			
less_lesskey_clang_O0	less	lesskey_clang	O0	clang_train	clang_train/bins/less_lesskey_clang_O0.debug	clang_train/bins/less_lesskey_clang_O0	1	1	clang_train/bir/less_lesskey_clang_O0.bir	204988	1	42	schemaA:functions=name->addr		92	42	23			42															abddd1b28f88e64a0c4f163653ace77e4229aaf2	abddd1b28f88e64a0c4f163653ace77e4229aaf2	1	1	DYN	1	45	45	1.0	computed		1			
less_lesskey_clang_O1	less	lesskey_clang	O1	clang_train	clang_train/bins/less_lesskey_clang_O1.debug	clang_train/bins/less_lesskey_clang_O1	1	1	clang_train/bir/less_lesskey_clang_O1.bir	107141	1	20	schemaA:functions=name->addr		64	14	23			13															3660edd466746fc99ff82244df77d649965ed1fe	3660edd466746fc99ff82244df77d649965ed1fe	1	1	DYN	1	23	23	1.0	computed		1			
less_lesskey_clang_O2	less	lesskey_clang	O2	clang_train	clang_train/bins/less_lesskey_clang_O2.debug	clang_train/bins/less_lesskey_clang_O2	1	1	clang_train/bir/less_lesskey_clang_O2.bir	101115	1	20	schemaA:functions=name->addr		64	14	23			13															523b55fd0374810c6a14b701fc24ccd5c7535fa5	523b55fd0374810c6a14b701fc24ccd5c7535fa5	1	1	DYN	1	23	23	1.0	computed		1			
less_lesskey_clang_O3	less	lesskey_clang	O3	clang_train	clang_train/bins/less_lesskey_clang_O3.debug	clang_train/bins/less_lesskey_clang_O3	1	1	clang_train/bir/less_lesskey_clang_O3.bir	101687	1	20	schemaA:functions=name->addr		64	14	23			13															1acecf9461027fabac90a105f8113be1bad89a19	1acecf9461027fabac90a105f8113be1bad89a19	1	1	DYN	1	23	23	1.0	computed		1			
libarchive_bsdcat_O0	libarchive	bsdcat	O0	local_main;wulver		data/stripped/libarchive_bsdcat_O0	0	1	data/bir/libarchive_bsdcat_O0.bir	1438372	1	57	schemaA:functions=name->addr		518	408	52	113	0		train	train	train	train	train	0		1	1	408	52	113	0	1	b2234390d0e70c70f2f5307626d4cafd1ef2b15f				DYN	1	211		1.0	archive		0	no_debug_elf		
libarchive_bsdcat_O1	libarchive	bsdcat	O1	local_main;wulver	data/raw/libarchive_bsdcat_O1_sym	data/stripped/libarchive_bsdcat_O1_stripped	1	1	data/bir/libarchive_bsdcat_O1.bir	880456	1	186	schemaA:functions=addr->name		268	158	52	158	0			train	train	train		0		1	0			158	0	1	3980e1432d47f40c814ca28c0f8d9c9818567f19	3980e1432d47f40c814ca28c0f8d9c9818567f19	1	1	DYN	1	183	183	1.0	archive		1			
libarchive_bsdcat_O2	libarchive	bsdcat	O2	local_main;wulver		data/stripped/libarchive_bsdcat_O2	0	1	data/bir/libarchive_bsdcat_O2.bir	884582	1	50	schemaA:functions=name->addr		252	146	50	49	0		train	train	train	train	train	0		1	1	146	50	49	0	1	f4e2a5988aba69b5e5ae1baffe887f29eb0cda20				DYN	1	179		1.0	archive		0	no_debug_elf		
libarchive_bsdcat_O3	libarchive	bsdcat	O3	local_main;wulver	data/raw/libarchive_bsdcat_O3_sym	data/stripped/libarchive_bsdcat_O3_stripped	1	1	data/bir/libarchive_bsdcat_O3.bir	959530	1	168	schemaA:functions=addr->name		242	134	51	134	0			train	train	train		0		1	0			134	0	1	1705de81b9612e0e2de67795191faf01a2126d56	1705de81b9612e0e2de67795191faf01a2126d56	1	1	DYN	1	165	165	1.0	archive		1			
libarchive_bsdcat_clang_O0	libarchive	bsdcat_clang	O0	clang_train	clang_train/bins/libarchive_bsdcat_clang_O0.debug	clang_train/bins/libarchive_bsdcat_clang_O0	1	1	clang_train/bir/libarchive_bsdcat_clang_O0.bir	1343365	1	204	schemaA:functions=name->addr		314	207	51			204															0bfaa92117aa18756e0089002eaf40579d18d6c5	0bfaa92117aa18756e0089002eaf40579d18d6c5	1	1	DYN	1	210	210	1.0	computed		1			
libarchive_bsdcat_clang_O1	libarchive	bsdcat_clang	O1	clang_train	clang_train/bins/libarchive_bsdcat_clang_O1.debug	clang_train/bins/libarchive_bsdcat_clang_O1	1	1	clang_train/bir/libarchive_bsdcat_clang_O1.bir	622516	1	161	schemaA:functions=name->addr		215	107	51			106															58bea046dfacd198c5d692ceeb4e7dbfa9c258c1	58bea046dfacd198c5d692ceeb4e7dbfa9c258c1	1	1	DYN	1	164	164	0.9719626168224299	computed		1			
libarchive_bsdcat_clang_O2	libarchive	bsdcat_clang	O2	clang_train	clang_train/bins/libarchive_bsdcat_clang_O2.debug	clang_train/bins/libarchive_bsdcat_clang_O2	1	1	clang_train/bir/libarchive_bsdcat_clang_O2.bir	610191	1	159	schemaA:functions=name->addr		208	100	51			99															b074308edb9e5bc5dcfe20a99303fecbbe6bba6a	b074308edb9e5bc5dcfe20a99303fecbbe6bba6a	1	1	DYN	1	162	162	0.97	computed		1			
libarchive_bsdcat_clang_O3	libarchive	bsdcat_clang	O3	clang_train	clang_train/bins/libarchive_bsdcat_clang_O3.debug	clang_train/bins/libarchive_bsdcat_clang_O3	1	1	clang_train/bir/libarchive_bsdcat_clang_O3.bir	643781	1	158	schemaA:functions=name->addr		208	100	51			99															f0cdaa7bc5021f40a2d3320456a3d3e9f2213e64	f0cdaa7bc5021f40a2d3320456a3d3e9f2213e64	1	1	DYN	1	161	161	0.97	computed		1			
libarchive_bsdcpio_O0	libarchive	bsdcpio	O0	local_main;wulver		data/stripped/libarchive_bsdcpio_O0	0	1	data/bir/libarchive_bsdcpio_O0.bir	19127107	1	265	schemaA:functions=name->addr		3886	3538	171	529	0		train	train	train	train	train	0		1	1	3538	171	529	0	1	4bc0595f8a1bef82c3e420c98cb59b67ba3f1388				DYN	1	1823		1.0	archive		0	no_debug_elf		
libarchive_bsdcpio_O1	libarchive	bsdcpio	O1	local_main;wulver	data/raw/libarchive_bsdcpio_O1_sym	data/stripped/libarchive_bsdcpio_O1_stripped	1	1	data/bir/libarchive_bsdcpio_O1.bir	13655430	1	1281	schemaA:functions=addr->name		1645	1183	228	1182	0			train	train	train		0		1	0			1182	0	1	88d140251ba61f6362abf6033f3a54e0babf2cee	88d140251ba61f6362abf6033f3a54e0babf2cee	1	1	DYN	1	1333	1333	0.99	archive		1			
libarchive_bsdcpio_O2	libarchive	bsdcpio	O2	local_main;wulver		data/stripped/libarchive_bsdcpio_O2	0	1	data/bir/libarchive_bsdcpio_O2.bir	13330065	1	258	schemaA:functions=name->addr		1326	972	174	250	0		train	train	train	train	train	0		1	1	972	174	250	0	1	2bd32c9f1b0fb0dfbf25cbb361b168bb82d4fddf				DYN	1	1140		0.9966666666666667	archive		0	no_debug_elf		
libarchive_bsdcpio_O3	libarchive	bsdcpio	O3	local_main;wulver	data/raw/libarchive_bsdcpio_O3_sym	data/stripped/libarchive_bsdcpio_O3_stripped	1	1	data/bir/libarchive_bsdcpio_O3.bir	18429061	1	1093	schemaA:functions=addr->name		1437	975	227	966	0			train	train	train		0		1	0			966	0	1	349375baddf77155835a5f72541042ebfb9eaa55	349375baddf77155835a5f72541042ebfb9eaa55	1	1	DYN	1	1119	1119	0.9966666666666667	archive		1			
libarchive_bsdcpio_clang_O0	libarchive	bsdcpio_clang	O0	clang_train	clang_train/bins/libarchive_bsdcpio_clang_O0.debug	clang_train/bins/libarchive_bsdcpio_clang_O0	1	1	clang_train/bir/libarchive_bsdcpio_clang_O0.bir	19017662	1	1712	schemaA:functions=name->addr		2164	1819	170			1712															7be5bcbc109d0bb84a4ad599b53408fd8be73517	7be5bcbc109d0bb84a4ad599b53408fd8be73517	1	1	DYN	1	1822	1822	1.0	computed		1			
libarchive_bsdcpio_clang_O1	libarchive	bsdcpio_clang	O1	clang_train	clang_train/bins/libarchive_bsdcpio_clang_O1.debug	clang_train/bins/libarchive_bsdcpio_clang_O1	1	1	clang_train/bir/libarchive_bsdcpio_clang_O1.bir	9360579	1	1062	schemaA:functions=name->addr		1022	680	168			670															cf157d8e0ef243580e46bd28947dde17e096800e	cf157d8e0ef243580e46bd28947dde17e096800e	1	1	DYN	1	1092	1092	0.9866666666666667	computed		1			
libarchive_bsdcpio_clang_O2	libarchive	bsdcpio_clang	O2	clang_train	clang_train/bins/libarchive_bsdcpio_clang_O2.debug	clang_train/bins/libarchive_bsdcpio_clang_O2	1	1	clang_train/bir/libarchive_bsdcpio_clang_O2.bir	9576159	1	1055	schemaA:functions=name->addr		991	649	168			640															48dac478fae01ce20be2b8c292bf73e1329d4f15	48dac478fae01ce20be2b8c292bf73e1329d4f15	1	1	DYN	1	1085	1085	0.9833333333333333	computed		1			
libarchive_bsdcpio_clang_O3	libarchive	bsdcpio_clang	O3	clang_train	clang_train/bins/libarchive_bsdcpio_clang_O3.debug	clang_train/bins/libarchive_bsdcpio_clang_O3	1	1	clang_train/bir/libarchive_bsdcpio_clang_O3.bir	9989501	1	1043	schemaA:functions=name->addr		980	638	168			629															615a06fb9806d931ffb74933eb11e3b4ef940843	615a06fb9806d931ffb74933eb11e3b4ef940843	1	1	DYN	1	1073	1073	0.9833333333333333	computed		1			
libarchive_bsdtar_O0	libarchive	bsdtar	O0	local_main;wulver		data/stripped/libarchive_bsdtar_O0	0	1	data/bir/libarchive_bsdtar_O0.bir	20092535	1	302	schemaA:functions=name->addr		4130	3778	173	603	0		train	train	train	train	train	0		1	1	3778	173	603	0	1	009557499105eb5f2e076c2f7a2473c5c38b56ff				DYN	1	1943		1.0	archive		0	no_debug_elf		
libarchive_bsdtar_O1	libarchive	bsdtar	O1	local_main;wulver	data/raw/libarchive_bsdtar_O1_sym	data/stripped/libarchive_bsdtar_O1_stripped	1	1	data/bir/libarchive_bsdtar_O1.bir	14374238	1	1382	schemaA:functions=addr->name		1744	1276	231	1275	0			train	train	train		0		1	0			1275	0	1	5dad1c105ef76aa34a8d996904794999af9d2cec	5dad1c105ef76aa34a8d996904794999af9d2cec	1	1	DYN	1	1438	1438	1.0	archive		1			
libarchive_bsdtar_O2	libarchive	bsdtar	O2	local_main;wulver		data/stripped/libarchive_bsdtar_O2	0	1	data/bir/libarchive_bsdtar_O2.bir	14049855	1	293	schemaA:functions=name->addr		1421	1061	177	282	0		train	train	train	train	train	0		1	1	1061	177	282	0	1	16e185a4794c1c2f31b60a98dbaf81ee8d82a52a				DYN	1	1239		1.0	archive		0	no_debug_elf		
libarchive_bsdtar_O3	libarchive	bsdtar	O3	local_main;wulver	data/raw/libarchive_bsdtar_O3_sym	data/stripped/libarchive_bsdtar_O3_stripped	1	1	data/bir/libarchive_bsdtar_O3.bir	19217636	1	1183	schemaA:functions=addr->name		1532	1062	231	1053	0			train	train	train		0		1	0			1053	0	1	a0b9a6ad1029bb61316ef7d53c4320dfe3abd690	a0b9a6ad1029bb61316ef7d53c4320dfe3abd690	1	1	DYN	1	1216	1216	1.0	archive		1			
libarchive_bsdtar_clang_O0	libarchive	bsdtar_clang	O0	clang_train	clang_train/bins/libarchive_bsdtar_clang_O0.debug	clang_train/bins/libarchive_bsdtar_clang_O0	1	1	clang_train/bir/libarchive_bsdtar_clang_O0.bir	19996128	1	1829	schemaA:functions=name->addr		2288	1939	172			1829															33ddfca487f7e97aeaa0c38aebe3398b67c8174f	33ddfca487f7e97aeaa0c38aebe3398b67c8174f	1	1	DYN	1	1942	1942	1.0	computed		1			
libarchive_bsdtar_clang_O1	libarchive	bsdtar_clang	O1	clang_train	clang_train/bins/libarchive_bsdtar_clang_O1.debug	clang_train/bins/libarchive_bsdtar_clang_O1	1	1	clang_train/bir/libarchive_bsdtar_clang_O1.bir	10069272	1	1149	schemaA:functions=name->addr		1094	746	171			736															548aba6507367bd9067ad7788d00c47fbbe0e4a3	548aba6507367bd9067ad7788d00c47fbbe0e4a3	1	1	DYN	1	1186	1186	0.9833333333333333	computed		1			
libarchive_bsdtar_clang_O2	libarchive	bsdtar_clang	O2	clang_train	clang_train/bins/libarchive_bsdtar_clang_O2.debug	clang_train/bins/libarchive_bsdtar_clang_O2	1	1	clang_train/bir/libarchive_bsdtar_clang_O2.bir	10245728	1	1140	schemaA:functions=name->addr		1066	718	171			709															1f831c28121136b216e4e30419cf588d4586b08c	1f831c28121136b216e4e30419cf588d4586b08c	1	1	DYN	1	1177	1177	0.9566666666666667	computed		1			
libarchive_bsdtar_clang_O3	libarchive	bsdtar_clang	O3	clang_train	clang_train/bins/libarchive_bsdtar_clang_O3.debug	clang_train/bins/libarchive_bsdtar_clang_O3	1	1	clang_train/bir/libarchive_bsdtar_clang_O3.bir	10629161	1	1130	schemaA:functions=name->addr		1054	706	171			697															e5f9e843d7ba542b6b8a1ed69966f2f1e9d2afce	e5f9e843d7ba542b6b8a1ed69966f2f1e9d2afce	1	1	DYN	1	1167	1167	0.9833333333333333	computed		1			
libpng_pngtest_O0	libpng	pngtest	O0	local_main;wulver		data/stripped/libpng_pngtest_O0	0	1	data/bir/libpng_pngtest_O0.bir	6881133	1	378	schemaA:functions=name->addr		1127	1024	52	755	0		train	train	train	train	train	0		1	1	1024	52	755	0	1	b8796564aedb61a0c426277156f2b50bc7872079				DYN	1	516		1.0	archive		0	no_debug_elf		
libpng_pngtest_O1	libpng	pngtest	O1	local_main;wulver	data/raw/libpng_pngtest_O1_sym	data/stripped/libpng_pngtest_O1_stripped	1	1	data/bir/libpng_pngtest_O1.bir	198894	1	19	schemaA:functions=addr->name		211	7	100	7	0			train	train	train		0		1	0			7	0	1	6c0f803721a53087dff2499137024eb7bacea394	6c0f803721a53087dff2499137024eb7bacea394	1	1	DYN	1	16	16	1.0	archive		1			
libpng_pngtest_O2	libpng	pngtest	O2	local_main;wulver		data/stripped/libpng_pngtest_O2	0	1	data/bir/libpng_pngtest_O2.bir	4875465	1	378	schemaA:functions=name->addr		450	345	53	277	0		train	train	train	train	train	0		1	1	345	53	277	0	1	995c0759d11a4792431fdb31e06fe38b3ba4be1d				DYN	1	461		1.0	archive		0	no_debug_elf		
libpng_pngtest_O3	libpng	pngtest	O3	local_main;wulver	data/raw/libpng_pngtest_O3_sym	data/stripped/libpng_pngtest_O3_stripped	1	1	data/bir/libpng_pngtest_O3.bir	215649	1	17	schemaA:functions=addr->name		210	7	100	7	0			train	train	train		0		1	0			7	0	1	c96f03e5df245f05cdcdaff2e3912cec9a1da05a	c96f03e5df245f05cdcdaff2e3912cec9a1da05a	1	1	DYN	1	14	14	1.0	archive		1			
libsodium_aead_aegis128l_O0	libsodium	aead_aegis128l	O0	local_main;wulver		data/stripped/libsodium_aead_aegis128l_O0	0	1	data/bir/libsodium_aead_aegis128l_O0.bir	25442904	1	134	schemaA:functions=name->addr		913	831	38	263	0		train	train	train	train	train	0		1	1	831	38	263	0	1	3395b91c9480a7f774891b2494484b046792baa8				DYN	1	461		1.0	archive		0	no_debug_elf		
libsodium_aead_aegis128l_O2	libsodium	aead_aegis128l	O2	local_main;wulver		data/stripped/libsodium_aead_aegis128l_O2	0	1	data/bir/libsodium_aead_aegis128l_O2.bir	8001048	1	138	schemaA:functions=name->addr		289	205	39	62	0		train	train	train	train	train	0		1	1	205	39	62	0	1	d6c24d6784546e563b6ec780fff7a320a9a198c7				DYN	1	296		0.9853658536585366	archive		0	no_debug_elf		
libsodium_box_O0	libsodium	box	O0	ftdomains	ftdomains/bins/libsodium_box_O0.debug	ftdomains/bins/libsodium_box_O0	1	1	ftdomains/bir/libsodium_box_O0.bir	26431911	1	435	schemaA:functions=name->addr		1027	949	36																		176306e772b1cd475ef7ffce81295dd5744ecd1e	176306e772b1cd475ef7ffce81295dd5744ecd1e	1	1	DYN	1	543	543	1.0	computed		0	no_matched_functions		
libsodium_box_O1	libsodium	box	O1	ftdomains	ftdomains/bins/libsodium_box_O1.debug	ftdomains/bins/libsodium_box_O1	1	1	ftdomains/bir/libsodium_box_O1.bir	8182139	1	320	schemaA:functions=name->addr		337	257	37																		e630ae77353e28f81688f4e3d4dbd949b428226a	e630ae77353e28f81688f4e3d4dbd949b428226a	1	1	DYN	1	350	350	0.9883268482490273	computed		0	no_matched_functions		
libsodium_box_O2	libsodium	box	O2	ftdomains	ftdomains/bins/libsodium_box_O2.debug	ftdomains/bins/libsodium_box_O2	1	1	ftdomains/bir/libsodium_box_O2.bir	8625001	1	314	schemaA:functions=name->addr		309	229	37																		21de171e25df0a1e6d41b1f0e21757788a8abcbc	21de171e25df0a1e6d41b1f0e21757788a8abcbc	1	1	DYN	1	342	342	1.0	computed		0	no_matched_functions		
libsodium_box_O3	libsodium	box	O3	ftdomains	ftdomains/bins/libsodium_box_O3.debug	ftdomains/bins/libsodium_box_O3	1	1	ftdomains/bir/libsodium_box_O3.bir	9982018	1	307	schemaA:functions=name->addr		302	222	37																		71ba0e70232512d2acbbefff71a47d7239ff23b3	71ba0e70232512d2acbbefff71a47d7239ff23b3	1	1	DYN	1	335	335	0.9954954954954955	computed		0	no_matched_functions		
libsodium_box_clang_O0	libsodium	box_clang	O0	clang_train	clang_train/bins/libsodium_box_clang_O0.debug	clang_train/bins/libsodium_box_clang_O0	1	1	clang_train/bir/libsodium_box_clang_O0.bir	23858371	1	434	schemaA:functions=name->addr		615	538	36			426															1b7d142792e05a803176865e45900d5150fcf7c6	1b7d142792e05a803176865e45900d5150fcf7c6	1	1	DYN	1	537	537	1.0	computed		1			
libsodium_box_clang_O1	libsodium	box_clang	O1	clang_train	clang_train/bins/libsodium_box_clang_O1.debug	clang_train/bins/libsodium_box_clang_O1	1	1	clang_train/bir/libsodium_box_clang_O1.bir	7926648	1	309	schemaA:functions=name->addr		250	170	37			151															c0aea7acac6372df7f5bb7fb4f4e830c5c2d9d5b	c0aea7acac6372df7f5bb7fb4f4e830c5c2d9d5b	1	1	DYN	1	334	334	0.9941176470588236	computed		1			
libsodium_box_clang_O2	libsodium	box_clang	O2	clang_train	clang_train/bins/libsodium_box_clang_O2.debug	clang_train/bins/libsodium_box_clang_O2	1	1	clang_train/bir/libsodium_box_clang_O2.bir	8064153	1	310	schemaA:functions=name->addr		245	165	37			146															7a478c69e5ce960ec7106fe8495f3ba9272e549d	7a478c69e5ce960ec7106fe8495f3ba9272e549d	1	1	DYN	1	335	335	0.9939393939393939	computed		1			
libsodium_box_clang_O3	libsodium	box_clang	O3	clang_train	clang_train/bins/libsodium_box_clang_O3.debug	clang_train/bins/libsodium_box_clang_O3	1	1	clang_train/bir/libsodium_box_clang_O3.bir	8223388	1	306	schemaA:functions=name->addr		240	160	37			141															846e265c9e845d46b980bad14a3ceffd84626322	846e265c9e845d46b980bad14a3ceffd84626322	1	1	DYN	1	331	331	0.99375	computed		1			
libsodium_generichash_O0	libsodium	generichash	O0	ftdomains	ftdomains/bins/libsodium_generichash_O0.debug	ftdomains/bins/libsodium_generichash_O0	1	1	ftdomains/bir/libsodium_generichash_O0.bir	26037484	1	416	schemaA:functions=name->addr		997	909	41																		f079910a08b56d130ca7c6c3fbab58e683d26bf9	f079910a08b56d130ca7c6c3fbab58e683d26bf9	1	1	DYN	1	520	520	1.0	computed		0	no_matched_functions		
libsodium_generichash_O1	libsodium	generichash	O1	ftdomains	ftdomains/bins/libsodium_generichash_O1.debug	ftdomains/bins/libsodium_generichash_O1	1	1	ftdomains/bir/libsodium_generichash_O1.bir	8252730	1	298	schemaA:functions=name->addr		326	236	42																		223851fe379bb4997617879d81c5d35c0dc89cb9	223851fe379bb4997617879d81c5d35c0dc89cb9	1	1	DYN	1	328	328	0.9872881355932204	computed		0	no_matched_functions		
libsodium_generichash_O2	libsodium	generichash	O2	ftdomains	ftdomains/bins/libsodium_generichash_O2.debug	ftdomains/bins/libsodium_generichash_O2	1	1	ftdomains/bir/libsodium_generichash_O2.bir	8520269	1	292	schemaA:functions=name->addr		299	211	41																		9ad44eeeeb34168bca054e8e69546b1d96ba09e3	9ad44eeeeb34168bca054e8e69546b1d96ba09e3	1	1	DYN	1	320	320	1.0	computed		0	no_matched_functions		
libsodium_generichash_O3	libsodium	generichash	O3	ftdomains	ftdomains/bins/libsodium_generichash_O3.debug	ftdomains/bins/libsodium_generichash_O3	1	1	ftdomains/bir/libsodium_generichash_O3.bir	9915912	1	282	schemaA:functions=name->addr		289	201	41																		2afb0d3e62212c14b1b9a9a35d7b16c9d7a4062a	2afb0d3e62212c14b1b9a9a35d7b16c9d7a4062a	1	1	DYN	1	310	310	0.9950248756218906	computed		0	no_matched_functions		
libsodium_generichash_clang_O0	libsodium	generichash_clang	O0	clang_train	clang_train/bins/libsodium_generichash_clang_O0.debug	clang_train/bins/libsodium_generichash_clang_O0	1	1	clang_train/bir/libsodium_generichash_clang_O0.bir	23500792	1	415	schemaA:functions=name->addr		602	515	41			407															deb140962fad5e7039c6aa84fac41e6d3b7d1e14	deb140962fad5e7039c6aa84fac41e6d3b7d1e14	1	1	DYN	1	514	514	1.0	computed		1			
libsodium_generichash_clang_O1	libsodium	generichash_clang	O1	clang_train	clang_train/bins/libsodium_generichash_clang_O1.debug	clang_train/bins/libsodium_generichash_clang_O1	1	1	clang_train/bir/libsodium_generichash_clang_O1.bir	8276892	1	284	schemaA:functions=name->addr		233	143	42			124															9cf36093848d0722cb1e246a4e1f864f7d0c22e3	9cf36093848d0722cb1e246a4e1f864f7d0c22e3	1	1	DYN	1	309	309	0.993006993006993	computed		1			
libsodium_generichash_clang_O2	libsodium	generichash_clang	O2	clang_train	clang_train/bins/libsodium_generichash_clang_O2.debug	clang_train/bins/libsodium_generichash_clang_O2	1	1	clang_train/bir/libsodium_generichash_clang_O2.bir	8380230	1	286	schemaA:functions=name->addr		235	145	42			126															9ede3498c20ce6c751515927196c8088f56560e4	9ede3498c20ce6c751515927196c8088f56560e4	1	1	DYN	1	311	311	0.993103448275862	computed		1			
libsodium_generichash_clang_O3	libsodium	generichash_clang	O3	clang_train	clang_train/bins/libsodium_generichash_clang_O3.debug	clang_train/bins/libsodium_generichash_clang_O3	1	1	clang_train/bir/libsodium_generichash_clang_O3.bir	8548409	1	282	schemaA:functions=name->addr		230	140	42			121															e9dc011854774a83fd20a6fc59f410fff674265a	e9dc011854774a83fd20a6fc59f410fff674265a	1	1	DYN	1	307	307	0.9928571428571429	computed		1			
libsodium_hash_O0	libsodium	hash	O0	local_main;wulver		data/stripped/libsodium_hash_O0	0	1	data/bir/libsodium_hash_O0.bir	26425661	1	144	schemaA:functions=name->addr		938	860	36	283	0		train	train	train	train	train	0		1	1	860	36	283	0	1	f31e9139cf96b2d771d8de90f5d485b854c20c04				DYN	1	479		1.0	archive		0	no_debug_elf		
libsodium_hash_O2	libsodium	hash	O2	local_main;wulver		data/stripped/libsodium_hash_O2	0	1	data/bir/libsodium_hash_O2.bir	8326134	1	148	schemaA:functions=name->addr		287	207	37	62	0		train	train	train	train	train	0		1	1	207	37	62	0	1	d16823a135d4aeb48c768b4616b0e5c9095f3553				DYN	1	308		0.9855072463768116	archive		0	no_debug_elf		
libsodium_keygen_O0	libsodium	keygen	O0	local_main;wulver		data/stripped/libsodium_keygen_O0	0	1	data/bir/libsodium_keygen_O0.bir	27082380	1	312	schemaA:functions=name->addr		1293	1217	35	619	0		train	train	train	train	train	0		1	1	1217	35	619	0	1	163ace0100cc7f49df755ba8207f2fab8cbca9e8				DYN	1	665		1.0	archive		0	no_debug_elf		
libsodium_keygen_O2	libsodium	keygen	O2	local_main;wulver		data/stripped/libsodium_keygen_O2	0	1	data/bir/libsodium_keygen_O2.bir	8629067	1	314	schemaA:functions=name->addr		334	256	36	108	0		train	train	train	train	train	0		1	1	256	36	108	0	1	05a42479ab36da86f6231707b55a3bbec08246b5				DYN	1	477		0.98828125	archive		0	no_debug_elf		
libsodium_onetimeauth_O0	libsodium	onetimeauth	O0	ftdomains	ftdomains/bins/libsodium_onetimeauth_O0.debug	ftdomains/bins/libsodium_onetimeauth_O0	1	1	ftdomains/bir/libsodium_onetimeauth_O0.bir	25586502	1	385	schemaA:functions=name->addr		925	847	36																		bf7dd3c80467c7991dfc006f5f1127a22442eb3f	bf7dd3c80467c7991dfc006f5f1127a22442eb3f	1	1	DYN	1	489	489	1.0	computed		0	no_matched_functions		
libsodium_onetimeauth_O1	libsodium	onetimeauth	O1	ftdomains	ftdomains/bins/libsodium_onetimeauth_O1.debug	ftdomains/bins/libsodium_onetimeauth_O1	1	1	ftdomains/bir/libsodium_onetimeauth_O1.bir	8060829	1	274	schemaA:functions=name->addr		307	227	37																		8a2c254d50b6388a2e7b7085d81cbce112998ce6	8a2c254d50b6388a2e7b7085d81cbce112998ce6	1	1	DYN	1	304	304	0.986784140969163	computed		0	no_matched_functions		
libsodium_onetimeauth_O2	libsodium	onetimeauth	O2	ftdomains	ftdomains/bins/libsodium_onetimeauth_O2.debug	ftdomains/bins/libsodium_onetimeauth_O2	1	1	ftdomains/bir/libsodium_onetimeauth_O2.bir	8320423	1	268	schemaA:functions=name->addr		277	197	37																		a85103f7cdc6f95757757bb68a552e25236fdd6b	a85103f7cdc6f95757757bb68a552e25236fdd6b	1	1	DYN	1	296	296	1.0	computed		0	no_matched_functions		
libsodium_onetimeauth_O3	libsodium	onetimeauth	O3	ftdomains	ftdomains/bins/libsodium_onetimeauth_O3.debug	ftdomains/bins/libsodium_onetimeauth_O3	1	1	ftdomains/bir/libsodium_onetimeauth_O3.bir	9629188	1	261	schemaA:functions=name->addr		270	190	37																		81da529645f3aed559ab02f13bea498ed8a29795	81da529645f3aed559ab02f13bea498ed8a29795	1	1	DYN	1	289	289	0.9947368421052631	computed		0	no_matched_functions		
libsodium_onetimeauth_clang_O0	libsodium	onetimeauth_clang	O0	clang_train	clang_train/bins/libsodium_onetimeauth_clang_O0.debug	clang_train/bins/libsodium_onetimeauth_clang_O0	1	1	clang_train/bir/libsodium_onetimeauth_clang_O0.bir	23147784	1	384	schemaA:functions=name->addr		561	484	36			376															c0a97bf76dc8f70eda066fa96cc7081677a4da8f	c0a97bf76dc8f70eda066fa96cc7081677a4da8f	1	1	DYN	1	483	483	1.0	computed		1			
libsodium_onetimeauth_clang_O1	libsodium	onetimeauth_clang	O1	clang_train	clang_train/bins/libsodium_onetimeauth_clang_O1.debug	clang_train/bins/libsodium_onetimeauth_clang_O1	1	1	clang_train/bir/libsodium_onetimeauth_clang_O1.bir	7212715	1	264	schemaA:functions=name->addr		222	142	37			123															f280ae0a1aeed4d7ac7b862de6e1abbb0105dd5c	f280ae0a1aeed4d7ac7b862de6e1abbb0105dd5c	1	1	DYN	1	289	289	0.9929577464788732	computed		1			
libsodium_onetimeauth_clang_O2	libsodium	onetimeauth_clang	O2	clang_train	clang_train/bins/libsodium_onetimeauth_clang_O2.debug	clang_train/bins/libsodium_onetimeauth_clang_O2	1	1	clang_train/bir/libsodium_onetimeauth_clang_O2.bir	7253705	1	265	schemaA:functions=name->addr		218	138	37			119															a3271cb072bba89123a58d2d48c2b031ee1ffb27	a3271cb072bba89123a58d2d48c2b031ee1ffb27	1	1	DYN	1	290	290	0.9927536231884058	computed		1			
libsodium_onetimeauth_clang_O3	libsodium	onetimeauth_clang	O3	clang_train	clang_train/bins/libsodium_onetimeauth_clang_O3.debug	clang_train/bins/libsodium_onetimeauth_clang_O3	1	1	clang_train/bir/libsodium_onetimeauth_clang_O3.bir	7421689	1	261	schemaA:functions=name->addr		213	133	37			114															3a9750a55946a40bd8244e1c2e8e61e19219faba	3a9750a55946a40bd8244e1c2e8e61e19219faba	1	1	DYN	1	286	286	0.9924812030075187	computed		1			
libsodium_pwhash_scrypt_O0	libsodium	pwhash_scrypt	O0	local_main;wulver		data/stripped/libsodium_pwhash_scrypt_O0	0	1	data/bir/libsodium_pwhash_scrypt_O0.bir	29630670	1	235	schemaA:functions=name->addr		1231	1143	41	465	0		train	train	train	train	train	0		1	1	1143	41	465	0	1	000757648b707c601b8a07aad222ef098b2424c2				DYN	1	625		1.0	archive		0	no_debug_elf		
libsodium_pwhash_scrypt_O2	libsodium	pwhash_scrypt	O2	local_main;wulver		data/stripped/libsodium_pwhash_scrypt_O2	0	1	data/bir/libsodium_pwhash_scrypt_O2.bir	9177874	1	240	schemaA:functions=name->addr		359	269	42	90	0		train	train	train	train	train	0		1	1	269	42	90	0	1	3c69a254be34b0a0f9121a8d94de2cac209c5d6c				DYN	1	433		0.9888475836431226	archive		0	no_debug_elf		
libsodium_scalarmult_ed25519_O0	libsodium	scalarmult_ed25519	O0	local_main;wulver		data/stripped/libsodium_scalarmult_ed25519_O0	0	1	data/bir/libsodium_scalarmult_ed25519_O0.bir	25582501	1	131	schemaA:functions=name->addr		914	838	35	257	0		train	train	train	train	train	0		1	1	838	35	257	0	1	113b293f14231c4fb70d41c6722d672d5dd9e246				DYN	1	465		1.0	archive		0	no_debug_elf		
libsodium_scalarmult_ed25519_O2	libsodium	scalarmult_ed25519	O2	local_main;wulver		data/stripped/libsodium_scalarmult_ed25519_O2	0	1	data/bir/libsodium_scalarmult_ed25519_O2.bir	7882072	1	134	schemaA:functions=name->addr		278	202	35	54	0		train	train	train	train	train	0		1	1	202	35	54	0	1	dba0cda6815bf8134ff0032e8f547d60d80525c3				DYN	1	297		0.9851485148514851	archive		0	no_debug_elf		
libsodium_secretbox_O0	libsodium	secretbox	O0	ftdomains	ftdomains/bins/libsodium_secretbox_O0.debug	ftdomains/bins/libsodium_secretbox_O0	1	1	ftdomains/bir/libsodium_secretbox_O0.bir	25794162	1	402	schemaA:functions=name->addr		962	884	36																		a9afa258ec3709719192abd896c7a2e5bba713d5	a9afa258ec3709719192abd896c7a2e5bba713d5	1	1	DYN	1	509	509	1.0	computed		0	no_matched_functions		
libsodium_secretbox_O1	libsodium	secretbox	O1	ftdomains	ftdomains/bins/libsodium_secretbox_O1.debug	ftdomains/bins/libsodium_secretbox_O1	1	1	ftdomains/bir/libsodium_secretbox_O1.bir	8104517	1	291	schemaA:functions=name->addr		315	235	37																		21971828d75372d07df7b904609b005aee68cdcd	21971828d75372d07df7b904609b005aee68cdcd	1	1	DYN	1	321	321	0.9872340425531915	computed		0	no_matched_functions		
libsodium_secretbox_O2	libsodium	secretbox	O2	ftdomains	ftdomains/bins/libsodium_secretbox_O2.debug	ftdomains/bins/libsodium_secretbox_O2	1	1	ftdomains/bir/libsodium_secretbox_O2.bir	8371421	1	285	schemaA:functions=name->addr		289	209	37																		97edc13fe5162067fc1b128f3a11b7061cd36bad	97edc13fe5162067fc1b128f3a11b7061cd36bad	1	1	DYN	1	313	313	1.0	computed		0	no_matched_functions		
libsodium_secretbox_O3	libsodium	secretbox	O3	ftdomains	ftdomains/bins/libsodium_secretbox_O3.debug	ftdomains/bins/libsodium_secretbox_O3	1	1	ftdomains/bir/libsodium_secretbox_O3.bir	9680955	1	278	schemaA:functions=name->addr		282	202	37																		ba61bf9594dedee526555dd260e91910d09b82f9	ba61bf9594dedee526555dd260e91910d09b82f9	1	1	DYN	1	306	306	0.995049504950495	computed		0	no_matched_functions		
libsodium_secretbox_clang_O0	libsodium	secretbox_clang	O0	clang_train	clang_train/bins/libsodium_secretbox_clang_O0.debug	clang_train/bins/libsodium_secretbox_clang_O0	1	1	clang_train/bir/libsodium_secretbox_clang_O0.bir	23242889	1	401	schemaA:functions=name->addr		581	504	36			393															af9a5285ed8504935515773247ab996fd697e5a2	af9a5285ed8504935515773247ab996fd697e5a2	1	1	DYN	1	503	503	1.0	computed		1			
libsodium_secretbox_clang_O1	libsodium	secretbox_clang	O1	clang_train	clang_train/bins/libsodium_secretbox_clang_O1.debug	clang_train/bins/libsodium_secretbox_clang_O1	1	1	clang_train/bir/libsodium_secretbox_clang_O1.bir	7425214	1	281	schemaA:functions=name->addr		229	149	37			130															5fb5e663cae5ddf2466ff3836c1fb8eae494f975	5fb5e663cae5ddf2466ff3836c1fb8eae494f975	1	1	DYN	1	306	306	0.9932885906040269	computed		1			
libsodium_secretbox_clang_O2	libsodium	secretbox_clang	O2	clang_train	clang_train/bins/libsodium_secretbox_clang_O2.debug	clang_train/bins/libsodium_secretbox_clang_O2	1	1	clang_train/bir/libsodium_secretbox_clang_O2.bir	7473558	1	282	schemaA:functions=name->addr		228	148	37			129															79dec2dccafbde5ccb87ea0f7c6395feae651617	79dec2dccafbde5ccb87ea0f7c6395feae651617	1	1	DYN	1	307	307	0.9932432432432432	computed		1			
libsodium_secretbox_clang_O3	libsodium	secretbox_clang	O3	clang_train	clang_train/bins/libsodium_secretbox_clang_O3.debug	clang_train/bins/libsodium_secretbox_clang_O3	1	1	clang_train/bir/libsodium_secretbox_clang_O3.bir	7633838	1	278	schemaA:functions=name->addr		223	143	37			124															d7a90de678d4e08a5193260f9f59e47ac5b3d62c	d7a90de678d4e08a5193260f9f59e47ac5b3d62c	1	1	DYN	1	303	303	0.993006993006993	computed		1			
libsodium_sign_O0	libsodium	sign	O0	ftdomains	ftdomains/bins/libsodium_sign_O0.debug	ftdomains/bins/libsodium_sign_O0	1	1	ftdomains/bir/libsodium_sign_O0.bir	27791443	1	444	schemaA:functions=name->addr		1087	1001	40																		a442bc4c44b540712d8b3260ce72bc3b7ebed034	a442bc4c44b540712d8b3260ce72bc3b7ebed034	1	1	DYN	1	569	569	1.0	computed		0	no_matched_functions		
libsodium_sign_O1	libsodium	sign	O1	ftdomains	ftdomains/bins/libsodium_sign_O1.debug	ftdomains/bins/libsodium_sign_O1	1	1	ftdomains/bir/libsodium_sign_O1.bir	8646914	1	321	schemaA:functions=name->addr		358	270	41																		68359a8f6aaa4b33ad0af7230166a97235645d89	68359a8f6aaa4b33ad0af7230166a97235645d89	1	1	DYN	1	351	351	0.9888888888888889	computed		0	no_matched_functions		
libsodium_sign_O2	libsodium	sign	O2	ftdomains	ftdomains/bins/libsodium_sign_O2.debug	ftdomains/bins/libsodium_sign_O2	1	1	ftdomains/bir/libsodium_sign_O2.bir	8925672	1	315	schemaA:functions=name->addr		332	244	41																		709b6b2d20611df46acd24523667285288ac3290	709b6b2d20611df46acd24523667285288ac3290	1	1	DYN	1	343	343	1.0	computed		0	no_matched_functions		
libsodium_sign_O3	libsodium	sign	O3	ftdomains	ftdomains/bins/libsodium_sign_O3.debug	ftdomains/bins/libsodium_sign_O3	1	1	ftdomains/bir/libsodium_sign_O3.bir	10405310	1	305	schemaA:functions=name->addr		321	233	41																		f126b6206ec6c6473c79eb316a315afa6fec0c3f	f126b6206ec6c6473c79eb316a315afa6fec0c3f	1	1	DYN	1	333	333	0.9957081545064378	computed		0	no_matched_functions		
libsodium_sign_clang_O0	libsodium	sign_clang	O0	clang_train	clang_train/bins/libsodium_sign_clang_O0.debug	clang_train/bins/libsodium_sign_clang_O0	1	1	clang_train/bir/libsodium_sign_clang_O0.bir	24290039	1	443	schemaA:functions=name->addr		633	548	40			435															0672c3b6a097d8f652f310fe887ee9a580781cc8	0672c3b6a097d8f652f310fe887ee9a580781cc8	1	1	DYN	1	547	547	1.0	computed		1			
libsodium_sign_clang_O1	libsodium	sign_clang	O1	clang_train	clang_train/bins/libsodium_sign_clang_O1.debug	clang_train/bins/libsodium_sign_clang_O1	1	1	clang_train/bir/libsodium_sign_clang_O1.bir	8960430	1	306	schemaA:functions=name->addr		272	182	42			163															4412c4a24a5ba518d8edb2b9f430fd802f7d5ce6	4412c4a24a5ba518d8edb2b9f430fd802f7d5ce6	1	1	DYN	1	331	331	0.9835164835164835	computed		1			
libsodium_sign_clang_O2	libsodium	sign_clang	O2	clang_train	clang_train/bins/libsodium_sign_clang_O2.debug	clang_train/bins/libsodium_sign_clang_O2	1	1	clang_train/bir/libsodium_sign_clang_O2.bir	9176087	1	308	schemaA:functions=name->addr		268	178	42			159															e2181b2a6ffcee92088f2c549ee3d8671169e8da	e2181b2a6ffcee92088f2c549ee3d8671169e8da	1	1	DYN	1	333	333	0.9943820224719101	computed		1			
libsodium_sign_clang_O3	libsodium	sign_clang	O3	clang_train	clang_train/bins/libsodium_sign_clang_O3.debug	clang_train/bins/libsodium_sign_clang_O3	1	1	clang_train/bir/libsodium_sign_clang_O3.bir	9189736	1	304	schemaA:functions=name->addr		262	172	42			153															757050825061c40763dfe33d73c3781aed43a463	757050825061c40763dfe33d73c3781aed43a463	1	1	DYN	1	329	329	0.9941860465116279	computed		1			
libtool_libtool	libtool	libtool	default	local_main;wulver			0	0			1	0	schemaA:functions=none			0		0								0		1	0				0	0												0	no_debug_elf;no_stripped_elf;no_bir;empty_labels;no_sub_graphs;no_matched_functions		not-elf:data/raw/libtool_libtool_sym
libxml2_xmlcatalog_O0	libxml2	xmlcatalog	O0	local_main:_p0_0_6_xrep;wulver		data/stripped/_p0_0_6_xrep/libxml2_xmlcatalog_O0_stripped	0	1	data/bir/_p0_0_6_xrep/libxml2_xmlcatalog_O0.bir	31042844	0															0		1	0				1	1					EXEC	1	2727		1.0	computed		0	no_sub_graphs;no_matched_functions		
libxml2_xmlcatalog_O1	libxml2	xmlcatalog	O1	local_main:_p0_0_6_xrep;wulver		data/stripped/_p0_0_6_xrep/libxml2_xmlcatalog_O1_stripped	0	1	data/bir/_p0_0_6_xrep/libxml2_xmlcatalog_O1.bir	19780419	0															0		1	0				1	1					EXEC	1	2333		1.0	computed		0	no_sub_graphs;no_matched_functions		
libxml2_xmlcatalog_O2	libxml2	xmlcatalog	O2	local_main:_p0_0_6_xrep;wulver		data/stripped/_p0_0_6_xrep/libxml2_xmlcatalog_O2_stripped	0	1	data/bir/_p0_0_6_xrep/libxml2_xmlcatalog_O2.bir	20311679	0															0		1	0				1	1					EXEC	1	2283		1.0	computed		0	no_sub_graphs;no_matched_functions		
libxml2_xmlcatalog_O3	libxml2	xmlcatalog	O3	local_main:_p0_0_6_xrep;wulver		data/stripped/_p0_0_6_xrep/libxml2_xmlcatalog_O3_stripped	0	1	data/bir/_p0_0_6_xrep/libxml2_xmlcatalog_O3.bir	25337673	0															0		1	0				1	1					EXEC	1	2200		0.9966666666666667	computed		0	no_sub_graphs;no_matched_functions		
libxml2_xmllint_O0	libxml2	xmllint	O0	local_main;local_main:_p0_0_6_xrep;wulver		data/stripped/libxml2_xmllint_O0	0	3	data/bir/libxml2_xmllint_O0.bir	32797433	1	1447	schemaA:functions=name->addr		5967	5744	112	2893	0		train	train	train	train	train	0		1	1	5744	112	2893	1	1	d0a4e845d68bae108f492f8ebfe6cf3fbabce89d				DYN	1	2878		1.0	archive		1			
libxml2_xmllint_O1	libxml2	xmllint	O1	local_main;local_main:_p0_0_6_xrep;wulver	data/raw/libxml2_xmllint_O1_sym	data/stripped/libxml2_xmllint_O1_stripped	1	2	data/bir/libxml2_xmllint_O1.bir	737869	1	63	schemaA:functions=addr->name		392	27	180	27	0			train	train	train		0		1	0			27	1	1	ab28b5e9fb7b978406c478077add19bfe69f5631	ab28b5e9fb7b978406c478077add19bfe69f5631	1	1	DYN	1	60	60	1.0	archive		1			
libxml2_xmllint_O2	libxml2	xmllint	O2	local_main;local_main:_p0_0_6_xrep;wulver		data/stripped/libxml2_xmllint_O2	0	3	data/bir/libxml2_xmllint_O2.bir	22697985	1	1450	schemaA:functions=name->addr		1934	1701	116	901	0		train	train	train	train	train	0		1	1	1701	116	901	1	1	a263e8fa3b2466a7206bb71ab787f23b38a90813				DYN	1	2399		0.9966666666666667	archive		1			
libxml2_xmllint_O3	libxml2	xmllint	O3	local_main;local_main:_p0_0_6_xrep;wulver	data/raw/libxml2_xmllint_O3_sym	data/stripped/libxml2_xmllint_O3_stripped	1	2	data/bir/libxml2_xmllint_O3.bir	755696	1	60	schemaA:functions=addr->name		389	25	180	25	0			train	train	train		0		1	0			25	1	1	d2f99a5d53cbcaa96dae5c9c928df62e91e7cd19	d2f99a5d53cbcaa96dae5c9c928df62e91e7cd19	1	1	DYN	1	57	57	1.0	archive		1			
libxml2_xmllint_clang_O0	libxml2	xmllint_clang	O0	clang_train	clang_train/bins/libxml2_xmllint_clang_O0.debug	clang_train/bins/libxml2_xmllint_clang_O0	1	1	clang_train/bir/libxml2_xmllint_clang_O0.bir	21364736	1	2871	schemaA:functions=name->addr		1728	1629	96			1625															27a6ee519e110fe26fd4c56ae9a204fc90133b06	27a6ee519e110fe26fd4c56ae9a204fc90133b06	1	1	DYN	1	2878	2878	1.0	computed		1			
libxml2_xmllint_clang_O1	libxml2	xmllint_clang	O1	clang_train	clang_train/bins/libxml2_xmllint_clang_O1.debug	clang_train/bins/libxml2_xmllint_clang_O1	1	1	clang_train/bir/libxml2_xmllint_clang_O1.bir	22400838	1	2329	schemaA:functions=name->addr		1717	1504	107			1500															8ce511ccbdeab26c3c42176c5f95eb681ccaa071	8ce511ccbdeab26c3c42176c5f95eb681ccaa071	1	1	DYN	1	2335	2335	1.0	computed		1			
libxml2_xmllint_clang_O2	libxml2	xmllint_clang	O2	clang_train	clang_train/bins/libxml2_xmllint_clang_O2.debug	clang_train/bins/libxml2_xmllint_clang_O2	1	1	clang_train/bir/libxml2_xmllint_clang_O2.bir	21355395	1	2320	schemaA:functions=name->addr		1647	1432	108			1428															9c970d77f7ed18e693ba1adbf254b07acbd41b96	9c970d77f7ed18e693ba1adbf254b07acbd41b96	1	1	DYN	1	2326	2326	1.0	computed		1			
libxml2_xmllint_clang_O3	libxml2	xmllint_clang	O3	clang_train	clang_train/bins/libxml2_xmllint_clang_O3.debug	clang_train/bins/libxml2_xmllint_clang_O3	1	1	clang_train/bir/libxml2_xmllint_clang_O3.bir	22374812	1	2317	schemaA:functions=name->addr		1642	1427	108			1422															5e8a0b393948b5ffd988ce46672941fd4766aafe	5e8a0b393948b5ffd988ce46672941fd4766aafe	1	1	DYN	1	2323	2323	1.0	computed		1			
libyaml_run-emitter_O0	libyaml	run-emitter	O0	local_main;wulver		data/stripped/libyaml_run-emitter_O0	0	1	data/bir/libyaml_run-emitter_O0.bir	3520938	1	58	schemaA:functions=name->addr		396	346	23	115	0		train	train	train	train	train	0		1	1	346	23	115	0	1	92586ad484b3f0ae2ac26e51a4b5e034b01920fb				DYN	1	177		1.0	archive		0	no_debug_elf		
libyaml_run-emitter_O1	libyaml	run-emitter	O1	local_main;wulver	data/raw/libyaml_run-emitter_O1_sym	data/stripped/libyaml_run-emitter_O1_stripped	1	1	data/bir/libyaml_run-emitter_O1.bir	72782	1	11	schemaA:functions=addr->name		84	4	38	4	0			train	train	train		0		1	0			4	0	1	4cc564db516f7ed9140c87a1a45708d8c4e6e327	4cc564db516f7ed9140c87a1a45708d8c4e6e327	1	1	DYN	1	8	8	1.0	archive		1			
libyaml_run-emitter_O2	libyaml	run-emitter	O2	local_main;wulver		data/stripped/libyaml_run-emitter_O2	0	1	data/bir/libyaml_run-emitter_O2.bir	2174520	1	58	schemaA:functions=name->addr		134	84	23	38	0		train	train	train	train	train	0		1	1	84	23	38	0	1	8812e9ffd77aef779241eee8af06880c06ef7e5b				DYN	1	111		1.0	archive		0	no_debug_elf		
libyaml_run-emitter_O3	libyaml	run-emitter	O3	local_main;wulver	data/raw/libyaml_run-emitter_O3_sym	data/stripped/libyaml_run-emitter_O3_stripped	1	1	data/bir/libyaml_run-emitter_O3.bir	74605	1	11	schemaA:functions=addr->name		83	4	38	4	0			train	train	train		0		1	0			4	0	1	308bbe5fe1757032f2940194f902f9bd916ca15b	308bbe5fe1757032f2940194f902f9bd916ca15b	1	1	DYN	1	8	8	1.0	archive		1			
libyaml_run-parser_O0	libyaml	run-parser	O0	local_main;wulver		data/stripped/libyaml_run-parser_O0	0	1	data/bir/libyaml_run-parser_O0.bir	2425091	1	53	schemaA:functions=name->addr		288	242	21	105	0		train	train	train	train	train	0		1	1	242	21	105	0	1	53ad94023687e057194a7454a28b893f95adda74				DYN	1	125		1.0	archive		0	no_debug_elf		
libyaml_run-parser_O1	libyaml	run-parser	O1	local_main;wulver	data/raw/libyaml_run-parser_O1_sym	data/stripped/libyaml_run-parser_O1_stripped	1	1	data/bir/libyaml_run-parser_O1.bir	21156	1	8	schemaA:functions=addr->name		31	1	13	1	0			train	train	train		0		1	0			1	0	1	90e0124c5504048a69cfbea801728886c637ecf9	90e0124c5504048a69cfbea801728886c637ecf9	1	1	DYN	1	5	5	1.0	archive	libyaml_run-parser_O3:1.0	1			dup_group_keeper:libyaml_run-parser_O3
libyaml_run-parser_O2	libyaml	run-parser	O2	local_main;wulver		data/stripped/libyaml_run-parser_O2	0	1	data/bir/libyaml_run-parser_O2.bir	1638671	1	53	schemaA:functions=name->addr		99	55	20	29	0		train	train	train	train	train	0		1	1	55	20	29	0	1	c3e7b2de86188e245aa0854faa994fe316ff5584				DYN	1	86		1.0	archive		0	no_debug_elf		
libyaml_run-parser_O3	libyaml	run-parser	O3	local_main;wulver	data/raw/libyaml_run-parser_O3_sym	data/stripped/libyaml_run-parser_O3_stripped	1	1	data/bir/libyaml_run-parser_O3.bir	21989	1	8	schemaA:functions=addr->name		31	2	13	2	0			train	train	train		0		1	0			2	0	1	c88817b095cd0bb12fb1ff03015959c4ea7beb85	c88817b095cd0bb12fb1ff03015959c4ea7beb85	1	1	DYN	1	5	5	1.0	archive	libyaml_run-parser_O1:1.0	0	duplicate_build_of:libyaml_run-parser_O1		
lighttpd_lighttpd_O0	lighttpd	lighttpd	O0	local_main;wulver			0	0	data/bir/lighttpd_lighttpd_O0.bir	9252921	1	1070	schemaA:functions=name->addr		1622	817	621	0								1	9252921	1	1	817	621		1	1												0	no_matched_functions		
lighttpd_lighttpd_O1	lighttpd	lighttpd	O1	local_main;wulver			0	0	data/bir/lighttpd_lighttpd_O1.bir	6118826	1	764	schemaA:functions=name->addr		1049	252	617	0								1	6118826	1	1	252	617		1	1												0	no_matched_functions		
lighttpd_lighttpd_O2	lighttpd	lighttpd	O2	local_main;wulver			0	0	data/bir/lighttpd_lighttpd_O2.bir	6059951	1	869	schemaA:functions=name->addr		1041	242	618	0								1	6059951	1	1	242	618		1	1												0	no_matched_functions		
lighttpd_lighttpd_O3	lighttpd	lighttpd	O3	local_main;wulver			0	0	data/bir/lighttpd_lighttpd_O3.bir	7215236	1	864	schemaA:functions=name->addr		1028	229	618	0								1	7215236	1	1	229	618		1	1												0	no_matched_functions		
lmdb_copy_O0	lmdb	copy	O0	ftdomains2	ftdomains2/bins/lmdb_copy_O0.debug	ftdomains2/bins/lmdb_copy_O0	1	1	ftdomains2/bir/lmdb_copy_O0.bir	2876722	1	70	schemaA:functions=name->addr		461	318	69																		c3cce20643bec64cf4ab00c4ca1a4a935425b021	c3cce20643bec64cf4ab00c4ca1a4a935425b021	1	1	DYN	1	163	163	1.0	computed		0	no_matched_functions		
lmdb_copy_O1	lmdb	copy	O1	ftdomains2	ftdomains2/bins/lmdb_copy_O1.debug	ftdomains2/bins/lmdb_copy_O1	1	1	ftdomains2/bir/lmdb_copy_O1.bir	1756777	1	70	schemaA:functions=name->addr		243	99	69																		f5f8cc53e976f0d47019df71ceaa8e03193675be	f5f8cc53e976f0d47019df71ceaa8e03193675be	1	1	DYN	1	142	142	1.0	computed		0	no_matched_functions		
lmdb_copy_O2	lmdb	copy	O2	ftdomains2	ftdomains2/bins/lmdb_copy_O2.debug	ftdomains2/bins/lmdb_copy_O2	1	1	ftdomains2/bir/lmdb_copy_O2.bir	1832974	1	70	schemaA:functions=name->addr		266	122	69																		8841504146cfd833f8451e1d6e8577077fb29451	8841504146cfd833f8451e1d6e8577077fb29451	1	1	DYN	1	155	155	1.0	computed		0	no_matched_functions		
lmdb_copy_O3	lmdb	copy	O3	ftdomains2	ftdomains2/bins/lmdb_copy_O3.debug	ftdomains2/bins/lmdb_copy_O3	1	1	ftdomains2/bir/lmdb_copy_O3.bir	2009268	1	70	schemaA:functions=name->addr		278	134	69																		637e604e90bf4cd558a19502bd811bdddec20199	637e604e90bf4cd558a19502bd811bdddec20199	1	1	DYN	1	156	156	1.0	computed		0	no_matched_functions		
lmdb_dump_O0	lmdb	dump	O0	ftdomains2	ftdomains2/bins/lmdb_dump_O0.debug	ftdomains2/bins/lmdb_dump_O0	1	1	ftdomains2/bir/lmdb_dump_O0.bir	2919914	1	70	schemaA:functions=name->addr		483	328	75																		b1fb21ba267a989f082fa1ae3554f14e32041bfd	b1fb21ba267a989f082fa1ae3554f14e32041bfd	1	1	DYN	1	168	168	1.0	computed		0	no_matched_functions		
lmdb_dump_O1	lmdb	dump	O1	ftdomains2	ftdomains2/bins/lmdb_dump_O1.debug	ftdomains2/bins/lmdb_dump_O1	1	1	ftdomains2/bir/lmdb_dump_O1.bir	1807227	1	70	schemaA:functions=name->addr		264	108	75																		97c2619653963e03dc45410273ce896dc24e8cba	97c2619653963e03dc45410273ce896dc24e8cba	1	1	DYN	1	147	147	1.0	computed		0	no_matched_functions		
lmdb_dump_O2	lmdb	dump	O2	ftdomains2	ftdomains2/bins/lmdb_dump_O2.debug	ftdomains2/bins/lmdb_dump_O2	1	1	ftdomains2/bir/lmdb_dump_O2.bir	1885338	1	70	schemaA:functions=name->addr		286	130	75																		76567a0611bf204af5b179276c57ee5d51628d40	76567a0611bf204af5b179276c57ee5d51628d40	1	1	DYN	1	159	159	1.0	computed		0	no_matched_functions		
lmdb_dump_O3	lmdb	dump	O3	ftdomains2	ftdomains2/bins/lmdb_dump_O3.debug	ftdomains2/bins/lmdb_dump_O3	1	1	ftdomains2/bir/lmdb_dump_O3.bir	2073420	1	70	schemaA:functions=name->addr		299	143	75																		297409f23891346891182b2411d0d996bffe3513	297409f23891346891182b2411d0d996bffe3513	1	1	DYN	1	159	159	1.0	computed		0	no_matched_functions		
lmdb_load_O0	lmdb	load	O0	ftdomains2	ftdomains2/bins/lmdb_load_O0.debug	ftdomains2/bins/lmdb_load_O0	1	1	ftdomains2/bir/lmdb_load_O0.bir	2982841	1	70	schemaA:functions=name->addr		483	328	75																		353ce12241b6dd16e0d53d88aad14e5264f31d67	353ce12241b6dd16e0d53d88aad14e5264f31d67	1	1	DYN	1	168	168	1.0	computed		0	no_matched_functions		
lmdb_load_O1	lmdb	load	O1	ftdomains2	ftdomains2/bins/lmdb_load_O1.debug	ftdomains2/bins/lmdb_load_O1	1	1	ftdomains2/bir/lmdb_load_O1.bir	1839072	1	70	schemaA:functions=name->addr		265	109	75																		f79354246dc323a01ea2902c78916d4f73024545	f79354246dc323a01ea2902c78916d4f73024545	1	1	DYN	1	147	147	1.0	computed		0	no_matched_functions		
lmdb_load_O2	lmdb	load	O2	ftdomains2	ftdomains2/bins/lmdb_load_O2.debug	ftdomains2/bins/lmdb_load_O2	1	1	ftdomains2/bir/lmdb_load_O2.bir	1917320	1	70	schemaA:functions=name->addr		286	130	75																		835ccb2f14bd430913ad38bedcf2e46b39283a45	835ccb2f14bd430913ad38bedcf2e46b39283a45	1	1	DYN	1	158	158	1.0	computed		0	no_matched_functions		
lmdb_load_O3	lmdb	load	O3	ftdomains2	ftdomains2/bins/lmdb_load_O3.debug	ftdomains2/bins/lmdb_load_O3	1	1	ftdomains2/bir/lmdb_load_O3.bir	2101780	1	70	schemaA:functions=name->addr		299	143	75																		7d73056323d0df495dd386e23f70d25f24f88ff2	7d73056323d0df495dd386e23f70d25f24f88ff2	1	1	DYN	1	159	159	1.0	computed		0	no_matched_functions		
lmdb_stat_O0	lmdb	stat	O0	ftdomains2	ftdomains2/bins/lmdb_stat_O0.debug	ftdomains2/bins/lmdb_stat_O0	1	1	ftdomains2/bir/lmdb_stat_O0.bir	2917452	1	70	schemaA:functions=name->addr		467	320	71																		54c62fcdea545c55ee738bb235512aa951ffe8d9	54c62fcdea545c55ee738bb235512aa951ffe8d9	1	1	DYN	1	164	164	1.0	computed		0	no_matched_functions		
lmdb_stat_O1	lmdb	stat	O1	ftdomains2	ftdomains2/bins/lmdb_stat_O1.debug	ftdomains2/bins/lmdb_stat_O1	1	1	ftdomains2/bir/lmdb_stat_O1.bir	1802205	1	70	schemaA:functions=name->addr		253	105	71																		d6986e4c4ff8dec84cab8fa4f9dd50fdfa9ebd49	d6986e4c4ff8dec84cab8fa4f9dd50fdfa9ebd49	1	1	DYN	1	143	143	1.0	computed		0	no_matched_functions		
lmdb_stat_O2	lmdb	stat	O2	ftdomains2	ftdomains2/bins/lmdb_stat_O2.debug	ftdomains2/bins/lmdb_stat_O2	1	1	ftdomains2/bir/lmdb_stat_O2.bir	1879927	1	70	schemaA:functions=name->addr		276	128	71																		8af26c5aff74b00fe3f2bc0c89bb91e92c9614e4	8af26c5aff74b00fe3f2bc0c89bb91e92c9614e4	1	1	DYN	1	156	156	1.0	computed		0	no_matched_functions		
lmdb_stat_O3	lmdb	stat	O3	ftdomains2	ftdomains2/bins/lmdb_stat_O3.debug	ftdomains2/bins/lmdb_stat_O3	1	1	ftdomains2/bir/lmdb_stat_O3.bir	2059913	1	70	schemaA:functions=name->addr		290	142	71																		ab233cd44c596cc8a0d3c63c79cc6d6b765de7e1	ab233cd44c596cc8a0d3c63c79cc6d6b765de7e1	1	1	DYN	1	157	157	1.0	computed		0	no_matched_functions		
lsof_lsof_O0	lsof	lsof	O0	local_main:_p0_0_6_siblings;wulver		data/stripped/_p0_0_6_siblings/lsof_lsof_O0_stripped	0	1	data/bir/_p0_0_6_siblings/lsof_lsof_O0.bir	4719634	0											excluded		excluded		1	4719634	1	1	234	116	232	1	1					EXEC	1	236		1.0	computed		1		excluded_in_wulver_v1(not in paper_clean)	
lsof_lsof_O1	lsof	lsof	O1	local_main:_p0_0_6_siblings;wulver		data/stripped/_p0_0_6_siblings/lsof_lsof_O1_stripped	0	1	data/bir/_p0_0_6_siblings/lsof_lsof_O1.bir	3167716	0											excluded		excluded		1	3167716	1	1	157	107	155	1	1					EXEC	1	186		0.9936305732484076	computed		1		excluded_in_wulver_v1(not in paper_clean)	
lsof_lsof_O2	lsof	lsof	O2	local_main:_p0_0_6_siblings;wulver		data/stripped/_p0_0_6_siblings/lsof_lsof_O2_stripped	0	1	data/bir/_p0_0_6_siblings/lsof_lsof_O2.bir	3454169	0											excluded		excluded		1	3454169	1	1	151	107	148	1	1					EXEC	1	180		0.9933774834437086	computed		1		excluded_in_wulver_v1(not in paper_clean)	
lsof_lsof_O3	lsof	lsof	O3	local_main:_p0_0_6_siblings;wulver		data/stripped/_p0_0_6_siblings/lsof_lsof_O3_stripped	0	1	data/bir/_p0_0_6_siblings/lsof_lsof_O3.bir	3876610	0											excluded		excluded		1	3876610	1	1	142	108	139	1	1					EXEC	1	173		0.9929577464788732	computed		1		excluded_in_wulver_v1(not in paper_clean)	
lua_lua_O0	lua	lua	O0	local_main;wulver	data/raw/lua_lua_O0_sym	data/stripped/lua_lua_O0_stripped	1	1	data/bir/lua_lua_O0.bir	5997604	1	1085	schemaA:functions=name->addr		2355	1997	256	1996	0		train	train	train	train	train	0		1	1	1997	256	1996	0	1	b7bdb013c5f018ab81a12087c0b3a9dad6433b9e	b7bdb013c5f018ab81a12087c0b3a9dad6433b9e	1	1	DYN	1	1089	1089	1.0	archive		1			
lua_lua_O1	lua	lua	O1	local_main;wulver	data/raw/lua_lua_O1	data/stripped/lua_lua_O1_stripped	1	1	data/bir/lua_lua_O1.bir	3986306	1	801	flat:addr->name		972	613	256	612	0			train	train	train		0		1	1	613	256	612	0	1	325acd69f5880e5763c1de166ec2fe35233ee884	325acd69f5880e5763c1de166ec2fe35233ee884	1	1	EXEC	1	797	797	0.9966666666666667	archive		1			
lua_lua_O2	lua	lua	O2	local_main;wulver	data/raw/lua_lua_O2_sym	data/stripped/lua_lua_O2_stripped	1	1	data/bir/lua_lua_O2.bir	4655006	1	704	schemaA:functions=name->addr		865	505	257	502	0		train	train	train	train	train	0		1	1	505	257	502	0	1	9c719afca4a9e5938544859559ebea81120a7951	9c719afca4a9e5938544859559ebea81120a7951	1	1	DYN	1	708	708	1.0	archive		1			
lua_lua_O3	lua	lua	O3	local_main;wulver	data/raw/lua_lua_O3	data/stripped/lua_lua_O3_stripped	1	1	data/bir/lua_lua_O3.bir	6185688	1	655	flat:addr->name		819	460	256	457	0			train	train	train		0		1	1	460	256	457	0	1	82a718248e7c4897f130568b01a9d3281b599146	82a718248e7c4897f130568b01a9d3281b599146	1	1	EXEC	1	651	651	1.0	archive		1			
lua_luac_O0	lua	luac	O0	local_main;wulver	data/raw/lua_luac_O0_sym	data/stripped/lua_luac_O0_stripped	1	1	data/bir/lua_luac_O0.bir	4404685	1	764	schemaA:functions=name->addr		1619	1366	199	1365	0		train	train	train	train	train	0		1	1	1366	199	1365	0	1	9c3ecadabc5149f1adcd69f037d5a8e54ab3cef2	9c3ecadabc5149f1adcd69f037d5a8e54ab3cef2	1	1	DYN	1	768	768	1.0	archive		1			
lua_luac_O1	lua	luac	O1	local_main;wulver	data/raw/lua_luac_O1	data/stripped/lua_luac_O1_stripped	1	1	data/bir/lua_luac_O1.bir	2869371	1	544	flat:addr->name		633	385	196	384	0			train	train	train		0		1	1	385	196	384	0	1	faa8089594622859aee3f2c7802e545a9d941604	faa8089594622859aee3f2c7802e545a9d941604	1	1	EXEC	1	540	540	0.9966666666666667	archive		1			
lua_luac_O2	lua	luac	O2	local_main;wulver	data/raw/lua_luac_O2_sym	data/stripped/lua_luac_O2_stripped	1	1	data/bir/lua_luac_O2.bir	3391934	1	477	schemaA:functions=name->addr		561	308	199	307	0		train	train	train	train	train	0		1	1	308	199	307	0	1	46f38010f94834d5fddff0f0c79ec1f7bda84266	46f38010f94834d5fddff0f0c79ec1f7bda84266	1	1	DYN	1	481	481	1.0	archive		1			
lua_luac_O3	lua	luac	O3	local_main;wulver	data/raw/lua_luac_O3	data/stripped/lua_luac_O3_stripped	1	1	data/bir/lua_luac_O3.bir	4801597	1	447	flat:addr->name		527	275	198	274	0			train	train	train		0		1	1	275	198	274	0	1	4073f1a7c829a3eaa8aca0a60bc2258696940bcb	4073f1a7c829a3eaa8aca0a60bc2258696940bcb	1	1	EXEC	1	443	443	1.0	archive		1			
lz4_lz4_O0	lz4	lz4	O0	local_main;wulver	data/raw/lz4_lz4_O0_sym	data/stripped/lz4_lz4_O0_stripped	1	2	data/bir/lz4_lz4_O0.bir	14769968	1	332	schemaA:functions=name->addr		926	810	59	663	0		train	train	train	train	train	0		1	1	810	59	663	0	1	b1e1f37d7dd2f92acac8a088271cf84960aee9b1	b1e1f37d7dd2f92acac8a088271cf84960aee9b1	1	1	DYN	1	409	409	1.0	archive		1			
lz4_lz4_O1	lz4	lz4	O1	local_main;wulver	data/raw/lz4_lz4_O1	data/stripped/lz4_lz4_O1_stripped	1	1	data/bir/lz4_lz4_O1.bir	5552388	1	270	flat:addr->name		329	211	59	210	0			train	train	train		0		1	1	211	59	210	0	1	8e9721ea6b9cdc1241610bf76f6f31537293a285	8e9721ea6b9cdc1241610bf76f6f31537293a285	1	1	EXEC	1	268	268	0.995260663507109	archive		1			
lz4_lz4_O2	lz4	lz4	O2	local_main;wulver	data/raw/lz4_lz4_O2_sym	data/stripped/lz4_lz4_O2_stripped	1	2	data/bir/lz4_lz4_O2.bir	5841498	1	241	schemaA:functions=name->addr		301	182	60	178	0		train	train	train	train	train	0		1	1	182	60	178	0	1	aeb806a5551f3cc16cbbb1db6e5086d266a9607f	aeb806a5551f3cc16cbbb1db6e5086d266a9607f	1	1	DYN	1	245	245	0.9945054945054945	archive		1			
lz4_lz4_O3	lz4	lz4	O3	local_main;wulver	data/raw/lz4_lz4_O3	data/stripped/lz4_lz4_O3_stripped	1	1	data/bir/lz4_lz4_O3.bir	8621403	1	239	flat:addr->name		297	179	59	176	0			train	train	train		0		1	1	179	59	176	0	1	834d785243fde08f08791b6d48c92bec63070786	834d785243fde08f08791b6d48c92bec63070786	1	1	EXEC	1	235	235	0.994413407821229	archive		1			
lz4_lz4_clang_O0	lz4	lz4_clang	O0	clang_train	clang_train/bins/lz4_lz4_clang_O0.debug	clang_train/bins/lz4_lz4_clang_O0	1	1	clang_train/bir/lz4_lz4_clang_O0.bir	14238572	1	333	schemaA:functions=name->addr		459	346	58			333															21a72514bf3911604f5ded6d0018ca00213cff5e	21a72514bf3911604f5ded6d0018ca00213cff5e	1	1	DYN	1	349	349	1.0	computed		1			
lz4_lz4_clang_O1	lz4	lz4_clang	O1	clang_train	clang_train/bins/lz4_lz4_clang_O1.debug	clang_train/bins/lz4_lz4_clang_O1	1	1	clang_train/bir/lz4_lz4_clang_O1.bir	6247019	1	225	schemaA:functions=name->addr		249	134	58			133															f09bca1bd76ec1a9a9c0d545347d6cab83f50068	f09bca1bd76ec1a9a9c0d545347d6cab83f50068	1	1	DYN	1	228	228	0.9925373134328358	computed		1			
lz4_lz4_clang_O2	lz4	lz4_clang	O2	clang_train	clang_train/bins/lz4_lz4_clang_O2.debug	clang_train/bins/lz4_lz4_clang_O2	1	1	clang_train/bir/lz4_lz4_clang_O2.bir	5708931	1	225	schemaA:functions=name->addr		242	127	58			126															d9b7e015df0bd9526e383d7ce55aca872caa7b1e	d9b7e015df0bd9526e383d7ce55aca872caa7b1e	1	1	DYN	1	228	228	0.9921259842519685	computed		1			
lz4_lz4_clang_O3	lz4	lz4_clang	O3	clang_train	clang_train/bins/lz4_lz4_clang_O3.debug	clang_train/bins/lz4_lz4_clang_O3	1	1	clang_train/bir/lz4_lz4_clang_O3.bir	5777783	1	224	schemaA:functions=name->addr		241	126	58			125															7cbb2d6a757ac0182c658f1a0f9f686d0e357eaa	7cbb2d6a757ac0182c658f1a0f9f686d0e357eaa	1	1	DYN	1	227	227	0.9920634920634921	computed		1			
m4_m4	m4	m4	default	local_main;wulver	data/raw/m4_m4_sym	data/stripped/m4_m4_stripped	1	1	data/bir/m4_m4.bir	5255531	1	576	schemaA:functions=name->addr		785	486	153	455	0		train	train	train	train	train	0		1	1	486	153	455	0	1	b595094abf795dfcf77723e27f5746e45d01b574	b595094abf795dfcf77723e27f5746e45d01b574	1	1	DYN	1	623	623	1.0	archive		1			
m4_m4_O0	m4	m4	O0	local_main;wulver	data/raw/m4_m4_O0_sym	data/stripped/m4_m4_O0_stripped	1	1	data/bir/m4_m4_O0.bir	7758153	1	793	schemaA:functions=name->addr		1935	1632	155	1557	0		train	train	train	train	train	0		1	1	1632	155	1557	0	1	6d4413325fb63f7b2cec0455a1b946c4b8b42b54	6d4413325fb63f7b2cec0455a1b946c4b8b42b54	1	1	DYN	1	836	836	1.0	archive		1			
m4_m4_O1	m4	m4	O1	local_main;wulver	data/raw/m4_m4_O1_sym	data/stripped/m4_m4_O1_stripped	1	1	data/bir/m4_m4_O1.bir	5090635	1	559	schemaA:functions=name->addr		782	481	164	459	0		train	train	train	train	train	0		1	1	481	164	459	0	1	0d87b292d2eae461dd19ef6e9c7df6232e04103f	0d87b292d2eae461dd19ef6e9c7df6232e04103f	1	1	DYN	1	597	597	1.0	archive		1			
m4_m4_O2	m4	m4	O2	local_main;wulver	data/raw/m4_m4_O2_sym	data/stripped/m4_m4_O2_stripped	1	1	data/bir/m4_m4_O2.bir	5255531	1	576	schemaA:functions=name->addr		785	486	153	455	0		val	val	val	val	val	0		1	1	486	153	455	0	1	b595094abf795dfcf77723e27f5746e45d01b574	b595094abf795dfcf77723e27f5746e45d01b574	1	1	DYN	1	623	623	1.0	archive		1			
m4_m4_O3	m4	m4	O3	local_main;wulver	data/raw/m4_m4_O3_sym	data/stripped/m4_m4_O3_stripped	1	1	data/bir/m4_m4_O3.bir	6498001	1	562	schemaA:functions=name->addr		794	495	163	458	0		train	train	train	train	train	0		1	1	495	163	458	0	1	931ab347245b93999fa0efc07391da0a5643d4b1	931ab347245b93999fa0efc07391da0a5643d4b1	1	1	DYN	1	609	609	1.0	archive		1			
m4_m4_clang_O0	m4	m4_clang	O0	clang_train	clang_train/bins/m4_m4_clang_O0.debug	clang_train/bins/m4_m4_clang_O0	1	1	clang_train/bir/m4_m4_clang_O0.bir	8556836	1	784	schemaA:functions=name->addr		1119	816	156			784															d7b192b30e18dc5a9912df481cb2343a0d3e2c84	d7b192b30e18dc5a9912df481cb2343a0d3e2c84	1	1	DYN	1	825	825	1.0	computed		1			
m4_m4_clang_O1	m4	m4_clang	O1	clang_train	clang_train/bins/m4_m4_clang_O1.debug	clang_train/bins/m4_m4_clang_O1	1	1	clang_train/bir/m4_m4_clang_O1.bir	4802362	1	517	schemaA:functions=name->addr		594	294	154			293															465ca8d305ecb7f35c672aba613df5162bec87f6	465ca8d305ecb7f35c672aba613df5162bec87f6	1	1	DYN	1	553	553	0.9829931972789115	computed		1			
m4_m4_clang_O2	m4	m4_clang	O2	clang_train	clang_train/bins/m4_m4_clang_O2.debug	clang_train/bins/m4_m4_clang_O2	1	1	clang_train/bir/m4_m4_clang_O2.bir	4616014	1	520	schemaA:functions=name->addr		586	286	154			287															b27900e50cb4d7b66f439b2f547b03d74bcf8ee9	b27900e50cb4d7b66f439b2f547b03d74bcf8ee9	1	1	DYN	1	556	556	0.9825174825174825	computed		1			
m4_m4_clang_O3	m4	m4_clang	O3	clang_train	clang_train/bins/m4_m4_clang_O3.debug	clang_train/bins/m4_m4_clang_O3	1	1	clang_train/bir/m4_m4_clang_O3.bir	4905961	1	515	schemaA:functions=name->addr		584	284	154			285															464645d918187fe694283b72b15b397a822f69e8	464645d918187fe694283b72b15b397a822f69e8	1	1	DYN	1	551	551	0.9823943661971831	computed		1			
mailutils_frm_O0	mailutils	frm	O0	local_main;wulver	data/raw/mailutils_frm_O0_sym	data/stripped/mailutils_frm_O0_stripped	1	1	data/bir/mailutils_frm_O0.bir	182802	1	27	schemaA:functions=addr->name		161	40	58	20	0			train	train	train		0		1	1	40	58	20	0	1	99e8faa1c9540dd24453d66267b2d4c959be2384	99e8faa1c9540dd24453d66267b2d4c959be2384	1	1	DYN	1	24	24	1.0	archive	mailutils_frm_O2:1.0	1			dup_group_keeper:mailutils_frm_O2
mailutils_frm_O2	mailutils	frm	O2	local_main;wulver	data/raw/mailutils_frm_O2_sym	data/stripped/mailutils_frm_O2_stripped	1	1	data/bir/mailutils_frm_O2.bir	182802	1	27	schemaA:functions=addr->name		161	40	58	20	0			train	train	train		0		1	1	40	58	20	0	1	99e8faa1c9540dd24453d66267b2d4c959be2384	99e8faa1c9540dd24453d66267b2d4c959be2384	1	1	DYN	1	24	24	1.0	archive	mailutils_frm_O0:1.0	0	duplicate_build_of:mailutils_frm_O0		
mailutils_mail_O0	mailutils	mail	O0	local_main;wulver	data/raw/mailutils_mail_O0_sym	data/stripped/mailutils_mail_O0_stripped	1	1	data/bir/mailutils_mail_O0.bir	2518745	1	385	schemaA:functions=addr->name		1405	791	304	421	0			train	train	train		0		1	1	791	304	421	0	1	833a6391fcd77a2addce3a70551c44796daff442	833a6391fcd77a2addce3a70551c44796daff442	1	1	DYN	1	425	425	1.0	archive	mailutils_mail_O2:1.0	1			dup_group_keeper:mailutils_mail_O2
mailutils_mail_O2	mailutils	mail	O2	local_main;wulver	data/raw/mailutils_mail_O2_sym	data/stripped/mailutils_mail_O2_stripped	1	1	data/bir/mailutils_mail_O2.bir	2518745	1	385	schemaA:functions=addr->name		1405	791	304	421	0			train	train	train		0		1	1	791	304	421	0	1	833a6391fcd77a2addce3a70551c44796daff442	833a6391fcd77a2addce3a70551c44796daff442	1	1	DYN	1	425	425	1.0	archive	mailutils_mail_O0:1.0	0	duplicate_build_of:mailutils_mail_O0		
mailutils_messages_O0	mailutils	messages	O0	local_main;wulver	data/raw/mailutils_messages_O0_sym	data/stripped/mailutils_messages_O0_stripped	1	1	data/bir/mailutils_messages_O0.bir	34311	1	9	schemaA:functions=addr->name		48	4	20	2	0			train	train	train		0		1	1	4	20	2	0	1	bc8b8d27a011c1dd21ab890540650fd24508de3c	bc8b8d27a011c1dd21ab890540650fd24508de3c	1	1	DYN	1	6	6	1.0	archive	mailutils_messages_O2:1.0	1			dup_group_keeper:mailutils_messages_O2
mailutils_messages_O2	mailutils	messages	O2	local_main;wulver	data/raw/mailutils_messages_O2_sym	data/stripped/mailutils_messages_O2_stripped	1	1	data/bir/mailutils_messages_O2.bir	34311	1	9	schemaA:functions=addr->name		48	4	20	2	0			train	train	train		0		1	1	4	20	2	0	1	bc8b8d27a011c1dd21ab890540650fd24508de3c	bc8b8d27a011c1dd21ab890540650fd24508de3c	1	1	DYN	1	6	6	1.0	archive	mailutils_messages_O0:1.0	0	duplicate_build_of:mailutils_messages_O0		
mailutils_readmsg_O0	mailutils	readmsg	O0	local_main;wulver	data/raw/mailutils_readmsg_O0_sym	data/stripped/mailutils_readmsg_O0_stripped	1	1	data/bir/mailutils_readmsg_O0.bir	211196	1	37	schemaA:functions=addr->name		208	56	74	30	0			train	train	train		0		1	1	56	74	30	0	1	0acee42805cbb4c3e386c2039f985af8111e7783	0acee42805cbb4c3e386c2039f985af8111e7783	1	1	DYN	1	34	34	1.0	archive	mailutils_readmsg_O2:1.0	1			dup_group_keeper:mailutils_readmsg_O2
mailutils_readmsg_O2	mailutils	readmsg	O2	local_main;wulver	data/raw/mailutils_readmsg_O2_sym	data/stripped/mailutils_readmsg_O2_stripped	1	1	data/bir/mailutils_readmsg_O2.bir	211196	1	37	schemaA:functions=addr->name		208	56	74	30	0			train	train	train		0		1	1	56	74	30	0	1	0acee42805cbb4c3e386c2039f985af8111e7783	0acee42805cbb4c3e386c2039f985af8111e7783	1	1	DYN	1	34	34	1.0	archive	mailutils_readmsg_O0:1.0	0	duplicate_build_of:mailutils_readmsg_O0		
make_make	make	make	default	local_main;wulver	data/raw/make_make_sym	data/stripped/make_make_stripped	1	1	data/bir/make_make.bir	4794824	1	375	schemaA:functions=name->addr		643	124	380	123	0		train	train	train	train	train	0		1	1	124	380	123	0	1	4614523e4e7a32f57991a07125ba9e8f16792b75	4614523e4e7a32f57991a07125ba9e8f16792b75	1	1	DYN	1	379	379	1.0	archive		1			
make_make_O0	make	make	O0	local_main;wulver	data/raw/make_make_O0_sym	data/stripped/make_make_O0_stripped	1	1	data/bir/make_make_O0.bir	6268541	1	416	schemaA:functions=name->addr		1107	595	376	594	0		train	train	train	train	train	0		1	1	595	376	594	0	1	4aa9786bca84f3c23e48eb2a844aa2f993dd8bc1	4aa9786bca84f3c23e48eb2a844aa2f993dd8bc1	1	1	DYN	1	420	420	1.0	archive		1			
make_make_O1	make	make	O1	local_main;wulver	data/raw/make_make_O1_sym	data/stripped/make_make_O1_stripped	1	1	data/bir/make_make_O1.bir	4570274	1	372	schemaA:functions=name->addr		645	129	390	128	0		train	train	train	train	train	0		1	1	129	390	128	0	1	9427789076a822c2c9cb61173c58a9796cccc449	9427789076a822c2c9cb61173c58a9796cccc449	1	1	DYN	1	376	376	1.0	archive		1			
make_make_O2	make	make	O2	local_main;wulver	data/raw/make_make_O2_sym	data/stripped/make_make_O2_stripped	1	1	data/bir/make_make_O2.bir	4794824	1	375	schemaA:functions=name->addr		643	124	380	123	0		train	train	train	train	train	0		1	1	124	380	123	0	1	4614523e4e7a32f57991a07125ba9e8f16792b75	4614523e4e7a32f57991a07125ba9e8f16792b75	1	1	DYN	1	379	379	1.0	archive		1			
make_make_O3	make	make	O3	local_main;wulver	data/raw/make_make_O3_sym	data/stripped/make_make_O3_stripped	1	1	data/bir/make_make_O3.bir	5287389	1	371	schemaA:functions=name->addr		637	118	393	117	0		train	train	train	train	train	0		1	1	118	393	117	0	1	4cafa661e348c4262a5c9add740ab5fb0aa25723	4cafa661e348c4262a5c9add740ab5fb0aa25723	1	1	DYN	1	375	375	1.0	archive		1			
make_make_clang_O0	make	make_clang	O0	clang_train	clang_train/bins/make_make_clang_O0.debug	clang_train/bins/make_make_clang_O0	1	1	clang_train/bir/make_make_clang_O0.bir	6084016	1	416	schemaA:functions=name->addr		690	181	375			416															21122669480aaeb12e08e2d4b0f4850b751fc379	21122669480aaeb12e08e2d4b0f4850b751fc379	1	1	DYN	1	419	419	1.0	computed		1			
make_make_clang_O1	make	make_clang	O1	clang_train	clang_train/bins/make_make_clang_O1.debug	clang_train/bins/make_make_clang_O1	1	1	clang_train/bir/make_make_clang_O1.bir	4635836	1	362	schemaA:functions=name->addr		571	60	376			295															c21753967ecb5449556a3db4f44504258fc795f9	c21753967ecb5449556a3db4f44504258fc795f9	1	1	DYN	1	365	365	1.0	computed		1			
make_make_clang_O2	make	make_clang	O2	clang_train	clang_train/bins/make_make_clang_O2.debug	clang_train/bins/make_make_clang_O2	1	1	clang_train/bir/make_make_clang_O2.bir	4504874	1	362	schemaA:functions=name->addr		572	61	376			296															5c40d1c2b349a7d0c704e89333f0dca9d4bc15e5	5c40d1c2b349a7d0c704e89333f0dca9d4bc15e5	1	1	DYN	1	365	365	1.0	computed		1			
make_make_clang_O3	make	make_clang	O3	clang_train	clang_train/bins/make_make_clang_O3.debug	clang_train/bins/make_make_clang_O3	1	1	clang_train/bir/make_make_clang_O3.bir	4669015	1	362	schemaA:functions=name->addr		572	61	376			296															fbbd5e9f822a9bad41e8ac8fb268c410f3c1bfea	fbbd5e9f822a9bad41e8ac8fb268c410f3c1bfea	1	1	DYN	1	365	365	1.0	computed		1			
mawk_mawk_O2	mawk	mawk	O2	local_main:cross_project	data/cross_project/candidates/mawk_mawk_O2		1	0			0																									c4751efc480adbb85a0a64094e80068cc5843c33			DYN	1		239				0	no_stripped_elf;no_bir;no_labels;no_sub_graphs;no_matched_functions	local_cross_project_dir	
mbedtls_cert_write_O0	mbedtls	cert_write	O0	ftdomains	ftdomains/bins/mbedtls_cert_write_O0.debug	ftdomains/bins/mbedtls_cert_write_O0	1	1	ftdomains/bir/mbedtls_cert_write_O0.bir	23917423	1	2360	schemaA:functions=name->addr		4899	4767	63																		3f1529d106515cac83141abacdd5d24eba76f22d	3f1529d106515cac83141abacdd5d24eba76f22d	1	1	DYN	1	2627	2627	1.0	computed		0	no_matched_functions		
mbedtls_cert_write_O1	mbedtls	cert_write	O1	ftdomains	ftdomains/bins/mbedtls_cert_write_O1.debug	ftdomains/bins/mbedtls_cert_write_O1	1	1	ftdomains/bir/mbedtls_cert_write_O1.bir	14760790	1	1648	schemaA:functions=name->addr		1539	1401	66																		969490a929af982ab1479c0262a701fb4eee22b9	969490a929af982ab1479c0262a701fb4eee22b9	1	1	DYN	1	1657	1657	1.0	computed		0	no_matched_functions		
mbedtls_cert_write_O2	mbedtls	cert_write	O2	ftdomains	ftdomains/bins/mbedtls_cert_write_O2.debug	ftdomains/bins/mbedtls_cert_write_O2	1	1	ftdomains/bir/mbedtls_cert_write_O2.bir	15643021	1	1638	schemaA:functions=name->addr		1470	1330	66																		6e75d9884109151f5291ea63b977ab4f55f05d2f	6e75d9884109151f5291ea63b977ab4f55f05d2f	1	1	DYN	1	1643	1643	0.9966666666666667	computed		0	no_matched_functions		
mbedtls_cert_write_O3	mbedtls	cert_write	O3	ftdomains	ftdomains/bins/mbedtls_cert_write_O3.debug	ftdomains/bins/mbedtls_cert_write_O3	1	1	ftdomains/bir/mbedtls_cert_write_O3.bir	19015456	1	1597	schemaA:functions=name->addr		1439	1299	66																		3a820247e64cec67b65c78c3f932bad239d6184f	3a820247e64cec67b65c78c3f932bad239d6184f	1	1	DYN	1	1602	1602	1.0	computed		0	no_matched_functions		
mbedtls_crypt_and_hash_O0	mbedtls	crypt_and_hash	O0	ftdomains	ftdomains/bins/mbedtls_crypt_and_hash_O0.debug	ftdomains/bins/mbedtls_crypt_and_hash_O0	1	1	ftdomains/bir/mbedtls_crypt_and_hash_O0.bir	23028581	1	2295	schemaA:functions=name->addr		4770	4636	64																		3ea10bb62084795d6846923919098fe8ce3df260	3ea10bb62084795d6846923919098fe8ce3df260	1	1	DYN	1	2560	2560	1.0	computed		0	no_matched_functions		
mbedtls_crypt_and_hash_O1	mbedtls	crypt_and_hash	O1	ftdomains	ftdomains/bins/mbedtls_crypt_and_hash_O1.debug	ftdomains/bins/mbedtls_crypt_and_hash_O1	1	1	ftdomains/bir/mbedtls_crypt_and_hash_O1.bir	14166756	1	1598	schemaA:functions=name->addr		1493	1351	68																		3904a9aed17944ac77b8ef0f0c67afca2380f67c	3904a9aed17944ac77b8ef0f0c67afca2380f67c	1	1	DYN	1	1607	1607	1.0	computed		0	no_matched_functions		
mbedtls_crypt_and_hash_O2	mbedtls	crypt_and_hash	O2	ftdomains	ftdomains/bins/mbedtls_crypt_and_hash_O2.debug	ftdomains/bins/mbedtls_crypt_and_hash_O2	1	1	ftdomains/bir/mbedtls_crypt_and_hash_O2.bir	15039654	1	1586	schemaA:functions=name->addr		1419	1275	68																		2db3666f7306a964c273bc78bb31ee51371424df	2db3666f7306a964c273bc78bb31ee51371424df	1	1	DYN	1	1591	1591	0.9966666666666667	computed		0	no_matched_functions		
mbedtls_crypt_and_hash_O3	mbedtls	crypt_and_hash	O3	ftdomains	ftdomains/bins/mbedtls_crypt_and_hash_O3.debug	ftdomains/bins/mbedtls_crypt_and_hash_O3	1	1	ftdomains/bir/mbedtls_crypt_and_hash_O3.bir	18395451	1	1547	schemaA:functions=name->addr		1388	1244	68																		e9b8008e6f3741850c4e76e9609c6f4cd01d0135	e9b8008e6f3741850c4e76e9609c6f4cd01d0135	1	1	DYN	1	1552	1552	1.0	computed		0	no_matched_functions		
mbedtls_gen_key_O0	mbedtls	gen_key	O0	ftdomains	ftdomains/bins/mbedtls_gen_key_O0.debug	ftdomains/bins/mbedtls_gen_key_O0	1	1	ftdomains/bir/mbedtls_gen_key_O0.bir	23332897	1	2314	schemaA:functions=name->addr		4804	4676	61																		5428c42d858142980cfa244c5b789f0398bb65ee	5428c42d858142980cfa244c5b789f0398bb65ee	1	1	DYN	1	2582	2582	1.0	computed		0	no_matched_functions		
mbedtls_gen_key_O1	mbedtls	gen_key	O1	ftdomains	ftdomains/bins/mbedtls_gen_key_O1.debug	ftdomains/bins/mbedtls_gen_key_O1	1	1	ftdomains/bir/mbedtls_gen_key_O1.bir	14330711	1	1610	schemaA:functions=name->addr		1497	1363	64																		c1b5b36c4e7e4ed5a1fd88bbfc27841fd2e25823	c1b5b36c4e7e4ed5a1fd88bbfc27841fd2e25823	1	1	DYN	1	1619	1619	1.0	computed		0	no_matched_functions		
mbedtls_gen_key_O2	mbedtls	gen_key	O2	ftdomains	ftdomains/bins/mbedtls_gen_key_O2.debug	ftdomains/bins/mbedtls_gen_key_O2	1	1	ftdomains/bir/mbedtls_gen_key_O2.bir	15209994	1	1601	schemaA:functions=name->addr		1430	1294	64																		3f53c2a496b45a20c467654c192c1dcbf92c3362	3f53c2a496b45a20c467654c192c1dcbf92c3362	1	1	DYN	1	1606	1606	0.9966666666666667	computed		0	no_matched_functions		
mbedtls_gen_key_O3	mbedtls	gen_key	O3	ftdomains	ftdomains/bins/mbedtls_gen_key_O3.debug	ftdomains/bins/mbedtls_gen_key_O3	1	1	ftdomains/bir/mbedtls_gen_key_O3.bir	18571906	1	1560	schemaA:functions=name->addr		1400	1264	64																		86f6e3d3dd970d72756810e9228d152cb0ab1a9e	86f6e3d3dd970d72756810e9228d152cb0ab1a9e	1	1	DYN	1	1565	1565	1.0	computed		0	no_matched_functions		
mbedtls_ssl_client1_O0	mbedtls	ssl_client1	O0	ftdomains	ftdomains/bins/mbedtls_ssl_client1_O0.debug	ftdomains/bins/mbedtls_ssl_client1_O0	1	1	ftdomains/bir/mbedtls_ssl_client1_O0.bir	23273724	1	2314	schemaA:functions=name->addr		4830	4672	76																		619e56b30e0eca2bd48a3907e8cc88f2e7c78097	619e56b30e0eca2bd48a3907e8cc88f2e7c78097	1	1	DYN	1	2576	2576	1.0	computed		0	no_matched_functions		
mbedtls_ssl_client1_O1	mbedtls	ssl_client1	O1	ftdomains	ftdomains/bins/mbedtls_ssl_client1_O1.debug	ftdomains/bins/mbedtls_ssl_client1_O1	1	1	ftdomains/bir/mbedtls_ssl_client1_O1.bir	14287724	1	1616	schemaA:functions=name->addr		1528	1364	79																		ba4bc14b2239db7a24ec4aade8bbd7f24afe01e1	ba4bc14b2239db7a24ec4aade8bbd7f24afe01e1	1	1	DYN	1	1625	1625	1.0	computed		0	no_matched_functions		
mbedtls_ssl_client1_O2	mbedtls	ssl_client1	O2	ftdomains	ftdomains/bins/mbedtls_ssl_client1_O2.debug	ftdomains/bins/mbedtls_ssl_client1_O2	1	1	ftdomains/bir/mbedtls_ssl_client1_O2.bir	15170962	1	1603	schemaA:functions=name->addr		1454	1288	79																		2c463412c27d5be6f074f73e0fe441265719a69d	2c463412c27d5be6f074f73e0fe441265719a69d	1	1	DYN	1	1608	1608	0.9966666666666667	computed		0	no_matched_functions		
mbedtls_ssl_client1_O3	mbedtls	ssl_client1	O3	ftdomains	ftdomains/bins/mbedtls_ssl_client1_O3.debug	ftdomains/bins/mbedtls_ssl_client1_O3	1	1	ftdomains/bir/mbedtls_ssl_client1_O3.bir	18530534	1	1564	schemaA:functions=name->addr		1424	1258	79																		a734eaf1449d1102081ce16ccbd40729e54bb144	a734eaf1449d1102081ce16ccbd40729e54bb144	1	1	DYN	1	1569	1569	1.0	computed		0	no_matched_functions		
mbedtls_ssl_server2_O0	mbedtls	ssl_server2	O0	ftdomains	ftdomains/bins/mbedtls_ssl_server2_O0.debug	ftdomains/bins/mbedtls_ssl_server2_O0	1	1	ftdomains/bir/mbedtls_ssl_server2_O0.bir	24610621	1	2383	schemaA:functions=name->addr		4977	4813	79																		3c3e398e68d0da40825f2d5b63a7ce7a85f980a3	3c3e398e68d0da40825f2d5b63a7ce7a85f980a3	1	1	DYN	1	2654	2654	1.0	computed		0	no_matched_functions		
mbedtls_ssl_server2_O1	mbedtls	ssl_server2	O1	ftdomains	ftdomains/bins/mbedtls_ssl_server2_O1.debug	ftdomains/bins/mbedtls_ssl_server2_O1	1	1	ftdomains/bir/mbedtls_ssl_server2_O1.bir	15288855	1	1666	schemaA:functions=name->addr		1617	1445	83																		9ae0603cd22aad88824b0ef7469b6c5220c3ed3b	9ae0603cd22aad88824b0ef7469b6c5220c3ed3b	1	1	DYN	1	1675	1675	1.0	computed		0	no_matched_functions		
mbedtls_ssl_server2_O2	mbedtls	ssl_server2	O2	ftdomains	ftdomains/bins/mbedtls_ssl_server2_O2.debug	ftdomains/bins/mbedtls_ssl_server2_O2	1	1	ftdomains/bir/mbedtls_ssl_server2_O2.bir	16226427	1	1652	schemaA:functions=name->addr		1540	1366	83																		2c6edb7c44184435921f5a23dc9b0eab338108de	2c6edb7c44184435921f5a23dc9b0eab338108de	1	1	DYN	1	1657	1657	0.9966666666666667	computed		0	no_matched_functions		
mbedtls_ssl_server2_O3	mbedtls	ssl_server2	O3	ftdomains	ftdomains/bins/mbedtls_ssl_server2_O3.debug	ftdomains/bins/mbedtls_ssl_server2_O3	1	1	ftdomains/bir/mbedtls_ssl_server2_O3.bir	19647061	1	1611	schemaA:functions=name->addr		1506	1332	83																		401991aaffcf1b8f9f735cfbb10f192764fd708a	401991aaffcf1b8f9f735cfbb10f192764fd708a	1	1	DYN	1	1616	1616	1.0	computed		0	no_matched_functions		
mksh_mksh_O0	mksh	mksh	O0	local_main:_p0_0_6_siblings;wulver		data/stripped/_p0_0_6_siblings/mksh_mksh_O0_stripped	0	1	data/bir/_p0_0_6_siblings/mksh_mksh_O0.bir	6685358	0											excluded		excluded		1	6685358	1	1	580	90	579	1	1					EXEC	1	3		1.0	computed		1		excluded_in_wulver_v1(not in paper_clean)	
mksh_mksh_O1	mksh	mksh	O1	local_main:_p0_0_6_siblings;wulver		data/stripped/_p0_0_6_siblings/mksh_mksh_O1_stripped	0	1	data/bir/_p0_0_6_siblings/mksh_mksh_O1.bir	4334491	0											excluded		excluded		1	4334491	1	1	405	89	403	1	1					EXEC	1	3		0.99	computed		1		excluded_in_wulver_v1(not in paper_clean)	
mksh_mksh_O2	mksh	mksh	O2	local_main:_p0_0_6_siblings;wulver		data/stripped/_p0_0_6_siblings/mksh_mksh_O2_stripped	0	1	data/bir/_p0_0_6_siblings/mksh_mksh_O2.bir	4894723	0											excluded		excluded		1	4894723	1	1	361	90	359	1	1					EXEC	1	3		0.9933333333333333	computed		1		excluded_in_wulver_v1(not in paper_clean)	
mksh_mksh_O3	mksh	mksh	O3	local_main:_p0_0_6_siblings;wulver		data/stripped/_p0_0_6_siblings/mksh_mksh_O3_stripped	0	1	data/bir/_p0_0_6_siblings/mksh_mksh_O3.bir	5952777	0											excluded		excluded		1	5952777	1	1	339	89	336	1	1					EXEC	1	3		0.99	computed		1		excluded_in_wulver_v1(not in paper_clean)	
mutt_mutt_O0	mutt	mutt	O0	local_main:_p0_0_6_xrep;wulver		data/stripped/_p0_0_6_xrep/mutt_mutt_O0_stripped	0	1	data/bir/_p0_0_6_xrep/mutt_mutt_O0.bir	15792275	0															0		1	0				1	1					EXEC	1	1468		1.0	computed		0	no_sub_graphs;no_matched_functions		
mutt_mutt_O1	mutt	mutt	O1	local_main:_p0_0_6_xrep;wulver		data/stripped/_p0_0_6_xrep/mutt_mutt_O1_stripped	0	1	data/bir/_p0_0_6_xrep/mutt_mutt_O1.bir	10707101	0															0		1	0				1	1					EXEC	1	1200		0.9733333333333334	computed		0	no_sub_graphs;no_matched_functions		
mutt_mutt_O2	mutt	mutt	O2	local_main:_p0_0_6_xrep;wulver		data/stripped/_p0_0_6_xrep/mutt_mutt_O2_stripped	0	1	data/bir/_p0_0_6_xrep/mutt_mutt_O2.bir	11090066	0															0		1	0				1	1					EXEC	1	1155		0.9766666666666667	computed		0	no_sub_graphs;no_matched_functions		
mutt_mutt_O3	mutt	mutt	O3	local_main:_p0_0_6_xrep;wulver		data/stripped/_p0_0_6_xrep/mutt_mutt_O3_stripped	0	1	data/bir/_p0_0_6_xrep/mutt_mutt_O3.bir	13332233	0															0		1	0				1	1					EXEC	1	1114		0.9833333333333333	computed		0	no_sub_graphs;no_matched_functions		
mutt_mutt_dotlock_O0	mutt	mutt_dotlock	O0	local_main:_p0_0_6_xrep;wulver		data/stripped/_p0_0_6_xrep/mutt_mutt_dotlock_O0_stripped	0	1	data/bir/_p0_0_6_xrep/mutt_mutt_dotlock_O0.bir	96229	0															0		1	0				1	1					EXEC	1	17		1.0	computed		0	no_sub_graphs;no_matched_functions		
mutt_mutt_dotlock_O1	mutt	mutt_dotlock	O1	local_main:_p0_0_6_xrep;wulver		data/stripped/_p0_0_6_xrep/mutt_mutt_dotlock_O1_stripped	0	1	data/bir/_p0_0_6_xrep/mutt_mutt_dotlock_O1.bir	40826	0															0		1	0				1	1					EXEC	1	9		0.7142857142857143	computed		0	elfcheck_ratio<0.8(0.71);no_sub_graphs;no_matched_functions		
mutt_mutt_dotlock_O2	mutt	mutt_dotlock	O2	local_main:_p0_0_6_xrep;wulver		data/stripped/_p0_0_6_xrep/mutt_mutt_dotlock_O2_stripped	0	1	data/bir/_p0_0_6_xrep/mutt_mutt_dotlock_O2.bir	81683	0															0		1	0				1	1					EXEC	1	9		0.75	computed		0	elfcheck_ratio<0.8(0.75);no_sub_graphs;no_matched_functions		
mutt_mutt_dotlock_O3	mutt	mutt_dotlock	O3	local_main:_p0_0_6_xrep;wulver		data/stripped/_p0_0_6_xrep/mutt_mutt_dotlock_O3_stripped	0	1	data/bir/_p0_0_6_xrep/mutt_mutt_dotlock_O3.bir	81683	0															0		1	0				1	1					EXEC	1	9		0.75	computed		0	elfcheck_ratio<0.8(0.75);no_sub_graphs;no_matched_functions		
nano_nano	nano	nano	default	local_main;wulver	data/raw/nano_nano_sym	data/stripped/nano_nano_stripped	1	1	data/bir/nano_nano.bir	5070990	1	483	schemaA:functions=name->addr		768	400	182	397	0		train	train	train	train	train	0		1	1	400	182	397	0	1	1864a743021fc1d49fd8c46659bfb9b6dbfc5e3f	1864a743021fc1d49fd8c46659bfb9b6dbfc5e3f	1	1	DYN	1	488	488	1.0	archive		1			
nettle_nettle-hash_O0	nettle	nettle-hash	O0	local_main;wulver	data/raw/nettle_nettle-hash_O0	data/stripped/nettle_nettle-hash_O0_stripped	1	1	data/bir/nettle_nettle-hash_O0.bir	76221	1	16	flat:addr->name		69	17	23	8	0			train	train	train		0		1	1	17	23	8	0	1	db7b9958079a95354dd0af135c95eaef2fa3d864	db7b9958079a95354dd0af135c95eaef2fa3d864	1	1	EXEC	1	12	12	1.0	archive		1			
nettle_nettle-hash_O1	nettle	nettle-hash	O1	local_main;wulver	data/raw/nettle_nettle-hash_O1	data/stripped/nettle_nettle-hash_O1_stripped	1	1	data/bir/nettle_nettle-hash_O1.bir	62464	1	14	flat:addr->name		58	6	23	5	0			train	train	train		0		1	1	6	23	5	0	1	4b92158d6faf8c2c7e0ef75764a50c239b695085	4b92158d6faf8c2c7e0ef75764a50c239b695085	1	1	EXEC	1	10	10	1.0	archive		1			
nettle_nettle-hash_O2	nettle	nettle-hash	O2	local_main;wulver	data/raw/nettle_nettle-hash_O2	data/stripped/nettle_nettle-hash_O2_stripped	1	1	data/bir/nettle_nettle-hash_O2.bir	65355	1	15	flat:addr->name		59	7	23	6	0			train	train	train		0		1	1	7	23	6	0	1	042a559ee5c599a766f9bf77fb3abafc068990a7	042a559ee5c599a766f9bf77fb3abafc068990a7	1	1	EXEC	1	11	11	1.0	archive		1			
nettle_nettle-hash_O3	nettle	nettle-hash	O3	local_main;wulver	data/raw/nettle_nettle-hash_O3	data/stripped/nettle_nettle-hash_O3_stripped	1	1	data/bir/nettle_nettle-hash_O3.bir	65363	1	15	flat:addr->name		59	7	23	6	0			train	train	train		0		1	1	7	23	6	0	1	9ac950151b1846c20724a9795b90cd2212a4e9ee	9ac950151b1846c20724a9795b90cd2212a4e9ee	1	1	EXEC	1	11	11	1.0	archive		1			
nettle_sexp-conv_O0	nettle	sexp-conv	O0	local_main;wulver	data/raw/nettle_sexp-conv_O0	data/stripped/nettle_sexp-conv_O0_stripped	1	1	data/bir/nettle_sexp-conv_O0.bir	236935	1	45	flat:addr->name		132	75	25	37	0			train	train	train		0		1	1	75	25	37	0	1	1e26898bf89551553d9fe42bdb159d827404d061	1e26898bf89551553d9fe42bdb159d827404d061	1	1	EXEC	1	41	41	1.0	archive		1			
nettle_sexp-conv_O1	nettle	sexp-conv	O1	local_main;wulver	data/raw/nettle_sexp-conv_O1	data/stripped/nettle_sexp-conv_O1_stripped	1	1	data/bir/nettle_sexp-conv_O1.bir	175398	1	39	flat:addr->name		88	33	24	31	0			train	train	train		0		1	1	33	24	31	0	1	8d7894412fe37b80f19613691c56f3537343384b	8d7894412fe37b80f19613691c56f3537343384b	1	1	EXEC	1	35	35	1.0	archive		1			
nettle_sexp-conv_O2	nettle	sexp-conv	O2	local_main;wulver	data/raw/nettle_sexp-conv_O2	data/stripped/nettle_sexp-conv_O2_stripped	1	1	data/bir/nettle_sexp-conv_O2.bir	190169	1	43	flat:addr->name		89	34	24	32	0			train	train	train		0		1	1	34	24	32	0	1	42fb95cca488397db70848fca522b810c0315895	42fb95cca488397db70848fca522b810c0315895	1	1	EXEC	1	39	39	1.0	archive		1			
nettle_sexp-conv_O3	nettle	sexp-conv	O3	local_main;wulver	data/raw/nettle_sexp-conv_O3	data/stripped/nettle_sexp-conv_O3_stripped	1	1	data/bir/nettle_sexp-conv_O3.bir	283410	1	43	flat:addr->name		89	34	24	32	0			train	train	train		0		1	1	34	24	32	0	1	e1ba8f66485a7094086bc9c3990e0679679ac231	e1ba8f66485a7094086bc9c3990e0679679ac231	1	1	EXEC	1	39	39	1.0	archive		1			
nginx114_nginx114_O0	nginx114	nginx114	O0	wulver			0	0			0															0		1	1	2221	589		0	0												0	no_debug_elf;no_stripped_elf;no_bir;no_matched_functions		
nginx114_nginx114_O2	nginx114	nginx114	O2	wulver			0	0			0															0		1	1	458	587		0	0												0	no_debug_elf;no_stripped_elf;no_bir;no_matched_functions		
nginx118_nginx118_O0	nginx118	nginx118	O0	local_main;local_main:cross_project;wulver		data/cross_project/stripped/nginx118_nginx118_O0_stripped	0	1	data/bir/nginx118_nginx118_O0.bir	21356496	0			1421	3018	0		0				excluded	xproject	excluded		0		1	1	2274	598		0	1	3694319c9e8096569c0cb4812b3b4c09f2ec017d				EXEC	1	1416		1.0	archive		0	no_debug_elf;no_matched_functions	xproject_holdout(wulver_paper_clean);local_cross_project_dir	
nginx118_nginx118_O1	nginx118	nginx118	O1	local_main;local_main:cross_project;wulver		data/cross_project/stripped/nginx118_nginx118_O1_stripped	0	1	data/bir/nginx118_nginx118_O1.bir	13095465	0			1161	1218	0		0				excluded	xproject	excluded		0		1	1	481	594		0	1	ba9fb2a6428b05f9ee1269ca2bcbafa39ebdab29				EXEC	1	1156		0.9966666666666667	archive		0	no_debug_elf;no_matched_functions	xproject_holdout(wulver_paper_clean);local_cross_project_dir	
nginx118_nginx118_O2	nginx118	nginx118	O2	local_main;local_main:cross_project;wulver		data/cross_project/stripped/nginx118_nginx118_O2_stripped	0	1	data/bir/nginx118_nginx118_O2.bir	13563742	0			1160	1208	0		0				excluded	xproject	excluded		0		1	1	467	596		0	1	19be64d8318f45b381a479861f29c5f529892d9f				EXEC	1	1155		0.9966666666666667	archive		0	no_debug_elf;no_matched_functions	xproject_holdout(wulver_paper_clean);local_cross_project_dir	
nginx118_nginx118_O3	nginx118	nginx118	O3	local_main;local_main:cross_project;wulver		data/cross_project/stripped/nginx118_nginx118_O3_stripped	0	1	data/bir/nginx118_nginx118_O3.bir	14785335	0			1123	1185	0		0				excluded	xproject	excluded		0		1	1	444	596		0	1	7a7f147324d225da91479a5717c4cbca8b981c23				EXEC	1	1118		1.0	archive		0	no_debug_elf;no_matched_functions	xproject_holdout(wulver_paper_clean);local_cross_project_dir	
nginx118_nginx_clang_O1	nginx118	nginx_clang	O1	clang_o1o3	clang_o1o3/bins/nginx118_nginx_clang_O1.debug	clang_o1o3/bins/nginx118_nginx_clang_O1	1	1	clang_o1o3/bir/nginx118_nginx_clang_O1.bir	9952223	1	1292	schemaA:functions=name->addr		1366	198	843																						DYN	1	1296	1296	1.0	computed		0	no_matched_functions		
nginx118_nginx_clang_O3	nginx118	nginx_clang	O3	clang_o1o3	clang_o1o3/bins/nginx118_nginx_clang_O3.debug	clang_o1o3/bins/nginx118_nginx_clang_O3	1	1	clang_o1o3/bir/nginx118_nginx_clang_O3.bir	10829153	1	1285	schemaA:functions=name->addr		1363	193	844																						DYN	1	1289	1289	1.0	computed		0	no_matched_functions		
nginx126_nginx126_O0	nginx126	nginx126	O0	wulver			0	0			0															0		1	1	2313	616		0	0												0	no_debug_elf;no_stripped_elf;no_bir;no_matched_functions		
nginx126_nginx126_O2	nginx126	nginx126	O2	wulver			0	0			0															0		1	1	475	614		0	0												0	no_debug_elf;no_stripped_elf;no_bir;no_matched_functions		
nginx_nginx_O0	nginx	nginx	O0	local_main;local_main:cross_project;wulver	data/raw/nginx_nginx_O0_sym	data/stripped/nginx_nginx_O0	1	2	data/bir/nginx_nginx_O0.bir	23162556	1	1424	schemaA:functions=name->addr		3206	2423	628	2422	0			train	train	train		0		1	1	2423	628	2422	0	1	f85785a12c9b8147af1acfc578ef2bb1e5903a1e	f85785a12c9b8147af1acfc578ef2bb1e5903a1e	1	1	DYN	1	1501	1501	1.0	archive		1		local_cross_project_dir	
nginx_nginx_O2	nginx	nginx	O2	local_main;local_main:cross_project;wulver	data/raw/nginx_nginx_O2_sym	data/stripped/nginx_nginx_O2	1	2	data/bir/nginx_nginx_O2.bir	14817976	1	1224	schemaA:functions=name->addr		1287	507	626	503	0			train	train	train		0		1	1	507	626	503	0	1	bd26e59398df2c9952706eff02d0f07e8f37f0b1	bd26e59398df2c9952706eff02d0f07e8f37f0b1	1	1	DYN	1	1228	1228	0.9966666666666667	archive		1		local_cross_project_dir	
openresty_nginx_O0	openresty	nginx	O0	wulver			0	0			0															0		1	1	5514	1681		0	0												0	no_debug_elf;no_stripped_elf;no_bir;no_matched_functions		
openresty_nginx_O1	openresty	nginx	O1	wulver			0	0			0															0		1	1	1119	1676		0	0												0	no_debug_elf;no_stripped_elf;no_bir;no_matched_functions		
openresty_nginx_O2	openresty	nginx	O2	wulver			0	0			0															0		1	1	1081	1678		0	0												0	no_debug_elf;no_stripped_elf;no_bir;no_matched_functions		
openresty_nginx_O3	openresty	nginx	O3	wulver			0	0			0															0		1	1	1048	1678		0	0												0	no_debug_elf;no_stripped_elf;no_bir;no_matched_functions		
openssl_openssl_O0	openssl	openssl	O0	local_main;wulver	data/raw/openssl_openssl_O0		1	0			1	16395	flat:addr->name			0		0								0		1	0	17951			1	1		4d4eab666a6fbc5acb4c2d5d02a7cb9bb06b4d00			DYN	1		17919				0	no_bir;no_matched_functions		
openssl_openssl_O1	openssl	openssl	O1	local_main;wulver	data/raw/openssl_openssl_O1		1	0			1	13756	flat:addr->name			0		0								0		1	0	13810			1	1		64f342953f2103b7a8526b9ffd241e09d7b66076			DYN	1		13803				0	no_bir;no_matched_functions		
openssl_openssl_O2	openssl	openssl	O2	local_main;wulver	data/raw/openssl_openssl_O2		1	0			1	13519	flat:addr->name			0		0								0		1	0	6426			1	1		50c9e61d1ad6f7320564325d875c0b9f49bab07e			DYN	1		13563				0	no_bir;no_matched_functions		
openssl_openssl_O3	openssl	openssl	O3	local_main;wulver	data/raw/openssl_openssl_O3		1	0			1	13186	flat:addr->name			0		0								0		1	0	12991			1	1		adbfe350e86addbf2beacb87e18e45efe9dcf109			DYN	1		13222				0	no_bir;no_matched_functions		
patch2_patch_O0	patch2	patch	O0	wulver			0	0			0															0		1	0	386			1	1												0	no_bir;no_matched_functions		
patch2_patch_O1	patch2	patch	O1	wulver			0	0			0															0		1	0	260			1	1												0	no_bir;no_matched_functions		
patch2_patch_O2	patch2	patch	O2	wulver			0	0			0															0		1	0	274			1	1												0	no_bir;no_matched_functions		
patch2_patch_O3	patch2	patch	O3	wulver			0	0			0															0		1	0	265			1	1												0	no_bir;no_matched_functions		
patch_patch	patch	patch	default	local_main;wulver	data/raw/patch_patch_sym	data/stripped/patch_patch_stripped	1	1	data/bir/patch_patch.bir	3197578	1	334	schemaA:functions=name->addr		523	261	133	259	0		test	test	test	test	test	0		1	1	261	133	259	0	1	fd6fc0ea4eda96583101eb261d44dcdd0bb85670	fd6fc0ea4eda96583101eb261d44dcdd0bb85670	1	1	DYN	1	338	338	1.0	archive		1			
patch_patch_O0	patch	patch	O0	local_main;wulver	data/raw/patch_patch_O0_sym	data/stripped/patch_patch_O0_stripped	1	1	data/bir/patch_patch_O0.bir	4374299	1	470	schemaA:functions=name->addr		1193	931	133	930	0		train	train	train	train	train	0		1	1	931	133	930	0	1	72176f540f08ce512d46740acfe8c0aff2e65400	72176f540f08ce512d46740acfe8c0aff2e65400	1	1	DYN	1	474	474	1.0	archive		1			
patch_patch_O1	patch	patch	O1	local_main;wulver	data/raw/patch_patch_O1_sym	data/stripped/patch_patch_O1_stripped	1	1	data/bir/patch_patch_O1.bir	3084036	1	327	schemaA:functions=name->addr		534	270	144	269	0		train	train	train	train	train	0		1	1	270	144	269	0	1	9a4584f89552209b4023f2f64d93dabb811b447a	9a4584f89552209b4023f2f64d93dabb811b447a	1	1	DYN	1	331	331	1.0	archive		1			
patch_patch_O2	patch	patch	O2	local_main;wulver	data/raw/patch_patch_O2_sym	data/stripped/patch_patch_O2_stripped	1	1	data/bir/patch_patch_O2.bir	3197578	1	334	schemaA:functions=name->addr		523	261	133	259	0		train	train	train	train	train	0		1	1	261	133	259	0	1	fd6fc0ea4eda96583101eb261d44dcdd0bb85670	fd6fc0ea4eda96583101eb261d44dcdd0bb85670	1	1	DYN	1	338	338	1.0	archive		1			
patch_patch_O3	patch	patch	O3	local_main;wulver	data/raw/patch_patch_O3_sym	data/stripped/patch_patch_O3_stripped	1	1	data/bir/patch_patch_O3.bir	3741449	1	312	schemaA:functions=name->addr		525	263	143	261	0		train	train	train	train	train	0		1	1	263	143	261	0	1	0e9106070805487f77c2fcac340c68733cacace4	0e9106070805487f77c2fcac340c68733cacace4	1	1	DYN	1	316	316	1.0	archive		1			
patch_patch_clang_O0	patch	patch_clang	O0	clang_train	clang_train/bins/patch_patch_clang_O0.debug	clang_train/bins/patch_patch_clang_O0	1	1	clang_train/bir/patch_patch_clang_O0.bir	13998903	1	470	schemaA:functions=name->addr		730	469	134			470															af2427a9be1ffc2e5514ad71dd19eb911f204490	af2427a9be1ffc2e5514ad71dd19eb911f204490	1	1	DYN	1	473	473	1.0	computed		1			
patch_patch_clang_O1	patch	patch_clang	O1	clang_train	clang_train/bins/patch_patch_clang_O1.debug	clang_train/bins/patch_patch_clang_O1	1	1	clang_train/bir/patch_patch_clang_O1.bir	3128658	1	284	schemaA:functions=name->addr		465	201	135			201															87400dd0a123bcd39a1f3f9153af39d0c6456b79	87400dd0a123bcd39a1f3f9153af39d0c6456b79	1	1	DYN	1	287	287	0.9850746268656716	computed		1			
patch_patch_clang_O2	patch	patch_clang	O2	clang_train	clang_train/bins/patch_patch_clang_O2.debug	clang_train/bins/patch_patch_clang_O2	1	1	clang_train/bir/patch_patch_clang_O2.bir	3333604	1	298	schemaA:functions=name->addr		487	213	140			213															92b076e974ef6d4758e508ef6b5fa718906efb1f	92b076e974ef6d4758e508ef6b5fa718906efb1f	1	1	DYN	1	301	301	0.9765258215962441	computed		1			
patch_patch_clang_O3	patch	patch_clang	O3	clang_train	clang_train/bins/patch_patch_clang_O3.debug	clang_train/bins/patch_patch_clang_O3	1	1	clang_train/bir/patch_patch_clang_O3.bir	3427660	1	281	schemaA:functions=name->addr		460	196	135			196															2fb0e968bebc4446ff4321cd34f03d10eea9be61	2fb0e968bebc4446ff4321cd34f03d10eea9be61	1	1	DYN	1	284	284	0.9795918367346939	computed		1			
pcre2_pcre2grep_O0	pcre2	pcre2grep	O0	local_main;wulver		data/stripped/pcre2_pcre2grep_O0	0	1	data/bir/pcre2_pcre2grep_O0.bir	3631962	1	47	schemaA:functions=name->addr		399	288	53	93	0		train	train	train	train	train	0		1	1	288	53	93	0	1	997430d2fb2ee6d4e4b4d1b82c7f5cd7aab43ef0				DYN	1	148		1.0	archive		0	no_debug_elf		
pcre2_pcre2grep_O1	pcre2	pcre2grep	O1	local_main;wulver	data/raw/pcre2_pcre2grep_O1_sym	data/stripped/pcre2_pcre2grep_O1_stripped	1	1	data/bir/pcre2_pcre2grep_O1.bir	554658	1	33	schemaA:functions=addr->name		178	26	74	26	0			train	train	train		0		1	0			26	0	1	d4764315a85c95d1d87d801c73d335aafff76e59	d4764315a85c95d1d87d801c73d335aafff76e59	1	1	DYN	1	30	30	1.0	archive		1			
pcre2_pcre2grep_O2	pcre2	pcre2grep	O2	local_main;wulver		data/stripped/pcre2_pcre2grep_O2	0	1	data/bir/pcre2_pcre2grep_O2.bir	2769414	1	47	schemaA:functions=name->addr		215	102	54	30	0		train	train	train	train	train	0		1	1	102	54	30	0	1	e8cb086c65d7b4f3be7fad2cf375f446c8e06db1				DYN	1	123		1.0	archive		0	no_debug_elf		
pcre2_pcre2grep_O3	pcre2	pcre2grep	O3	local_main;wulver	data/raw/pcre2_pcre2grep_O3_sym	data/stripped/pcre2_pcre2grep_O3_stripped	1	1	data/bir/pcre2_pcre2grep_O3.bir	637869	1	27	schemaA:functions=addr->name		172	21	74	21	0			train	train	train		0		1	0			21	0	1	991a7893a159abe5e8b1357403f8939cccde3302	991a7893a159abe5e8b1357403f8939cccde3302	1	1	DYN	1	24	24	1.0	archive		1			
pcre2_pcre2grep_clang_O0	pcre2	pcre2grep_clang	O0	clang_train	clang_train/bins/pcre2_pcre2grep_clang_O0.debug	clang_train/bins/pcre2_pcre2grep_clang_O0	1	1	clang_train/bir/pcre2_pcre2grep_clang_O0.bir	3138317	1	144	schemaA:functions=name->addr		254	144	53			144															cb98e2349c018a19f1dc23d0f4755c3809e40ecb	cb98e2349c018a19f1dc23d0f4755c3809e40ecb	1	1	DYN	1	147	147	1.0	computed		1			
pcre2_pcre2grep_clang_O1	pcre2	pcre2grep_clang	O1	clang_train	clang_train/bins/pcre2_pcre2grep_clang_O1.debug	clang_train/bins/pcre2_pcre2grep_clang_O1	1	1	clang_train/bir/pcre2_pcre2grep_clang_O1.bir	1702932	1	115	schemaA:functions=name->addr		205	93	53			92															d039cc9695649520c211fff0de0024662b061c5b	d039cc9695649520c211fff0de0024662b061c5b	1	1	DYN	1	118	118	0.967741935483871	computed		1			
pcre2_pcre2grep_clang_O2	pcre2	pcre2grep_clang	O2	clang_train	clang_train/bins/pcre2_pcre2grep_clang_O2.debug	clang_train/bins/pcre2_pcre2grep_clang_O2	1	1	clang_train/bir/pcre2_pcre2grep_clang_O2.bir	1633075	1	115	schemaA:functions=name->addr		204	92	53			91															b259d57ee8774e33aa29c9edb83b92882c7ceabd	b259d57ee8774e33aa29c9edb83b92882c7ceabd	1	1	DYN	1	118	118	0.967391304347826	computed		1			
pcre2_pcre2grep_clang_O3	pcre2	pcre2grep_clang	O3	clang_train	clang_train/bins/pcre2_pcre2grep_clang_O3.debug	clang_train/bins/pcre2_pcre2grep_clang_O3	1	1	clang_train/bir/pcre2_pcre2grep_clang_O3.bir	1751974	1	113	schemaA:functions=name->addr		202	90	53			89															63c2e91755a94c3713fa5b4c764d85c554f413f7	63c2e91755a94c3713fa5b4c764d85c554f413f7	1	1	DYN	1	116	116	0.9666666666666667	computed		1			
pcre2_pcre2test_O0	pcre2	pcre2test	O0	local_main;wulver		data/stripped/pcre2_pcre2test_O0	0	1	data/bir/pcre2_pcre2test_O0.bir	5840402	1	79	schemaA:functions=name->addr		522	418	51	157	0		train	train	train	train	train	0		1	1	418	51	157	0	1	26f36fafba3fcd341a67527fa881c0e26cb3e8cd				DYN	1	213		1.0	archive		0	no_debug_elf		
pcre2_pcre2test_O1	pcre2	pcre2test	O1	local_main;wulver	data/raw/pcre2_pcre2test_O1_sym	data/stripped/pcre2_pcre2test_O1_stripped	1	1	data/bir/pcre2_pcre2test_O1.bir	1238951	1	54	schemaA:functions=addr->name		289	45	121	45	0			train	train	train		0		1	0			45	0	1	d087f78d8155d7db0969042d34827c678e90700f	d087f78d8155d7db0969042d34827c678e90700f	1	1	DYN	1	51	51	0.9555555555555556	archive		1			
pcre2_pcre2test_O2	pcre2	pcre2test	O2	local_main;wulver		data/stripped/pcre2_pcre2test_O2	0	1	data/bir/pcre2_pcre2test_O2.bir	4434730	1	79	schemaA:functions=name->addr		277	166	54	76	0		train	train	train	train	train	0		1	1	166	54	76	0	1	2d75c00164bcc77ba4a992faa32175a40b51352a				DYN	1	180		1.0	archive	pcre2_pcre2test_O3:1.0	0	no_debug_elf		dup_group_keeper:pcre2_pcre2test_O3
pcre2_pcre2test_O3	pcre2	pcre2test	O3	local_main;wulver	data/raw/pcre2_pcre2test_O3_sym	data/stripped/pcre2_pcre2test_O3_stripped	1	1	data/bir/pcre2_pcre2test_O3.bir	1363286	1	45	schemaA:functions=addr->name		281	37	121	37	0			train	train	train		0		1	0			37	0	1	67f18ad087534456d57eb4fb2a2801248921f975	67f18ad087534456d57eb4fb2a2801248921f975	1	1	DYN	1	42	42	1.0	archive	pcre2_pcre2test_O2:1.0	0	duplicate_build_of:pcre2_pcre2test_O2		
pcre2_pcre2test_clang_O0	pcre2	pcre2test_clang	O0	clang_train	clang_train/bins/pcre2_pcre2test_clang_O0.debug	clang_train/bins/pcre2_pcre2test_clang_O0	1	1	clang_train/bir/pcre2_pcre2test_clang_O0.bir	5139730	1	209	schemaA:functions=name->addr		306	209	48			209															3fded6a83b12292d168045861ac49346e5677946	3fded6a83b12292d168045861ac49346e5677946	1	1	DYN	1	212	212	1.0	computed		1			
pcre2_pcre2test_clang_O1	pcre2	pcre2test_clang	O1	clang_train	clang_train/bins/pcre2_pcre2test_clang_O1.debug	clang_train/bins/pcre2_pcre2test_clang_O1	1	1	clang_train/bir/pcre2_pcre2test_clang_O1.bir	3361784	1	170	schemaA:functions=name->addr		260	155	51			154															54de051c2a62a00f14f35b73b2c6987a3efa98de	54de051c2a62a00f14f35b73b2c6987a3efa98de	1	1	DYN	1	173	173	0.9741935483870968	computed		1			
pcre2_pcre2test_clang_O2	pcre2	pcre2test_clang	O2	clang_train	clang_train/bins/pcre2_pcre2test_clang_O2.debug	clang_train/bins/pcre2_pcre2test_clang_O2	1	1	clang_train/bir/pcre2_pcre2test_clang_O2.bir	3391719	1	171	schemaA:functions=name->addr		261	156	51			155															c8e029befac0c0da76bf1f3118980d130b6e3325	c8e029befac0c0da76bf1f3118980d130b6e3325	1	1	DYN	1	174	174	0.9743589743589743	computed		1			
pcre2_pcre2test_clang_O3	pcre2	pcre2test_clang	O3	clang_train	clang_train/bins/pcre2_pcre2test_clang_O3.debug	clang_train/bins/pcre2_pcre2test_clang_O3	1	1	clang_train/bir/pcre2_pcre2test_clang_O3.bir	3500727	1	169	schemaA:functions=name->addr		259	154	51			153															b371c9e8700429a4e562a1d17cff5899f9920d6b	b371c9e8700429a4e562a1d17cff5899f9920d6b	1	1	DYN	1	172	172	0.974025974025974	computed		1			
pigz_pigz_O0	pigz	pigz	O0	local_main;wulver		data/stripped/pigz_pigz_O0	0	1	data/bir/pigz_pigz_O0.bir	3110012	1	59	schemaA:functions=name->addr		578	369	104	58	0			train	train	train		0		1	1	369	104	58	0	1	f08972ee3ef5f10c1da90bc0f27506a6dd0fe2ee				DYN	1	190		1.0	archive		0	no_debug_elf		
pigz_pigz_O2	pigz	pigz	O2	local_main;wulver		data/stripped/pigz_pigz_O2	0	1	data/bir/pigz_pigz_O2.bir	2590373	1	59	schemaA:functions=name->addr		336	124	106	56	0			train	train	train		0		1	1	124	106	56	0	1	90adece1e4b3c9511843120ecdcf1efdf96f8965				DYN	1	133		0.9919354838709677	archive		0	no_debug_elf		
plotutils_double_O0	plotutils	double	O0	local_main;wulver	data/raw/plotutils_double_O0_sym	data/stripped/plotutils_double_O0_stripped	1	1	data/bir/plotutils_double_O0.bir	374822	1	30	schemaA:functions=addr->name		124	44	41	21	0			train	train	train		0		1	1	44	41	21	0	1	ee2dc9884183b587473f9ba624d12028290e4a1b	ee2dc9884183b587473f9ba624d12028290e4a1b	1	1	DYN	1	27	27	1.0	archive		1			
plotutils_double_O1	plotutils	double	O1	local_main;wulver	data/raw/plotutils_double_O1_sym	data/stripped/plotutils_double_O1_stripped	1	1	data/bir/plotutils_double_O1.bir	309553	1	29	schemaA:functions=addr->name		98	18	41	18	0			train	train	train		0		1	1	18	41	18	0	1	519fe5a8dcd5e63e78ec136052378c4a242a7799	519fe5a8dcd5e63e78ec136052378c4a242a7799	1	1	DYN	1	26	26	1.0	archive		1			
plotutils_double_O2	plotutils	double	O2	local_main;wulver	data/raw/plotutils_double_O2_sym	data/stripped/plotutils_double_O2_stripped	1	1	data/bir/plotutils_double_O2.bir	313299	1	29	schemaA:functions=addr->name		96	17	40	17	0			train	train	train		0		1	1	17	40	17	0	1	9deee903e51112790900d90bfe21439011cf3ca6	9deee903e51112790900d90bfe21439011cf3ca6	1	1	DYN	1	26	26	1.0	archive		1			
plotutils_double_O3	plotutils	double	O3	local_main;wulver	data/raw/plotutils_double_O3_sym	data/stripped/plotutils_double_O3_stripped	1	1	data/bir/plotutils_double_O3.bir	337335	1	29	schemaA:functions=addr->name		96	17	40	17	0			train	train	train		0		1	1	17	40	17	0	1	521e81f47d7f8eb0429a851835ce0009eff12323	521e81f47d7f8eb0429a851835ce0009eff12323	1	1	DYN	1	26	26	1.0	archive		1			
plotutils_graph_O0	plotutils	graph	O0	local_main;wulver	data/raw/plotutils_graph_O0_sym	data/stripped/plotutils_graph_O0_stripped	1	1	data/bir/plotutils_graph_O0.bir	2194336	1	63	schemaA:functions=addr->name		267	114	79	56	0			train	train	train		0		1	1	114	79	56	0	1	00f4f62ec2a93398f2208fce4ee82e7a24698cfe	00f4f62ec2a93398f2208fce4ee82e7a24698cfe	1	1	DYN	1	62	62	1.0	archive		1			
plotutils_graph_O1	plotutils	graph	O1	local_main;wulver	data/raw/plotutils_graph_O1_sym	data/stripped/plotutils_graph_O1_stripped	1	1	data/bir/plotutils_graph_O1.bir	1720777	1	50	schemaA:functions=addr->name		189	39	78	39	0			train	train	train		0		1	1	39	78	39	0	1	ae4ef7a22895e39adcbdc6d7fdcae1bb96ef60c8	ae4ef7a22895e39adcbdc6d7fdcae1bb96ef60c8	1	1	DYN	1	48	48	0.9487179487179487	archive		1			
plotutils_graph_O2	plotutils	graph	O2	local_main;wulver	data/raw/plotutils_graph_O2_sym	data/stripped/plotutils_graph_O2_stripped	1	1	data/bir/plotutils_graph_O2.bir	1606582	1	48	schemaA:functions=addr->name		188	36	78	36	0			train	train	train		0		1	1	36	78	36	0	1	17ce1ff2b8bbfcb54a76c062666e11ec3fe09403	17ce1ff2b8bbfcb54a76c062666e11ec3fe09403	1	1	DYN	1	45	45	0.9722222222222222	archive		1			
plotutils_graph_O3	plotutils	graph	O3	local_main;wulver	data/raw/plotutils_graph_O3_sym	data/stripped/plotutils_graph_O3_stripped	1	1	data/bir/plotutils_graph_O3.bir	1651510	1	45	schemaA:functions=addr->name		185	33	78	33	0			train	train	train		0		1	1	33	78	33	0	1	d02f6a6e95add2de0b2f7f77b565209c42ea97d9	d02f6a6e95add2de0b2f7f77b565209c42ea97d9	1	1	DYN	1	42	42	1.0	archive		1			
plotutils_ode_O0	plotutils	ode	O0	local_main;wulver	data/raw/plotutils_ode_O0_sym	data/stripped/plotutils_ode_O0_stripped	1	1	data/bir/plotutils_ode_O0.bir	1043627	1	106	schemaA:functions=addr->name		345	196	77	97	0			train	train	train		0		1	1	196	77	97	0	1	874e6a04a0ebf7dae9041063aeb6da1281df7667	874e6a04a0ebf7dae9041063aeb6da1281df7667	1	1	DYN	1	103	103	1.0	archive		1			
plotutils_ode_O1	plotutils	ode	O1	local_main;wulver	data/raw/plotutils_ode_O1_sym	data/stripped/plotutils_ode_O1_stripped	1	1	data/bir/plotutils_ode_O1.bir	763190	1	99	schemaA:functions=addr->name		214	70	75	70	0			train	train	train		0		1	1	70	75	70	0	1	eb9553b01f742a5f9f25a64ef14ca7ae1c32a5ee	eb9553b01f742a5f9f25a64ef14ca7ae1c32a5ee	1	1	DYN	1	96	96	1.0	archive		1			
plotutils_ode_O2	plotutils	ode	O2	local_main;wulver	data/raw/plotutils_ode_O2_sym	data/stripped/plotutils_ode_O2_stripped	1	1	data/bir/plotutils_ode_O2.bir	766744	1	100	schemaA:functions=addr->name		216	69	76	69	0			train	train	train		0		1	1	69	76	69	0	1	62e4c3040ea57fbc40c33499aa35d2c5a202b56e	62e4c3040ea57fbc40c33499aa35d2c5a202b56e	1	1	DYN	1	97	97	1.0	archive		1			
plotutils_ode_O3	plotutils	ode	O3	local_main;wulver	data/raw/plotutils_ode_O3_sym	data/stripped/plotutils_ode_O3_stripped	1	1	data/bir/plotutils_ode_O3.bir	815094	1	99	schemaA:functions=addr->name		214	66	76	65	0			train	train	train		0		1	1	66	76	65	0	1	121f07643b2f7d82e8585e6c61e8cb80fad81f11	121f07643b2f7d82e8585e6c61e8cb80fad81f11	1	1	DYN	1	96	96	1.0	archive		1			
plotutils_plot_O0	plotutils	plot	O0	local_main;wulver	data/raw/plotutils_plot_O0_sym	data/stripped/plotutils_plot_O0_stripped	1	1	data/bir/plotutils_plot_O0.bir	552832	1	31	schemaA:functions=addr->name		255	46	107	22	0			train	train	train		0		1	1	46	107	22	0	1	873590e583a9e2a238e750ab09033a07f7d49f42	873590e583a9e2a238e750ab09033a07f7d49f42	1	1	DYN	1	28	28	1.0	archive		1			
plotutils_plot_O1	plotutils	plot	O1	local_main;wulver	data/raw/plotutils_plot_O1_sym	data/stripped/plotutils_plot_O1_stripped	1	1	data/bir/plotutils_plot_O1.bir	414983	1	30	schemaA:functions=addr->name		228	19	107	19	0			train	train	train		0		1	1	19	107	19	0	1	9f9b8153c4edad57987bb3e343c74f0c076b5916	9f9b8153c4edad57987bb3e343c74f0c076b5916	1	1	DYN	1	27	27	1.0	archive		1			
plotutils_plot_O2	plotutils	plot	O2	local_main;wulver	data/raw/plotutils_plot_O2_sym	data/stripped/plotutils_plot_O2_stripped	1	1	data/bir/plotutils_plot_O2.bir	409202	1	30	schemaA:functions=addr->name		223	15	106	15	0			train	train	train		0		1	1	15	106	15	0	1	14f99649498c21dcf18418f3c7e626519d3c07b4	14f99649498c21dcf18418f3c7e626519d3c07b4	1	1	DYN	1	27	27	1.0	archive		1			
plotutils_plot_O3	plotutils	plot	O3	local_main;wulver	data/raw/plotutils_plot_O3_sym	data/stripped/plotutils_plot_O3_stripped	1	1	data/bir/plotutils_plot_O3.bir	440937	1	30	schemaA:functions=addr->name		225	15	107	15	0			train	train	train		0		1	1	15	107	15	0	1	3a963e3e17fd28388364729ab3603b4f0aa87abf	3a963e3e17fd28388364729ab3603b4f0aa87abf	1	1	DYN	1	27	27	1.0	archive		1			
plotutils_plotfont_O0	plotutils	plotfont	O0	local_main;wulver	data/raw/plotutils_plotfont_O0_sym	data/stripped/plotutils_plotfont_O0_stripped	1	1	data/bir/plotutils_plotfont_O0.bir	614874	1	26	schemaA:functions=addr->name		142	36	56	17	0			train	train	train		0		1	1	36	56	17	0	1	9334ed0cf6ddc742de052150715517ffd80a260e	9334ed0cf6ddc742de052150715517ffd80a260e	1	1	DYN	1	23	23	1.0	archive		1			
plotutils_plotfont_O1	plotutils	plotfont	O1	local_main;wulver	data/raw/plotutils_plotfont_O1_sym	data/stripped/plotutils_plotfont_O1_stripped	1	1	data/bir/plotutils_plotfont_O1.bir	433402	1	25	schemaA:functions=addr->name		119	13	56	13	0			train	train	train		0		1	1	13	56	13	0	1	392cd86e2c860c4e88e1c589a850b021cc3c682e	392cd86e2c860c4e88e1c589a850b021cc3c682e	1	1	DYN	1	22	22	1.0	archive		1			
plotutils_plotfont_O2	plotutils	plotfont	O2	local_main;wulver	data/raw/plotutils_plotfont_O2_sym	data/stripped/plotutils_plotfont_O2_stripped	1	1	data/bir/plotutils_plotfont_O2.bir	431152	1	25	schemaA:functions=addr->name		117	12	55	12	0			train	train	train		0		1	1	12	55	12	0	1	c191565e3e2a8960478baf8a4eda0797da678404	c191565e3e2a8960478baf8a4eda0797da678404	1	1	DYN	1	22	22	1.0	archive		1			
plotutils_plotfont_O3	plotutils	plotfont	O3	local_main;wulver	data/raw/plotutils_plotfont_O3_sym	data/stripped/plotutils_plotfont_O3_stripped	1	1	data/bir/plotutils_plotfont_O3.bir	462239	1	25	schemaA:functions=addr->name		116	11	55	11	0			train	train	train		0		1	1	11	55	11	0	1	f41092115452b3b279bc26986b0aeaaa556605d0	f41092115452b3b279bc26986b0aeaaa556605d0	1	1	DYN	1	22	22	1.0	archive		1			
plotutils_spline_O0	plotutils	spline	O0	local_main;wulver	data/raw/plotutils_spline_O0_sym	data/stripped/plotutils_spline_O0_stripped	1	1	data/bir/plotutils_spline_O0.bir	1027198	1	41	schemaA:functions=addr->name		158	66	48	32	0			train	train	train		0		1	1	66	48	32	0	1	5fdc46d6846ec771367a2c92019b0e507f65b89a	5fdc46d6846ec771367a2c92019b0e507f65b89a	1	1	DYN	1	38	38	1.0	archive		1			
plotutils_spline_O1	plotutils	spline	O1	local_main;wulver	data/raw/plotutils_spline_O1_sym	data/stripped/plotutils_spline_O1_stripped	1	1	data/bir/plotutils_spline_O1.bir	703220	1	40	schemaA:functions=addr->name		120	29	48	29	0			train	train	train		0		1	1	29	48	29	0	1	884171d5c652036f9a1e539d08c8fba63d9de5d0	884171d5c652036f9a1e539d08c8fba63d9de5d0	1	1	DYN	1	37	37	1.0	archive		1			
plotutils_spline_O2	plotutils	spline	O2	local_main;wulver	data/raw/plotutils_spline_O2_sym	data/stripped/plotutils_spline_O2_stripped	1	1	data/bir/plotutils_spline_O2.bir	728190	1	41	schemaA:functions=addr->name		113	24	46	24	0			train	train	train		0		1	1	24	46	24	0	1	57d657c2f2b14ab710923525bf310da0c3586e53	57d657c2f2b14ab710923525bf310da0c3586e53	1	1	DYN	1	38	38	1.0	archive		1			
plotutils_spline_O3	plotutils	spline	O3	local_main;wulver	data/raw/plotutils_spline_O3_sym	data/stripped/plotutils_spline_O3_stripped	1	1	data/bir/plotutils_spline_O3.bir	880077	1	43	schemaA:functions=addr->name		112	23	46	23	0			train	train	train		0		1	1	23	46	23	0	1	eb05de8aa7526500565f5593dbd537a26cfe0a0a	eb05de8aa7526500565f5593dbd537a26cfe0a0a	1	1	DYN	1	40	40	1.0	archive		1			
plotutils_tek2plot_O0	plotutils	tek2plot	O0	local_main;wulver	data/raw/plotutils_tek2plot_O0_sym	data/stripped/plotutils_tek2plot_O0_stripped	1	1	data/bir/plotutils_tek2plot_O0.bir	525546	1	29	schemaA:functions=addr->name		157	42	59	20	0			train	train	train		0		1	1	42	59	20	0	1	cee9b3dc0f4977d02d1312fa743f7c627f770a77	cee9b3dc0f4977d02d1312fa743f7c627f770a77	1	1	DYN	1	26	26	1.0	archive		1			
plotutils_tek2plot_O1	plotutils	tek2plot	O1	local_main;wulver	data/raw/plotutils_tek2plot_O1_sym	data/stripped/plotutils_tek2plot_O1_stripped	1	1	data/bir/plotutils_tek2plot_O1.bir	376121	1	28	schemaA:functions=addr->name		131	16	59	16	0			train	train	train		0		1	1	16	59	16	0	1	d64e915ce9ffa560a26b91f28b856bbb38b886f7	d64e915ce9ffa560a26b91f28b856bbb38b886f7	1	1	DYN	1	25	25	1.0	archive		1			
plotutils_tek2plot_O2	plotutils	tek2plot	O2	local_main;wulver	data/raw/plotutils_tek2plot_O2_sym	data/stripped/plotutils_tek2plot_O2_stripped	1	1	data/bir/plotutils_tek2plot_O2.bir	368547	1	30	schemaA:functions=addr->name		129	15	58	15	0			train	train	train		0		1	1	15	58	15	0	1	52eef38cfb9c2a38f40500e2568a004df9acdc7c	52eef38cfb9c2a38f40500e2568a004df9acdc7c	1	1	DYN	1	27	27	1.0	archive		1			
plotutils_tek2plot_O3	plotutils	tek2plot	O3	local_main;wulver	data/raw/plotutils_tek2plot_O3_sym	data/stripped/plotutils_tek2plot_O3_stripped	1	1	data/bir/plotutils_tek2plot_O3.bir	388884	1	30	schemaA:functions=addr->name		128	14	58	14	0			train	train	train		0		1	1	14	58	14	0	1	bb104e9b339496f31b6ddb3c0f3ce485dd3f1f87	bb104e9b339496f31b6ddb3c0f3ce485dd3f1f87	1	1	DYN	1	27	27	1.0	archive		1			
procps_kill_O0	procps	kill	O0	local_main:_p0_0_6_siblings;wulver		data/stripped/_p0_0_6_siblings/procps_kill_O0_stripped	0	1	data/bir/_p0_0_6_siblings/procps_kill_O0.bir	254547	0											excluded		excluded		1	254547	1	1	18	38	17	1	1					EXEC	1	20		1.0	computed		1		excluded_in_wulver_v1(not in paper_clean)	
procps_kill_O1	procps	kill	O1	local_main:_p0_0_6_siblings;wulver		data/stripped/_p0_0_6_siblings/procps_kill_O1_stripped	0	1	data/bir/_p0_0_6_siblings/procps_kill_O1.bir	214969	0											excluded		excluded		1	214969	1	1	13	36	11	1	1					EXEC	1	18		1.0	computed		1		excluded_in_wulver_v1(not in paper_clean)	
procps_kill_O2	procps	kill	O2	local_main:_p0_0_6_siblings;wulver		data/stripped/_p0_0_6_siblings/procps_kill_O2_stripped	0	1	data/bir/_p0_0_6_siblings/procps_kill_O2.bir	219720	0											excluded		excluded		1	219720	1	1	13	37	11	1	1					EXEC	1	18		1.0	computed		1		excluded_in_wulver_v1(not in paper_clean)	
procps_kill_O3	procps	kill	O3	local_main:_p0_0_6_siblings;wulver		data/stripped/_p0_0_6_siblings/procps_kill_O3_stripped	0	1	data/bir/_p0_0_6_siblings/procps_kill_O3.bir	224103	0											excluded		excluded		1	224103	1	1	11	37	9	1	1					EXEC	1	18		1.0	computed		1		excluded_in_wulver_v1(not in paper_clean)	
procps_sysctl_O0	procps	sysctl	O0	local_main:_p0_0_6_siblings;wulver		data/stripped/_p0_0_6_siblings/procps_sysctl_O0_stripped	0	1	data/bir/_p0_0_6_siblings/procps_sysctl_O0.bir	339587	0											excluded		excluded		1	339587	1	1	31	52	30	1	1					EXEC	1	33		1.0	computed		1		excluded_in_wulver_v1(not in paper_clean)	
procps_sysctl_O1	procps	sysctl	O1	local_main:_p0_0_6_siblings;wulver		data/stripped/_p0_0_6_siblings/procps_sysctl_O1_stripped	0	1	data/bir/_p0_0_6_siblings/procps_sysctl_O1.bir	181362	0											excluded		excluded		1	181362	1	1	17	52	16	1	1					EXEC	1	24		1.0	computed		1		excluded_in_wulver_v1(not in paper_clean)	
procps_sysctl_O2	procps	sysctl	O2	local_main:_p0_0_6_siblings;wulver		data/stripped/_p0_0_6_siblings/procps_sysctl_O2_stripped	0	1	data/bir/_p0_0_6_siblings/procps_sysctl_O2.bir	204563	0											excluded		excluded		1	204563	1	1	17	52	15	1	1					EXEC	1	22		1.0	computed		1		excluded_in_wulver_v1(not in paper_clean)	
procps_sysctl_O3	procps	sysctl	O3	local_main:_p0_0_6_siblings;wulver		data/stripped/_p0_0_6_siblings/procps_sysctl_O3_stripped	0	1	data/bir/_p0_0_6_siblings/procps_sysctl_O3.bir	206660	0											excluded		excluded		1	206660	1	1	16	52	14	1	1					EXEC	1	21		1.0	computed		1		excluded_in_wulver_v1(not in paper_clean)	
psmisc_killall_O0	psmisc	killall	O0	local_main;local_main:cross_project;wulver	data/cross_project/debug/psmisc_killall_O0	data/cross_project/stripped/psmisc_killall_O0_stripped	1	1	data/bir/psmisc_killall_O0.bir	395074	1	27	schemaA:functions=name->addr		180	46	67	23	0			excluded	xproject	excluded	excluded	1	395074	1	1	46	67	23	0	1	684c7b4f41ff1340141d969bf102f80761ec8493	684c7b4f41ff1340141d969bf102f80761ec8493	1	1	DYN	1	27	27	1.0	archive		1		xproject_holdout(wulver_paper_clean);local_cross_project_dir	
psmisc_killall_O1	psmisc	killall	O1	local_main;local_main:cross_project;wulver	data/cross_project/debug/psmisc_killall_O1	data/cross_project/stripped/psmisc_killall_O1_stripped	1	1	data/bir/psmisc_killall_O1.bir	306870	1	13	schemaA:functions=name->addr		143	9	67	9	0			excluded	xproject	excluded	excluded	1	306870	1	1	9	67	9	0	1	08a2019aa5cec8767cdc381319ba850f05610d1c	08a2019aa5cec8767cdc381319ba850f05610d1c	1	1	DYN	1	13	13	1.0	archive		1		xproject_holdout(wulver_paper_clean);local_cross_project_dir	
psmisc_killall_O2	psmisc	killall	O2	local_main;local_main:cross_project;wulver	data/cross_project/candidates/psmisc_killall_O2	data/cross_project/stripped/psmisc_killall_O2_stripped	2	1	data/bir/psmisc_killall_O2.bir	308273	1	13	schemaA:functions=name->addr		143	9	68	8	0			excluded	xproject	excluded	excluded	1	308273	1	1	9	68	8	0	1	411150fe5fdd21b54f145c16dee7908e3dbf53c9	77b0b4ae9aeb4bc284f1aa793b4c2a64d2fcd393	0	1	DYN	1	13	13	1.0	archive		1		xproject_holdout(wulver_paper_clean);local_cross_project_dir	
psmisc_killall_O3	psmisc	killall	O3	local_main;local_main:cross_project;wulver	data/cross_project/debug/psmisc_killall_O3	data/cross_project/stripped/psmisc_killall_O3_stripped	1	1	data/bir/psmisc_killall_O3.bir	313709	1	13	schemaA:functions=name->addr		143	9	68	8	0			excluded	xproject	excluded	excluded	1	313709	1	1	9	68	8	0	1	319458997c6a4d371e72b7089449a9a336a4a247	319458997c6a4d371e72b7089449a9a336a4a247	1	1	DYN	1	13	13	1.0	archive		1		xproject_holdout(wulver_paper_clean);local_cross_project_dir	
psmisc_killall_clang_O0	psmisc	killall_clang	O0	wulver			0	0			0														excluded	0		0	0				0	0												0	no_debug_elf;no_stripped_elf;no_bir;no_labels;no_sub_graphs;no_matched_functions		
psmisc_killall_clang_O1	psmisc	killall_clang	O1	clang_o1o3;wulver	clang_o1o3/bins/psmisc_killall_clang_O1.debug	clang_o1o3/bins/psmisc_killall_clang_O1	1	1	clang_o1o3/bir/psmisc_killall_clang_O1.bir	167050	1	15	schemaA:functions=name->addr		148	6	72								excluded	0		0	0				0	0					DYN	1	11	11	1.0	computed		0	no_matched_functions		
psmisc_killall_clang_O2	psmisc	killall_clang	O2	wulver			0	0			0														excluded	0		0	0				0	0												0	no_debug_elf;no_stripped_elf;no_bir;no_labels;no_sub_graphs;no_matched_functions		
psmisc_killall_clang_O3	psmisc	killall_clang	O3	clang_o1o3;wulver	clang_o1o3/bins/psmisc_killall_clang_O3.debug	clang_o1o3/bins/psmisc_killall_clang_O3	1	1	clang_o1o3/bir/psmisc_killall_clang_O3.bir	182408	1	15	schemaA:functions=name->addr		148	6	72								excluded	0		0	0				0	0					DYN	1	11	11	1.0	computed		0	no_matched_functions		
psmisc_peekfd_O0	psmisc	peekfd	O0	local_main;local_main:cross_project;wulver	data/cross_project/debug/psmisc_peekfd_O0	data/cross_project/stripped/psmisc_peekfd_O0_stripped	1	1	data/bir/psmisc_peekfd_O0.bir	80591	1	10	schemaA:functions=name->addr		64	12	24	6	0			excluded	xproject	excluded	excluded	1	80591	1	1	12	24	6	0	1	4cd0abcfd83dc0ff4e13b800736b77f26e2c4387	4cd0abcfd83dc0ff4e13b800736b77f26e2c4387	1	1	DYN	1	10	10	1.0	archive		1		xproject_holdout(wulver_paper_clean);local_cross_project_dir	
psmisc_peekfd_O1	psmisc	peekfd	O1	local_main;local_main:cross_project;wulver	data/cross_project/debug/psmisc_peekfd_O1	data/cross_project/stripped/psmisc_peekfd_O1_stripped	1	1	data/bir/psmisc_peekfd_O1.bir	69402	1	10	schemaA:functions=name->addr		60	6	25	6	0			excluded	xproject	excluded	excluded	1	69402	1	1	6	25	6	0	1	84a0313e379abf3cfbf7688f37fcb2e2551efa4f	84a0313e379abf3cfbf7688f37fcb2e2551efa4f	1	1	DYN	1	10	10	1.0	archive		1		xproject_holdout(wulver_paper_clean);local_cross_project_dir	
psmisc_peekfd_O2	psmisc	peekfd	O2	local_main;local_main:cross_project;wulver	data/cross_project/candidates/psmisc_peekfd_O2	data/cross_project/stripped/psmisc_peekfd_O2_stripped	2	1	data/bir/psmisc_peekfd_O2.bir	74000	1	10	schemaA:functions=name->addr		60	7	25	6	0			excluded	xproject	excluded	excluded	1	74000	1	1	7	25	6	0	1	eee8523cca109ee12a88b84570fc1f8e5711dbd4	6e9e2085e1dba3b836bde2773b854819b63891f7	0	1	DYN	1	10	10	1.0	archive		1		xproject_holdout(wulver_paper_clean);local_cross_project_dir	
psmisc_peekfd_O3	psmisc	peekfd	O3	local_main;local_main:cross_project;wulver	data/cross_project/debug/psmisc_peekfd_O3	data/cross_project/stripped/psmisc_peekfd_O3_stripped	1	1	data/bir/psmisc_peekfd_O3.bir	73675	1	10	schemaA:functions=name->addr		59	6	25	5	0			excluded	xproject	excluded	excluded	1	73675	1	1	6	25	5	0	1	f6418f99b6de774f579acda61a32e97d6a968378	f6418f99b6de774f579acda61a32e97d6a968378	1	1	DYN	1	10	10	1.0	archive		1		xproject_holdout(wulver_paper_clean);local_cross_project_dir	
psmisc_peekfd_clang_O0	psmisc	peekfd_clang	O0	wulver			0	0			0														excluded	0		0	0				0	0												0	no_debug_elf;no_stripped_elf;no_bir;no_labels;no_sub_graphs;no_matched_functions		
psmisc_peekfd_clang_O1	psmisc	peekfd_clang	O1	clang_o1o3;wulver	clang_o1o3/bins/psmisc_peekfd_clang_O1.debug	clang_o1o3/bins/psmisc_peekfd_clang_O1	1	1	clang_o1o3/bir/psmisc_peekfd_clang_O1.bir	18149	1	13	schemaA:functions=name->addr		61	1	28								excluded	0		0	0				0	0					DYN	1	9	9	1.0	computed		0	no_matched_functions		
psmisc_peekfd_clang_O2	psmisc	peekfd_clang	O2	wulver			0	0			0														excluded	0		0	0				0	0												0	no_debug_elf;no_stripped_elf;no_bir;no_labels;no_sub_graphs;no_matched_functions		
psmisc_peekfd_clang_O3	psmisc	peekfd_clang	O3	clang_o1o3;wulver	clang_o1o3/bins/psmisc_peekfd_clang_O3.debug	clang_o1o3/bins/psmisc_peekfd_clang_O3	1	1	clang_o1o3/bir/psmisc_peekfd_clang_O3.bir	18149	1	13	schemaA:functions=name->addr		61	1	28								excluded	0		0	0				0	0					DYN	1	9	9	1.0	computed		0	no_matched_functions		
psmisc_prtstat_O0	psmisc	prtstat	O0	local_main;local_main:cross_project;wulver	data/cross_project/debug/psmisc_prtstat_O0	data/cross_project/stripped/psmisc_prtstat_O0_stripped	1	1	data/bir/psmisc_prtstat_O0.bir	179844	1	15	schemaA:functions=name->addr		78	22	27	11	0			excluded	xproject	excluded	excluded	1	179844	1	1	22	27	11	0	1	5182ca007c53406acd5c016615be9a8500bcb2f7	5182ca007c53406acd5c016615be9a8500bcb2f7	1	1	DYN	1	15	15	1.0	archive		1		xproject_holdout(wulver_paper_clean);local_cross_project_dir	
psmisc_prtstat_O1	psmisc	prtstat	O1	local_main;local_main:cross_project;wulver	data/cross_project/debug/psmisc_prtstat_O1	data/cross_project/stripped/psmisc_prtstat_O1_stripped	1	1	data/bir/psmisc_prtstat_O1.bir	154357	1	9	schemaA:functions=name->addr		61	5	27	5	0			excluded	xproject	excluded	excluded	1	154357	1	1	5	27	5	0	1	f1e5af72d382dd6be30638152e844b57bbdd2345	f1e5af72d382dd6be30638152e844b57bbdd2345	1	1	DYN	1	9	9	1.0	archive		1		xproject_holdout(wulver_paper_clean);local_cross_project_dir	
psmisc_prtstat_O2	psmisc	prtstat	O2	local_main;local_main:cross_project;wulver	data/cross_project/candidates/psmisc_prtstat_O2	data/cross_project/stripped/psmisc_prtstat_O2_stripped	2	1	data/bir/psmisc_prtstat_O2.bir	175422	1	9	schemaA:functions=name->addr		61	6	27	5	0			excluded	xproject	excluded	excluded	1	175422	1	1	6	27	5	0	1	21e7965d690ec2666178dd60fb9a51cd53cc8104	445d8650a6cb8d0286bf3cc82f3257d76f01e425	0	1	DYN	1	9	9	1.0	archive		1		xproject_holdout(wulver_paper_clean);local_cross_project_dir	
psmisc_prtstat_O3	psmisc	prtstat	O3	local_main;local_main:cross_project;wulver	data/cross_project/debug/psmisc_prtstat_O3	data/cross_project/stripped/psmisc_prtstat_O3_stripped	1	1	data/bir/psmisc_prtstat_O3.bir	180244	1	7	schemaA:functions=name->addr		59	4	27	3	0			excluded	xproject	excluded	excluded	1	180244	1	1	4	27	3	0	1	08c3cee3727febb0a1b7cb2656ef996cac40c3cf	08c3cee3727febb0a1b7cb2656ef996cac40c3cf	1	1	DYN	1	7	7	1.0	archive		1		xproject_holdout(wulver_paper_clean);local_cross_project_dir	
psmisc_prtstat_clang_O0	psmisc	prtstat_clang	O0	wulver			0	0			0														excluded	0		0	0				0	0												0	no_debug_elf;no_stripped_elf;no_bir;no_labels;no_sub_graphs;no_matched_functions		
psmisc_prtstat_clang_O1	psmisc	prtstat_clang	O1	clang_o1o3;wulver	clang_o1o3/bins/psmisc_prtstat_clang_O1.debug	clang_o1o3/bins/psmisc_prtstat_clang_O1	1	1	clang_o1o3/bir/psmisc_prtstat_clang_O1.bir	104712	1	9	schemaA:functions=name->addr		64	2	30								excluded	0		0	0				0	0					DYN	1	5	5	1.0	computed		0	no_matched_functions		
psmisc_prtstat_clang_O2	psmisc	prtstat_clang	O2	wulver			0	0			0														excluded	0		0	0				0	0												0	no_debug_elf;no_stripped_elf;no_bir;no_labels;no_sub_graphs;no_matched_functions		
psmisc_prtstat_clang_O3	psmisc	prtstat_clang	O3	clang_o1o3;wulver	clang_o1o3/bins/psmisc_prtstat_clang_O3.debug	clang_o1o3/bins/psmisc_prtstat_clang_O3	1	1	clang_o1o3/bir/psmisc_prtstat_clang_O3.bir	104712	1	9	schemaA:functions=name->addr		64	2	30								excluded	0		0	0				0	0					DYN	1	5	5	1.0	computed		0	no_matched_functions		
psmisc_pstree_O0	psmisc	pstree	O0	local_main;local_main:cross_project;wulver	data/cross_project/debug/psmisc_pstree_O0	data/cross_project/stripped/psmisc_pstree_O0_stripped	1	1	data/bir/psmisc_pstree_O0.bir	505677	1	44	schemaA:functions=name->addr		200	79	60	40	0			excluded	xproject	excluded	excluded	1	505677	1	1	79	60	40	0	1	f77421e739cda4a5cc7bb801767dab17f2472820	f77421e739cda4a5cc7bb801767dab17f2472820	1	1	DYN	1	44	44	1.0	archive		1		xproject_holdout(wulver_paper_clean);local_cross_project_dir	
psmisc_pstree_O1	psmisc	pstree	O1	local_main;local_main:cross_project;wulver	data/cross_project/debug/psmisc_pstree_O1	data/cross_project/stripped/psmisc_pstree_O1_stripped	1	1	data/bir/psmisc_pstree_O1.bir	411716	1	24	schemaA:functions=name->addr		138	20	58	20	0			excluded	xproject	excluded	excluded	1	411716	1	1	20	58	20	0	1	a9f3b538c78fd7c38894b120eb9c943fa38ebbb5	a9f3b538c78fd7c38894b120eb9c943fa38ebbb5	1	1	DYN	1	24	24	1.0	archive		1		xproject_holdout(wulver_paper_clean);local_cross_project_dir	
psmisc_pstree_O2	psmisc	pstree	O2	local_main;local_main:cross_project;wulver	data/cross_project/candidates/psmisc_pstree_O2	data/cross_project/stripped/psmisc_pstree_O2_stripped	2	1	data/bir/psmisc_pstree_O2.bir	454723	1	19	schemaA:functions=name->addr		135	15	60	14	0			excluded	xproject	excluded	excluded	1	454723	1	1	15	60	14	0	1	695a0c2227a6c539fd556fbeaffba5701f4ae356	4cd67654cf8dbf9fff05798281feec92adaa34d1	0	1	DYN	1	19	19	1.0	archive		1		xproject_holdout(wulver_paper_clean);local_cross_project_dir	
psmisc_pstree_O3	psmisc	pstree	O3	local_main;local_main:cross_project;wulver	data/cross_project/debug/psmisc_pstree_O3	data/cross_project/stripped/psmisc_pstree_O3_stripped	1	1	data/bir/psmisc_pstree_O3.bir	1132852	1	31	schemaA:functions=name->addr		146	26	60	25	0			excluded	xproject	excluded	excluded	1	1132852	1	1	26	60	25	0	1	ffd84a70c6a662674e8244a8b115c0dc0192532c	ffd84a70c6a662674e8244a8b115c0dc0192532c	1	1	DYN	1	30	30	1.0	archive		1		xproject_holdout(wulver_paper_clean);local_cross_project_dir	
psmisc_pstree_clang_O0	psmisc	pstree_clang	O0	wulver			0	0			0														excluded	0		0	0				0	0												0	no_debug_elf;no_stripped_elf;no_bir;no_labels;no_sub_graphs;no_matched_functions		
psmisc_pstree_clang_O1	psmisc	pstree_clang	O1	clang_o1o3;wulver	clang_o1o3/bins/psmisc_pstree_clang_O1.debug	clang_o1o3/bins/psmisc_pstree_clang_O1	1	1	clang_o1o3/bir/psmisc_pstree_clang_O1.bir	373062	1	22	schemaA:functions=name->addr		137	13	62								excluded	0		0	0				0	0					DYN	1	18	18	1.0	computed		0	no_matched_functions		
psmisc_pstree_clang_O2	psmisc	pstree_clang	O2	wulver			0	0			0														excluded	0		0	0				0	0												0	no_debug_elf;no_stripped_elf;no_bir;no_labels;no_sub_graphs;no_matched_functions		
psmisc_pstree_clang_O3	psmisc	pstree_clang	O3	clang_o1o3;wulver	clang_o1o3/bins/psmisc_pstree_clang_O3.debug	clang_o1o3/bins/psmisc_pstree_clang_O3	1	1	clang_o1o3/bir/psmisc_pstree_clang_O3.bir	513879	1	20	schemaA:functions=name->addr		137	11	63								excluded	0		0	0				0	0					DYN	1	16	16	1.0	computed		0	no_matched_functions		
pv_pv_O2	pv	pv	O2	local_main:cross_project	data/cross_project/candidates/pv_pv_O2		1	0			0																									d94bda4ea5f8946a4ed9e4898049bb2d6611f64d			DYN	1		110				0	no_stripped_elf;no_bir;no_labels;no_sub_graphs;no_matched_functions	local_cross_project_dir	
rcs_rcs_O0	rcs	rcs	O0	local_main;wulver	data/raw/rcs_rcs_O0_sym	data/stripped/rcs_rcs_O0	1	1	data/bir/rcs_rcs_O0.bir	3631653	1	429	schemaA:functions=name->addr		1094	861	120	855	0		excluded	train	train	train	excluded	0		1	1	861	120	855	0	1	946747c6f957ae5dd6fae73b831d14bb33e457e9	946747c6f957ae5dd6fae73b831d14bb33e457e9	1	1	DYN	1	438	438	1.0	archive		1		excluded_in_local_split	
rcs_rcs_O1	rcs	rcs	O1	local_main;wulver	data/raw/rcs_rcs_O1_sym	data/stripped/rcs_rcs_O1_stripped	1	1	data/bir/rcs_rcs_O1.bir	2841799	1	345	schemaA:functions=addr->name		555	325	117	324	0			train	train	train		0		1	0			324	0	1	f101ade66c0148551f7d72bc060f6758b6e53c46	f101ade66c0148551f7d72bc060f6758b6e53c46	1	1	DYN	1	347	347	1.0	archive		1			
rcs_rcs_O2	rcs	rcs	O2	local_main;wulver	data/raw/rcs_rcs_O2_sym	data/stripped/rcs_rcs_O2	1	1	data/bir/rcs_rcs_O2.bir	3009014	1	316	schemaA:functions=name->addr		527	295	117	292	0		excluded	train	train	train	excluded	0		1	1	295	117	292	0	1	ff800d7d680911188b90e1837bc175abb367dad6	ff800d7d680911188b90e1837bc175abb367dad6	1	1	DYN	1	320	320	1.0	archive		1		excluded_in_local_split	
rcs_rcs_O3	rcs	rcs	O3	local_main;wulver	data/raw/rcs_rcs_O3_sym	data/stripped/rcs_rcs_O3_stripped	1	1	data/bir/rcs_rcs_O3.bir	3386695	1	312	schemaA:functions=addr->name		518	286	117	281	0			train	train	train		0		1	0			281	0	1	2225c1bd5979c55cb6f5069539a953d8f9bb2ce3	2225c1bd5979c55cb6f5069539a953d8f9bb2ce3	1	1	DYN	1	309	309	1.0	archive		1			
recutils_csv2rec_O0	recutils	csv2rec	O0	local_main;local_main:cross_project;wulver	data/raw/recutils_csv2rec_O0_sym	data/stripped/recutils_csv2rec_O0_stripped	1	2	data/bir/recutils_csv2rec_O0.bir	961221	1	180	schemaA:functions=name->addr	180	567	237	217	0				excluded	xproject	excluded		1	961221	1	1	237			0	1	51e946cd59e0e7951cd72b598e7d14027d512ca2	51e946cd59e0e7951cd72b598e7d14027d512ca2	1	1	EXEC	1	177	177	1.0	archive		0	no_matched_functions	xproject_holdout(wulver_paper_clean);local_cross_project_dir	
recutils_csv2rec_O1	recutils	csv2rec	O1	local_main;local_main:cross_project;wulver	data/raw/recutils_csv2rec_O1_sym	data/stripped/recutils_csv2rec_O1_stripped	1	2	data/bir/recutils_csv2rec_O1.bir	854309	1	152	schemaA:functions=name->addr	152	343	42	191	0				excluded	xproject	excluded		1	854309	1	1	42			0	1	7f7842ec68e12a71d951a3813994a7390cd06420	7f7842ec68e12a71d951a3813994a7390cd06420	1	1	EXEC	1	149	149	1.0	archive		0	no_matched_functions	xproject_holdout(wulver_paper_clean);local_cross_project_dir	
recutils_csv2rec_O2	recutils	csv2rec	O2	local_main;local_main:cross_project;wulver	data/raw/recutils_csv2rec_O2_sym	data/stripped/recutils_csv2rec_O2_stripped	1	2	data/bir/recutils_csv2rec_O2.bir	743175	1	159	schemaA:functions=name->addr	159	350	49	191	0				excluded	xproject	excluded		1	743175	1	1	49			0	1	4e38ded19ed8c03f6c6a4b417591fd56e90cad52	4e38ded19ed8c03f6c6a4b417591fd56e90cad52	1	1	EXEC	1	156	156	1.0	archive		0	no_matched_functions	xproject_holdout(wulver_paper_clean);local_cross_project_dir	
recutils_csv2rec_O3	recutils	csv2rec	O3	local_main;local_main:cross_project;wulver	data/raw/recutils_csv2rec_O3_sym	data/stripped/recutils_csv2rec_O3_stripped	1	2	data/bir/recutils_csv2rec_O3.bir	852893	1	159	schemaA:functions=name->addr	159	350	49	191	0				excluded	xproject	excluded		1	852893	1	1	49			0	1	4775a71136cbce3109d7e016e00d37c06320c76b	4775a71136cbce3109d7e016e00d37c06320c76b	1	1	EXEC	1	156	156	1.0	archive		0	no_matched_functions	xproject_holdout(wulver_paper_clean);local_cross_project_dir	
recutils_rec2csv_O0	recutils	rec2csv	O0	local_main;local_main:cross_project;wulver	data/raw/recutils_rec2csv_O0_sym	data/stripped/recutils_rec2csv_O0_stripped	1	2	data/bir/recutils_rec2csv_O0.bir	960309	1	178	schemaA:functions=name->addr	178	583	233	227	0				excluded	xproject	excluded		1	960309	1	1	233			0	1	db36d0448bb2c5fb7781d4053169b8265ec6c46c	db36d0448bb2c5fb7781d4053169b8265ec6c46c	1	1	EXEC	1	175	175	1.0	archive		0	no_matched_functions	xproject_holdout(wulver_paper_clean);local_cross_project_dir	
recutils_rec2csv_O1	recutils	rec2csv	O1	local_main;local_main:cross_project;wulver	data/raw/recutils_rec2csv_O1_sym	data/stripped/recutils_rec2csv_O1_stripped	1	2	data/bir/recutils_rec2csv_O1.bir	865754	1	149	schemaA:functions=name->addr	149	357	34	203	0				excluded	xproject	excluded		1	865754	1	1	34			0	1	68f536875a825b71f6f5c7a745540f86868ac582	68f536875a825b71f6f5c7a745540f86868ac582	1	1	EXEC	1	146	146	1.0	archive		0	no_matched_functions	xproject_holdout(wulver_paper_clean);local_cross_project_dir	
recutils_rec2csv_O2	recutils	rec2csv	O2	local_main;local_main:cross_project;wulver	data/raw/recutils_rec2csv_O2_sym	data/stripped/recutils_rec2csv_O2_stripped	1	2	data/bir/recutils_rec2csv_O2.bir	756704	1	156	schemaA:functions=name->addr	156	364	41	203	0				excluded	xproject	excluded		1	756704	1	1	41			0	1	e63aa6b75151c18d24b76f4f6623001c1b797b5d	e63aa6b75151c18d24b76f4f6623001c1b797b5d	1	1	EXEC	1	153	153	1.0	archive		0	no_matched_functions	xproject_holdout(wulver_paper_clean);local_cross_project_dir	
recutils_rec2csv_O3	recutils	rec2csv	O3	local_main;local_main:cross_project;wulver	data/raw/recutils_rec2csv_O3_sym	data/stripped/recutils_rec2csv_O3_stripped	1	2	data/bir/recutils_rec2csv_O3.bir	866298	1	156	schemaA:functions=name->addr	156	364	41	203	0				excluded	xproject	excluded		1	866298	1	1	41			0	1	e32a955c2500a2b3a22f0e12dc1e66b540f84ac5	e32a955c2500a2b3a22f0e12dc1e66b540f84ac5	1	1	EXEC	1	153	153	1.0	archive		0	no_matched_functions	xproject_holdout(wulver_paper_clean);local_cross_project_dir	
recutils_recdel_O0	recutils	recdel	O0	local_main;local_main:cross_project;wulver	data/raw/recutils_recdel_O0_sym	data/stripped/recutils_recdel_O0_stripped	1	2	data/bir/recutils_recdel_O0.bir	766074	1	153	schemaA:functions=name->addr	153	505	183	212	0				excluded	xproject	excluded		1	766074	1	1	366			0	1	42ccc1cb38eee715e052667983f6ec555c283be0	42ccc1cb38eee715e052667983f6ec555c283be0	1	1	EXEC	1	149	149	1.0	archive		0	no_matched_functions	xproject_holdout(wulver_paper_clean);local_cross_project_dir	
recutils_recdel_O1	recutils	recdel	O1	local_main;local_main:cross_project;wulver	data/raw/recutils_recdel_O1_sym	data/stripped/recutils_recdel_O1_stripped	1	2	data/bir/recutils_recdel_O1.bir	775542	1	126	schemaA:functions=name->addr	126	330	35	187	0				excluded	xproject	excluded		1	775542	1	1	70			0	1	0adbb23398d061b70110abaa861a4e58d56ee476	0adbb23398d061b70110abaa861a4e58d56ee476	1	1	EXEC	1	122	122	1.0	archive		0	no_matched_functions	xproject_holdout(wulver_paper_clean);local_cross_project_dir	
recutils_recdel_O2	recutils	recdel	O2	local_main;local_main:cross_project;wulver	data/raw/recutils_recdel_O2_sym	data/stripped/recutils_recdel_O2_stripped	1	2	data/bir/recutils_recdel_O2.bir	658572	1	133	schemaA:functions=name->addr	133	337	42	187	0				excluded	xproject	excluded		1	658572	1	1	83			0	1	78e77d437da3892420b3e4a166eea4046eccdd5e	78e77d437da3892420b3e4a166eea4046eccdd5e	1	1	EXEC	1	129	129	1.0	archive		0	no_matched_functions	xproject_holdout(wulver_paper_clean);local_cross_project_dir	
recutils_recdel_O3	recutils	recdel	O3	local_main;local_main:cross_project;wulver	data/raw/recutils_recdel_O3_sym	data/stripped/recutils_recdel_O3_stripped	1	2	data/bir/recutils_recdel_O3.bir	730070	1	134	schemaA:functions=name->addr	134	338	43	187	0				excluded	xproject	excluded		1	730070	1	1	85			0	1	be6e621e75e60e432fecfabaaf1b77b6e43a74d7	be6e621e75e60e432fecfabaaf1b77b6e43a74d7	1	1	EXEC	1	130	130	1.0	archive		0	no_matched_functions	xproject_holdout(wulver_paper_clean);local_cross_project_dir	
recutils_recfix_O0	recutils	recfix	O0	local_main;local_main:cross_project;wulver	data/raw/recutils_recfix_O0_sym	data/stripped/recutils_recfix_O0_stripped	1	2	data/bir/recutils_recfix_O0.bir	772998	1	156	schemaA:functions=name->addr	156	511	189	212	0				excluded	xproject	excluded		1	772998	1	1	376			0	1	30357190414458f6ccf4842a77c10c8b9c1fb71d	30357190414458f6ccf4842a77c10c8b9c1fb71d	1	1	EXEC	1	152	152	1.0	archive		0	no_matched_functions	xproject_holdout(wulver_paper_clean);local_cross_project_dir	
recutils_recfix_O1	recutils	recfix	O1	local_main;local_main:cross_project;wulver	data/raw/recutils_recfix_O1_sym	data/stripped/recutils_recfix_O1_stripped	1	2	data/bir/recutils_recfix_O1.bir	775452	1	125	schemaA:functions=name->addr	125	325	32	186	0				excluded	xproject	excluded		1	775452	1	1	62			0	1	38e91816159b6580d916152a7759684eb23f4dd5	38e91816159b6580d916152a7759684eb23f4dd5	1	1	EXEC	1	121	121	1.0	archive		0	no_matched_functions	xproject_holdout(wulver_paper_clean);local_cross_project_dir	
recutils_recfix_O2	recutils	recfix	O2	local_main;local_main:cross_project;wulver	data/raw/recutils_recfix_O2_sym	data/stripped/recutils_recfix_O2_stripped	1	2	data/bir/recutils_recfix_O2.bir	657774	1	132	schemaA:functions=name->addr	132	332	39	186	0				excluded	xproject	excluded		1	657774	1	1	74			0	1	f6e7ab9ab41d81da00afc4270af25b757a7404bf	f6e7ab9ab41d81da00afc4270af25b757a7404bf	1	1	EXEC	1	128	128	1.0	archive		0	no_matched_functions	xproject_holdout(wulver_paper_clean);local_cross_project_dir	
recutils_recfix_O3	recutils	recfix	O3	local_main;local_main:cross_project;wulver	data/raw/recutils_recfix_O3_sym	data/stripped/recutils_recfix_O3_stripped	1	2	data/bir/recutils_recfix_O3.bir	729272	1	133	schemaA:functions=name->addr	133	333	40	186	0				excluded	xproject	excluded		1	729272	1	1	77			0	1	142af29224583a1064d3b036f6aad30c9b53abf0	142af29224583a1064d3b036f6aad30c9b53abf0	1	1	EXEC	1	129	129	1.0	archive		0	no_matched_functions	xproject_holdout(wulver_paper_clean);local_cross_project_dir	
recutils_recfix_clang_O1	recutils	recfix_clang	O1	clang_o1o3	clang_o1o3/bins/recutils_recfix_clang_O1.debug	clang_o1o3/bins/recutils_recfix_clang_O1	1	1	clang_o1o3/bir/recutils_recfix_clang_O1.bir	2380979	1	532	schemaA:functions=name->addr		544	314	117																						DYN	1	528	528	0.99	computed		0	no_matched_functions		
recutils_recfix_clang_O3	recutils	recfix_clang	O3	clang_o1o3	clang_o1o3/bins/recutils_recfix_clang_O3.debug	clang_o1o3/bins/recutils_recfix_clang_O3	1	1	clang_o1o3/bir/recutils_recfix_clang_O3.bir	2465103	1	529	schemaA:functions=name->addr		539	309	117																						DYN	1	525	525	0.99	computed		0	no_matched_functions		
recutils_recfmt_O0	recutils	recfmt	O0	local_main;local_main:cross_project;wulver	data/raw/recutils_recfmt_O0_sym	data/stripped/recutils_recfmt_O0_stripped	1	2	data/bir/recutils_recfmt_O0.bir	776118	1	155	schemaA:functions=name->addr	155	513	187	214	0				excluded	xproject	excluded		1	776118	1	1	374			0	1	9c0d43456a53c7dbb13cbb5608a58c8a25d5861f	9c0d43456a53c7dbb13cbb5608a58c8a25d5861f	1	1	EXEC	1	151	151	1.0	archive		0	no_matched_functions	xproject_holdout(wulver_paper_clean);local_cross_project_dir	
recutils_recfmt_O1	recutils	recfmt	O1	local_main;local_main:cross_project;wulver	data/raw/recutils_recfmt_O1_sym	data/stripped/recutils_recfmt_O1_stripped	1	2	data/bir/recutils_recfmt_O1.bir	782128	1	128	schemaA:functions=name->addr	128	332	33	189	0				excluded	xproject	excluded		1	782128	1	1	65			0	1	e4ffcd621e31947e7eb18de22d353f6e9a09564c	e4ffcd621e31947e7eb18de22d353f6e9a09564c	1	1	EXEC	1	124	124	1.0	archive		0	no_matched_functions	xproject_holdout(wulver_paper_clean);local_cross_project_dir	
recutils_recfmt_O2	recutils	recfmt	O2	local_main;local_main:cross_project;wulver	data/raw/recutils_recfmt_O2_sym	data/stripped/recutils_recfmt_O2_stripped	1	2	data/bir/recutils_recfmt_O2.bir	667469	1	135	schemaA:functions=name->addr	135	339	40	189	0				excluded	xproject	excluded		1	667469	1	1	78			0	1	a9898cfea8469b4dfbbfc35506b264a30a8c76bb	a9898cfea8469b4dfbbfc35506b264a30a8c76bb	1	1	EXEC	1	131	131	1.0	archive		0	no_matched_functions	xproject_holdout(wulver_paper_clean);local_cross_project_dir	
recutils_recfmt_O3	recutils	recfmt	O3	local_main;local_main:cross_project;wulver	data/raw/recutils_recfmt_O3_sym	data/stripped/recutils_recfmt_O3_stripped	1	2	data/bir/recutils_recfmt_O3.bir	742184	1	136	schemaA:functions=name->addr	136	340	41	189	0				excluded	xproject	excluded		1	742184	1	1	80			0	1	791ba25ddb3819436fdc289281f6c5a465fc327f	791ba25ddb3819436fdc289281f6c5a465fc327f	1	1	EXEC	1	132	132	1.0	archive		0	no_matched_functions	xproject_holdout(wulver_paper_clean);local_cross_project_dir	
recutils_recfmt_clang_O1	recutils	recfmt_clang	O1	clang_o1o3	clang_o1o3/bins/recutils_recfmt_clang_O1.debug	clang_o1o3/bins/recutils_recfmt_clang_O1	1	1	clang_o1o3/bir/recutils_recfmt_clang_O1.bir	2409496	1	536	schemaA:functions=name->addr		547	317	117																						DYN	1	532	532	0.99	computed		0	no_matched_functions		
recutils_recfmt_clang_O3	recutils	recfmt_clang	O3	clang_o1o3	clang_o1o3/bins/recutils_recfmt_clang_O3.debug	clang_o1o3/bins/recutils_recfmt_clang_O3	1	1	clang_o1o3/bir/recutils_recfmt_clang_O3.bir	2494371	1	533	schemaA:functions=name->addr		542	312	117																						DYN	1	529	529	0.99	computed		0	no_matched_functions		
recutils_recinf_O0	recutils	recinf	O0	local_main;local_main:cross_project;wulver	data/raw/recutils_recinf_O0_sym	data/stripped/recutils_recinf_O0_stripped	1	2	data/bir/recutils_recinf_O0.bir	769475	1	152	schemaA:functions=name->addr	152	515	181	218	0				excluded	xproject	excluded		1	769475	1	1	360			0	1	1b5a4545c96a527ed24679838807ee3a8e5965f5	1b5a4545c96a527ed24679838807ee3a8e5965f5	1	1	EXEC	1	148	148	1.0	archive		0	no_matched_functions	xproject_holdout(wulver_paper_clean);local_cross_project_dir	
recutils_recinf_O1	recutils	recinf	O1	local_main;local_main:cross_project;wulver	data/raw/recutils_recinf_O1_sym	data/stripped/recutils_recinf_O1_stripped	1	2	data/bir/recutils_recinf_O1.bir	773103	1	125	schemaA:functions=name->addr	125	333	30	191	0				excluded	xproject	excluded		1	773103	1	1	58			0	1	819c3b46432a20c9f81a7ca0a7fb4fbe52ee7beb	819c3b46432a20c9f81a7ca0a7fb4fbe52ee7beb	1	1	EXEC	1	121	121	1.0	archive		0	no_matched_functions	xproject_holdout(wulver_paper_clean);local_cross_project_dir	
recutils_recinf_O2	recutils	recinf	O2	local_main;local_main:cross_project;wulver	data/raw/recutils_recinf_O2_sym	data/stripped/recutils_recinf_O2_stripped	1	2	data/bir/recutils_recinf_O2.bir	656979	1	132	schemaA:functions=name->addr	132	340	37	191	0				excluded	xproject	excluded		1	656979	1	1	71			0	1	18c73152f5064976d633dfd8e8674638483edc93	18c73152f5064976d633dfd8e8674638483edc93	1	1	EXEC	1	128	128	1.0	archive		0	no_matched_functions	xproject_holdout(wulver_paper_clean);local_cross_project_dir	
recutils_recinf_O3	recutils	recinf	O3	local_main;local_main:cross_project;wulver	data/raw/recutils_recinf_O3_sym	data/stripped/recutils_recinf_O3_stripped	1	2	data/bir/recutils_recinf_O3.bir	728477	1	133	schemaA:functions=name->addr	133	341	38	191	0				excluded	xproject	excluded		1	728477	1	1	73			0	1	cdb423b5707a658e2a74c75046983a02edf00295	cdb423b5707a658e2a74c75046983a02edf00295	1	1	EXEC	1	129	129	1.0	archive		0	no_matched_functions	xproject_holdout(wulver_paper_clean);local_cross_project_dir	
recutils_recinf_clang_O1	recutils	recinf_clang	O1	clang_o1o3	clang_o1o3/bins/recutils_recinf_clang_O1.debug	clang_o1o3/bins/recutils_recinf_clang_O1	1	1	clang_o1o3/bir/recutils_recinf_clang_O1.bir	2387149	1	533	schemaA:functions=name->addr		544	314	117																						DYN	1	529	529	0.99	computed		0	no_matched_functions		
recutils_recinf_clang_O3	recutils	recinf_clang	O3	clang_o1o3	clang_o1o3/bins/recutils_recinf_clang_O3.debug	clang_o1o3/bins/recutils_recinf_clang_O3	1	1	clang_o1o3/bir/recutils_recinf_clang_O3.bir	2471640	1	530	schemaA:functions=name->addr		539	309	117																						DYN	1	526	526	0.99	computed		0	no_matched_functions		
recutils_recins_O0	recutils	recins	O0	local_main;local_main:cross_project;wulver	data/raw/recutils_recins_O0_sym	data/stripped/recutils_recins_O0_stripped	1	2	data/bir/recutils_recins_O0.bir	761573	1	153	schemaA:functions=name->addr	153	523	183	221	0				excluded	xproject	excluded		1	761573	1	1	366			0	1	affeb5dd7df79205abb2c68f472a84b8d69984c6	affeb5dd7df79205abb2c68f472a84b8d69984c6	1	1	EXEC	1	149	149	1.0	archive		0	no_matched_functions	xproject_holdout(wulver_paper_clean);local_cross_project_dir	
recutils_recins_O1	recutils	recins	O1	local_main;local_main:cross_project;wulver	data/raw/recutils_recins_O1_sym	data/stripped/recutils_recins_O1_stripped	1	2	data/bir/recutils_recins_O1.bir	772333	1	126	schemaA:functions=name->addr	126	348	35	196	0				excluded	xproject	excluded		1	772333	1	1	69			0	1	8d99aa82e84b44cfccfa68b335a39a0f0b4bd33c	8d99aa82e84b44cfccfa68b335a39a0f0b4bd33c	1	1	EXEC	1	122	122	1.0	archive		0	no_matched_functions	xproject_holdout(wulver_paper_clean);local_cross_project_dir	
recutils_recins_O2	recutils	recins	O2	local_main;local_main:cross_project;wulver	data/raw/recutils_recins_O2_sym	data/stripped/recutils_recins_O2_stripped	1	2	data/bir/recutils_recins_O2.bir	656061	1	133	schemaA:functions=name->addr	133	355	42	196	0				excluded	xproject	excluded		1	656061	1	1	80			0	1	c4f2c1a003db49f4eddd57d9c56d23ab10730284	c4f2c1a003db49f4eddd57d9c56d23ab10730284	1	1	EXEC	1	129	129	1.0	archive		0	no_matched_functions	xproject_holdout(wulver_paper_clean);local_cross_project_dir	
recutils_recins_O3	recutils	recins	O3	local_main;local_main:cross_project;wulver	data/raw/recutils_recins_O3_sym	data/stripped/recutils_recins_O3_stripped	1	2	data/bir/recutils_recins_O3.bir	727559	1	134	schemaA:functions=name->addr	134	356	43	196	0				excluded	xproject	excluded		1	727559	1	1	84			0	1	71cfbb3044700bba36024a5ed68f9297493759f6	71cfbb3044700bba36024a5ed68f9297493759f6	1	1	EXEC	1	130	130	1.0	archive		0	no_matched_functions	xproject_holdout(wulver_paper_clean);local_cross_project_dir	
recutils_recsel_O0	recutils	recsel	O0	local_main;local_main:cross_project;wulver	data/raw/recutils_recsel_O0_sym	data/stripped/recutils_recsel_O0_stripped	1	2	data/bir/recutils_recsel_O0.bir	764465	1	153	schemaA:functions=name->addr	153	533	183	226	0				excluded	xproject	excluded		1	764465	1	1	365			0	1	800de9f55e31916022b02254b7ffe7412d9bc51b	800de9f55e31916022b02254b7ffe7412d9bc51b	1	1	EXEC	1	149	149	1.0	archive		0	no_matched_functions	xproject_holdout(wulver_paper_clean);local_cross_project_dir	
recutils_recsel_O1	recutils	recsel	O1	local_main;local_main:cross_project;wulver	data/raw/recutils_recsel_O1_sym	data/stripped/recutils_recsel_O1_stripped	1	2	data/bir/recutils_recsel_O1.bir	773413	1	126	schemaA:functions=name->addr	126	355	34	200	0				excluded	xproject	excluded		1	773413	1	1	67			0	1	90384542be40df1a1fc6e65a80e0b623e15ba0ac	90384542be40df1a1fc6e65a80e0b623e15ba0ac	1	1	EXEC	1	122	122	1.0	archive		0	no_matched_functions	xproject_holdout(wulver_paper_clean);local_cross_project_dir	
recutils_recsel_O2	recutils	recsel	O2	local_main;local_main:cross_project;wulver	data/raw/recutils_recsel_O2_sym	data/stripped/recutils_recsel_O2_stripped	1	2	data/bir/recutils_recsel_O2.bir	657993	1	133	schemaA:functions=name->addr	133	362	41	200	0				excluded	xproject	excluded		1	657993	1	1	80			0	1	2d2c40c6a72488c2f20684d486eee405a3b0921c	2d2c40c6a72488c2f20684d486eee405a3b0921c	1	1	EXEC	1	129	129	1.0	archive		0	no_matched_functions	xproject_holdout(wulver_paper_clean);local_cross_project_dir	
recutils_recsel_O3	recutils	recsel	O3	local_main;local_main:cross_project;wulver	data/raw/recutils_recsel_O3_sym	data/stripped/recutils_recsel_O3_stripped	1	2	data/bir/recutils_recsel_O3.bir	729491	1	134	schemaA:functions=name->addr	134	363	42	200	0				excluded	xproject	excluded		1	729491	1	1	82			0	1	beef241e71e7f4eda97a18e61e6e7ec0c9868389	beef241e71e7f4eda97a18e61e6e7ec0c9868389	1	1	EXEC	1	130	130	1.0	archive		0	no_matched_functions	xproject_holdout(wulver_paper_clean);local_cross_project_dir	
recutils_recsel_clang_O1	recutils	recsel_clang	O1	clang_o1o3	clang_o1o3/bins/recutils_recsel_clang_O1.debug	clang_o1o3/bins/recutils_recsel_clang_O1	1	1	clang_o1o3/bir/recutils_recsel_clang_O1.bir	2474564	1	534	schemaA:functions=name->addr		556	326	117																						DYN	1	530	530	0.99	computed		0	no_matched_functions		
recutils_recsel_clang_O3	recutils	recsel_clang	O3	clang_o1o3	clang_o1o3/bins/recutils_recsel_clang_O3.debug	clang_o1o3/bins/recutils_recsel_clang_O3	1	1	clang_o1o3/bir/recutils_recsel_clang_O3.bir	2556827	1	531	schemaA:functions=name->addr		551	321	117																						DYN	1	527	527	0.99	computed		0	no_matched_functions		
recutils_recset_O0	recutils	recset	O0	local_main;local_main:cross_project;wulver	data/raw/recutils_recset_O0_sym	data/stripped/recutils_recset_O0_stripped	1	2	data/bir/recutils_recset_O0.bir	757823	1	153	schemaA:functions=name->addr	153	513	183	216	0				excluded	xproject	excluded		1	757823	1	1	183			0	1	f5f07a452f7ea6db6e13c5ce1ecf9d2e0a0fe4db	f5f07a452f7ea6db6e13c5ce1ecf9d2e0a0fe4db	1	1	EXEC	1	149	149	1.0	archive		0	no_matched_functions	xproject_holdout(wulver_paper_clean);local_cross_project_dir	
recutils_recset_O1	recutils	recset	O1	local_main;local_main:cross_project;wulver	data/raw/recutils_recset_O1_sym	data/stripped/recutils_recset_O1_stripped	1	2	data/bir/recutils_recset_O1.bir	767904	1	124	schemaA:functions=name->addr	124	336	33	191	0				excluded	xproject	excluded		1	767904	1	1	33			0	1	7cf5243221d2bd2514c5bb4dc9da7cfc006709df	7cf5243221d2bd2514c5bb4dc9da7cfc006709df	1	1	EXEC	1	120	120	1.0	archive		0	no_matched_functions	xproject_holdout(wulver_paper_clean);local_cross_project_dir	
recutils_recset_O2	recutils	recset	O2	local_main;local_main:cross_project;wulver	data/raw/recutils_recset_O2_sym	data/stripped/recutils_recset_O2_stripped	1	2	data/bir/recutils_recset_O2.bir	649232	1	131	schemaA:functions=name->addr	131	343	40	191	0				excluded	xproject	excluded		1	649232	1	1	40			0	1	788890b05cd0a676f3fe6e0e79955dc34961bd3c	788890b05cd0a676f3fe6e0e79955dc34961bd3c	1	1	EXEC	1	127	127	1.0	archive		0	no_matched_functions	xproject_holdout(wulver_paper_clean);local_cross_project_dir	
recutils_recset_O3	recutils	recset	O3	local_main;local_main:cross_project;wulver	data/raw/recutils_recset_O3_sym	data/stripped/recutils_recset_O3_stripped	1	2	data/bir/recutils_recset_O3.bir	720730	1	132	schemaA:functions=name->addr	132	344	41	191	0				excluded	xproject	excluded		1	720730	1	1	41			0	1	3709fdb0074744048f717a1a022fe2db6c29987b	3709fdb0074744048f717a1a022fe2db6c29987b	1	1	EXEC	1	128	128	1.0	archive		0	no_matched_functions	xproject_holdout(wulver_paper_clean);local_cross_project_dir	
rsync_rsync_O0	rsync	rsync	O0	local_main;wulver		data/stripped/rsync_rsync_O0	0	1	data/bir/rsync_rsync_O0.bir	14256154	1	509	schemaA:functions=name->addr		2121	1754	185	508	0			train	train	train		0		1	1	1754	185	508	0	1	bd32372dbfc8d900babd093d76f767e57d8ffcc1				DYN	1	950		1.0	archive		0	no_debug_elf		
rsync_rsync_O2	rsync	rsync	O2	local_main;wulver		data/stripped/rsync_rsync_O2	0	1	data/bir/rsync_rsync_O2.bir	11336759	1	509	schemaA:functions=name->addr		1014	649	184	466	0			train	train	train		0		1	1	649	184	466	0	1	af61bbd7dfa29abf2e147ed5f3e58cac5fd50c27				DYN	1	703		1.0	archive		0	no_debug_elf		
rush_rush_O0	rush	rush	O0	local_main;wulver	data/raw/rush_rush_O0_sym	data/stripped/rush_rush_O0_stripped	1	1	data/bir/rush_rush_O0.bir	6652209	1	697	schemaA:functions=name->addr		1632	1369	129	1365	0		train	train	train	train	train	0		1	1	1369	129	1365	0	1	fcd078eba5d7f3126c1ce2c64af3dff67f6e56f1	fcd078eba5d7f3126c1ce2c64af3dff67f6e56f1	1	1	DYN	1	703	703	1.0	archive		1			
rush_rush_O1	rush	rush	O1	local_main;wulver	data/raw/rush_rush_O1	data/stripped/rush_rush_O1_stripped	1	1	data/bir/rush_rush_O1.bir	4090970	1	519	flat:addr->name		694	431	128	430	0			train	train	train		0		1	1	431	128	430	0	1	86676737dc06e9d8a1c3b5e85dbf67df39ec450a	86676737dc06e9d8a1c3b5e85dbf67df39ec450a	1	1	EXEC	1	516	516	1.0	archive		1			
rush_rush_O2	rush	rush	O2	local_main;wulver	data/raw/rush_rush_O2_sym	data/stripped/rush_rush_O2_stripped	1	1	data/bir/rush_rush_O2.bir	4710995	1	471	schemaA:functions=name->addr		679	420	127	382	0		train	train	train	train	train	0		1	1	420	127	382	0	1	f6ffe5c5277273820a2dc8bb31a412957d93c0ae	f6ffe5c5277273820a2dc8bb31a412957d93c0ae	1	1	DYN	1	476	476	0.9866666666666667	archive		1			
rush_rush_O3	rush	rush	O3	local_main;wulver	data/raw/rush_rush_O3	data/stripped/rush_rush_O3_stripped	1	1	data/bir/rush_rush_O3.bir	5410968	1	435	flat:addr->name		657	394	128	349	0			train	train	train		0		1	1	394	128	349	0	1	f6fb9c7fa3b6f254100b8b222c55d7ac82558c90	f6fb9c7fa3b6f254100b8b222c55d7ac82558c90	1	1	EXEC	1	432	432	0.9966666666666667	archive		1			
sbase_cat_O2	sbase	cat	O2	local_main:cross_project	data/cross_project/candidates/sbase_cat_O2		1	0			0																									496ab3b23e760e367c6cc4b6de7b66420fb049e3			DYN	1		11				0	no_stripped_elf;no_bir;no_labels;no_sub_graphs;no_matched_functions	local_cross_project_dir	
sbase_cut_O2	sbase	cut	O2	local_main:cross_project	data/cross_project/candidates/sbase_cut_O2		1	0			0																									d26130859d2ab477790dcbb47e8f4c19ee620b17			DYN	1		27				0	no_stripped_elf;no_bir;no_labels;no_sub_graphs;no_matched_functions	local_cross_project_dir	
sbase_echo_O2	sbase	echo	O2	local_main:cross_project	data/cross_project/candidates/sbase_echo_O2		1	0			0																									35cda3aaad3e74d137c267f21858c9a9a225b539			DYN	1		13				0	no_stripped_elf;no_bir;no_labels;no_sub_graphs;no_matched_functions	local_cross_project_dir	
sbase_false_O2	sbase	false	O2	local_main:cross_project	data/cross_project/candidates/sbase_false_O2		1	0			0																									ff5a31b290dbe7f5a11ab2ba027a0d0704b2a71f			DYN	1		4				0	no_stripped_elf;no_bir;no_labels;no_sub_graphs;no_matched_functions	local_cross_project_dir	
sbase_grep_O2	sbase	grep	O2	local_main:cross_project	data/cross_project/candidates/sbase_grep_O2		1	0			0																									01f42d3efb6e4495e7e605fcfdcf61c502a3950a			DYN	1		28				0	no_stripped_elf;no_bir;no_labels;no_sub_graphs;no_matched_functions	local_cross_project_dir	
sbase_head_O2	sbase	head	O2	local_main:cross_project	data/cross_project/candidates/sbase_head_O2		1	0			0																									0103a1caf2b67391382777e3f2cbd3c370cf857e			DYN	1		16				0	no_stripped_elf;no_bir;no_labels;no_sub_graphs;no_matched_functions	local_cross_project_dir	
sbase_ls_O2	sbase	ls	O2	local_main:cross_project	data/cross_project/candidates/sbase_ls_O2		1	0			0																									ff83daf891031891a1ee39582b318f284fd61619			DYN	1		43				0	no_stripped_elf;no_bir;no_labels;no_sub_graphs;no_matched_functions	local_cross_project_dir	
sbase_pwd_O2	sbase	pwd	O2	local_main:cross_project	data/cross_project/candidates/sbase_pwd_O2		1	0			0																									d1a41a757e340c547996bc5a21f6618353c772e2			DYN	1		12				0	no_stripped_elf;no_bir;no_labels;no_sub_graphs;no_matched_functions	local_cross_project_dir	
sbase_sed_O2	sbase	sed	O2	local_main:cross_project	data/cross_project/candidates/sbase_sed_O2		1	0			0																									cd10e1bbda54101422efc4b0696b5b37e243b753			DYN	1		106				0	no_stripped_elf;no_bir;no_labels;no_sub_graphs;no_matched_functions	local_cross_project_dir	
sbase_sort_O2	sbase	sort	O2	local_main:cross_project	data/cross_project/candidates/sbase_sort_O2		1	0			0																									81752b4be2bd74146a3c92f7ccf61fe2254ea53e			DYN	1		53				0	no_stripped_elf;no_bir;no_labels;no_sub_graphs;no_matched_functions	local_cross_project_dir	
sbase_tail_O2	sbase	tail	O2	local_main:cross_project	data/cross_project/candidates/sbase_tail_O2		1	0			0																									9ee337a66790e32f9f32e5d9a01986f96da587b2			DYN	1		33				0	no_stripped_elf;no_bir;no_labels;no_sub_graphs;no_matched_functions	local_cross_project_dir	
sbase_tee_O2	sbase	tee	O2	local_main:cross_project	data/cross_project/candidates/sbase_tee_O2		1	0			0																									0eadaefece003e4306bf04f3cfd572334df3592c			DYN	1		20				0	no_stripped_elf;no_bir;no_labels;no_sub_graphs;no_matched_functions	local_cross_project_dir	
sbase_tr_O2	sbase	tr	O2	local_main:cross_project	data/cross_project/candidates/sbase_tr_O2		1	0			0																									085bb6977151ac4924b9a8ef029c548d8dcc4bc4			DYN	1		54				0	no_stripped_elf;no_bir;no_labels;no_sub_graphs;no_matched_functions	local_cross_project_dir	
sbase_true_O2	sbase	true	O2	local_main:cross_project	data/cross_project/candidates/sbase_true_O2		1	0			0																									7af23808eaf19a7dc92f72aac757409ae65548e8			DYN	1		4				0	no_stripped_elf;no_bir;no_labels;no_sub_graphs;no_matched_functions	local_cross_project_dir	
sbase_uniq_O2	sbase	uniq	O2	local_main:cross_project	data/cross_project/candidates/sbase_uniq_O2		1	0			0																									357224cfd6c718c88577615fe34b071fc074278e			DYN	1		26				0	no_stripped_elf;no_bir;no_labels;no_sub_graphs;no_matched_functions	local_cross_project_dir	
sbase_wc_O2	sbase	wc	O2	local_main:cross_project	data/cross_project/candidates/sbase_wc_O2		1	0			0																									5fc4fc689918f664e0c0f7e262c0f78ed2bec6b6			DYN	1		26				0	no_stripped_elf;no_bir;no_labels;no_sub_graphs;no_matched_functions	local_cross_project_dir	
sbase_which_O2	sbase	which	O2	local_main:cross_project	data/cross_project/candidates/sbase_which_O2		1	0			0																									39daa7eb7dd26dd03bd32657de931ba3acf5108f			DYN	1		20				0	no_stripped_elf;no_bir;no_labels;no_sub_graphs;no_matched_functions	local_cross_project_dir	
sbase_yes_O2	sbase	yes	O2	local_main:cross_project	data/cross_project/candidates/sbase_yes_O2		1	0			0																									be2374b4e65742fb07e140446a83ee029bdf8248			DYN	1		9				0	no_stripped_elf;no_bir;no_labels;no_sub_graphs;no_matched_functions	local_cross_project_dir	
screen_screen	screen	screen	default	local_main;wulver	data/raw/screen_screen_sym	data/stripped/screen_screen_stripped	1	1	data/bir/screen_screen.bir	8054670	1	597	schemaA:functions=name->addr		863	525	168	521	0		train	train	train	train	train	0		1	1	525	168	521	0	1	5de04bac70b9bef6daa8a9787458b42cb79193b1	5de04bac70b9bef6daa8a9787458b42cb79193b1	1	1	DYN	1	601	601	1.0	archive		1			
screen_screen_O0	screen	screen	O0	local_main;wulver	data/raw/screen_screen_O0_sym	data/stripped/screen_screen_O0_stripped	1	1	data/bir/screen_screen_O0.bir	10523225	1	673	schemaA:functions=name->addr		1671	1346	162	1345	0		train	train	train	train	train	0		1	1	1346	162	1345	0	1	5f5e4fe5214f5900ec1a0924b81cc4fb941e201a	5f5e4fe5214f5900ec1a0924b81cc4fb941e201a	1	1	DYN	1	677	677	1.0	archive		1			
screen_screen_O1	screen	screen	O1	local_main;wulver	data/raw/screen_screen_O1_sym	data/stripped/screen_screen_O1_stripped	1	1	data/bir/screen_screen_O1.bir	7391439	1	599	schemaA:functions=name->addr		876	543	176	542	0		train	train	train	train	train	0		1	1	543	176	542	0	1	72dafa189159a1e14a82948c82349b654376539a	72dafa189159a1e14a82948c82349b654376539a	1	1	DYN	1	603	603	1.0	archive		1			
screen_screen_O2	screen	screen	O2	local_main;wulver	data/raw/screen_screen_O2_sym	data/stripped/screen_screen_O2_stripped	1	1	data/bir/screen_screen_O2.bir	8054670	1	597	schemaA:functions=name->addr		863	525	168	521	0		val	val	val	val	val	0		1	1	525	168	521	0	1	5de04bac70b9bef6daa8a9787458b42cb79193b1	5de04bac70b9bef6daa8a9787458b42cb79193b1	1	1	DYN	1	601	601	1.0	archive		1			
screen_screen_O3	screen	screen	O3	local_main;wulver	data/raw/screen_screen_O3_sym	data/stripped/screen_screen_O3_stripped	1	1	data/bir/screen_screen_O3.bir	9260052	1	588	schemaA:functions=name->addr		868	530	178	514	0		train	train	train	train	train	0		1	1	530	178	514	0	1	e1e0c8c8a056feaaf79dc3d60d379587f9e1aeb6	e1e0c8c8a056feaaf79dc3d60d379587f9e1aeb6	1	1	DYN	1	592	592	1.0	archive		1			
sed2_sed_O0	sed2	sed	O0	wulver			0	0			0															0		1	0	476			1	1												0	no_bir;no_matched_functions		
sed2_sed_O1	sed2	sed	O1	wulver			0	0			0															0		1	0	327			1	1												0	no_bir;no_matched_functions		
sed2_sed_O2	sed2	sed	O2	wulver			0	0			0															0		1	0	294			1	1												0	no_bir;no_matched_functions		
sed2_sed_O3	sed2	sed	O3	wulver			0	0			0															0		1	0	274			1	1												0	no_bir;no_matched_functions		
sed_clang_O0	sed	clang	O0	wulver			0	0			0														excluded	0		0	0				0	0												0	no_debug_elf;no_stripped_elf;no_bir;no_labels;no_sub_graphs;no_matched_functions		
sed_clang_O1	sed	clang	O1	wulver			0	0			0														excluded	0		0	0				0	0												0	no_debug_elf;no_stripped_elf;no_bir;no_labels;no_sub_graphs;no_matched_functions		
sed_clang_O2	sed	clang	O2	wulver			0	0			0														excluded	0		0	0				0	0												0	no_debug_elf;no_stripped_elf;no_bir;no_labels;no_sub_graphs;no_matched_functions		
sed_clang_O3	sed	clang	O3	wulver			0	0			0														excluded	0		0	0				0	0												0	no_debug_elf;no_stripped_elf;no_bir;no_labels;no_sub_graphs;no_matched_functions		
sed_sed	sed	sed	default	local_main;wulver	data/raw/sed_sed_sym	data/stripped/sed_sed_stripped	1	1			0										train	train	train	train	excluded	0		1	1	159	103		0	1	48568f4d1aab5930355248ddb16d94daa8d6e395	48568f4d1aab5930355248ddb16d94daa8d6e395	1	1	DYN	1	223	223				0	no_bir;no_matched_functions		
sed_sed_O0	sed	sed	O0	local_main;local_main:cross_project;wulver	data/raw/sed_sed_O0_sym	data/cross_project/stripped/sed_sed_O0_stripped	2	2	data/bir/sed_sed_O0.bir	2554372	1	334	schemaA:functions=name->addr	346	866	667	101	331	0		train	train	train	train	excluded	0		1	1	1322	106	331	0	1	3d0a34c92181bed45ca833eccfb991e401688353	42a5a44db73c865ba3659cc8b7beb7444c485939	0	1	DYN	1	343	343	1.0	archive		1		local_cross_project_dir	
sed_sed_O1	sed	sed	O1	local_main;local_main:cross_project;wulver	data/raw/sed_sed_O1_sym	data/cross_project/stripped/sed_sed_O1_stripped	2	2	data/bir/sed_sed_O1.bir	1522644	1	225	schemaA:functions=name->addr	235	388	193	99	192	0		train	train	train	train	excluded	0		1	1	385	108	192	0	1	49570e6e56971c86d3d5c5cd086433d08e5c4996	29ecd51f7317fc58e0be5323d7e0e9380d204cb7	0	1	DYN	1	232	232	1.0	archive		1		local_cross_project_dir	
sed_sed_O2	sed	sed	O2	local_main;local_main:cross_project;wulver	data/raw/sed_sed_O2_sym	data/cross_project/stripped/sed_sed_O2_stripped	2	2	data/bir/sed_sed_O2.bir	1465927	1	215	schemaA:functions=name->addr	226	355	159	99	154	0		train	train	train	train	excluded	0		1	1	315	104	154	0	1	1c8bbf7cf837dee0aa06931ca08109fdeeb15e0c	48568f4d1aab5930355248ddb16d94daa8d6e395	0	1	DYN	1	223	223	0.9937106918238994	archive		1		local_cross_project_dir	
sed_sed_O3	sed	sed	O3	local_main;local_main:cross_project;wulver	data/raw/sed_sed_O3_sym	data/cross_project/stripped/sed_sed_O3_stripped	2	2	data/bir/sed_sed_O3.bir	2137906	1	207	schemaA:functions=name->addr	217	379	183	99	171	0		train	train	train	train	excluded	0		1	1	371	108	171	0	1	2248cced25d775732056458fb9c7a194da94a2e2	3136a033f128de61a392fe08cb3395609a4b90dc	0	1	DYN	1	214	215	0.994535519125683	archive		1		local_cross_project_dir	
sed_sed_clang_O0	sed	sed_clang	O0	clang_train;wulver	clang_train/bins/sed_sed_clang_O0.debug	clang_train/bins/sed_sed_clang_O0	1	1	clang_train/bir/sed_sed_clang_O0.bir	2415761	1	338	schemaA:functions=name->addr		537	333	104			338					excluded	0		0	0				0	0	c32a685361e9edaa8a2e398c6216d43e6cb76fbc	c32a685361e9edaa8a2e398c6216d43e6cb76fbc	1	1	DYN	1	342	342	1.0	computed		1			
sed_sed_clang_O1	sed	sed_clang	O1	clang_train;wulver	clang_train/bins/sed_sed_clang_O1.debug	clang_train/bins/sed_sed_clang_O1	1	1	clang_train/bir/sed_sed_clang_O1.bir	1578481	1	187	schemaA:functions=name->addr		324	125	101			130					excluded	0		0	0				0	0	12093eddd9b62897718b84f4ab244c593ba52cdf	12093eddd9b62897718b84f4ab244c593ba52cdf	1	1	DYN	1	190	190	0.992	computed		1			
sed_sed_clang_O2	sed	sed_clang	O2	clang_train;wulver	clang_train/bins/sed_sed_clang_O2.debug	clang_train/bins/sed_sed_clang_O2	1	1	clang_train/bir/sed_sed_clang_O2.bir	1606095	1	187	schemaA:functions=name->addr		324	125	101			130					excluded	0		0	0				0	0	ebf5acd74faf291520c2274367b1d1540a4a11ce	ebf5acd74faf291520c2274367b1d1540a4a11ce	1	1	DYN	1	190	190	0.992	computed		1			
sed_sed_clang_O3	sed	sed_clang	O3	clang_train;wulver	clang_train/bins/sed_sed_clang_O3.debug	clang_train/bins/sed_sed_clang_O3	1	1	clang_train/bir/sed_sed_clang_O3.bir	1695609	1	182	schemaA:functions=name->addr		318	119	101			124					excluded	0		0	0				0	0	1f3408e0a4c91e5b68771ba492bb8184bd7e559b	1f3408e0a4c91e5b68771ba492bb8184bd7e559b	1	1	DYN	1	185	185	0.9915966386554622	computed		1			
socat_socat_O0	socat	socat	O0	local_main;wulver		data/stripped/socat_socat_O0	0	1	data/bir/socat_socat_O0.bir	5784453	1	381	schemaA:functions=name->addr		1630	1057	287	380	0			train	train	train		0		1	1	1057	287	380	0	1	84d37bf1416d149aac4a94c470096fcb47655ffd				DYN	1	534		1.0	archive		0	no_debug_elf		
socat_socat_O2	socat	socat	O2	local_main;wulver		data/stripped/socat_socat_O2	0	1	data/bir/socat_socat_O2.bir	4743350	1	381	schemaA:functions=name->addr		1050	475	288	367	0			train	train	train		0		1	1	475	288	367	0	1	162e42a51049f49f196ede3832a59470247508aa				DYN	1	498		1.0	archive		0	no_debug_elf		
spell_spell_O0	spell	spell	O0	local_main;wulver	data/raw/spell_spell_O0_sym	data/stripped/spell_spell_O0_stripped	1	1	data/bir/spell_spell_O0.bir	155040	1	13	schemaA:functions=name->addr		101	26	35	25	0		train	train	train	train	train	0		1	1	26	35	25	0	1	3fc6bb270e10bfd3c9c8112d196c4c195c91e581	3fc6bb270e10bfd3c9c8112d196c4c195c91e581	1	1	DYN	1	17	17	1.0	archive		1			
spell_spell_O1	spell	spell	O1	local_main;wulver	data/raw/spell_spell_O1_sym	data/stripped/spell_spell_O1_stripped	1	1	data/bir/spell_spell_O1.bir	118637	1	12	schemaA:functions=name->addr		85	10	35	9	0		train	train	train	train	train	0		1	1	10	35	9	0	1	730021ce3718f16c4754486df8d0208dadc797e4	730021ce3718f16c4754486df8d0208dadc797e4	1	1	DYN	1	16	16	1.0	archive		1			
spell_spell_O2	spell	spell	O2	local_main;wulver	data/raw/spell_spell_O2_sym	data/stripped/spell_spell_O2_stripped	1	1	data/bir/spell_spell_O2.bir	135481	1	11	schemaA:functions=name->addr		82	10	34	8	0		train	train	train	train	train	0		1	1	10	34	8	0	1	9ca30fa66197e98d41fd5567fd2a92258ae21c32	9ca30fa66197e98d41fd5567fd2a92258ae21c32	1	1	DYN	1	15	15	1.0	archive		1			
spell_spell_O3	spell	spell	O3	local_main;wulver	data/raw/spell_spell_O3_sym	data/stripped/spell_spell_O3_stripped	1	1	data/bir/spell_spell_O3.bir	149965	1	13	schemaA:functions=name->addr		84	12	34	10	0		train	train	train	train	train	0		1	1	12	34	10	0	1	764c875950769e5775716922645f296f53d4856c	764c875950769e5775716922645f296f53d4856c	1	1	DYN	1	17	17	1.0	archive		1			
sqlite_sqlite3_O0	sqlite	sqlite3	O0	local_main;wulver	data/raw/sqlite_sqlite3_O0_sym	data/stripped/sqlite_sqlite3_O0_stripped	1	1	data/bir/sqlite_sqlite3_O0.bir	41796310	1	4237	schemaA:functions=name->addr		8712	8475	119	8473	0		train	train	train	train	train	0		1	1	8475	119	8473	0	1	a9afe26ab1fbb91732a99747e6348dd4fe407b89	a9afe26ab1fbb91732a99747e6348dd4fe407b89	1	1	DYN	1	4242	4242	1.0	archive		1			
sqlite_sqlite3_O1	sqlite	sqlite3	O1	local_main;wulver	data/raw/sqlite_sqlite3_O1	data/stripped/sqlite_sqlite3_O1_stripped	1	1	data/bir/sqlite_sqlite3_O1.bir	28298088	1	2964	flat:addr->name		2840	2582	119	2580	0			train	train	train		0		1	1	2582	119	2580	0	1	6f678a375b1297aa949052d8d0d82ed355cdb652	6f678a375b1297aa949052d8d0d82ed355cdb652	1	1	EXEC	1	2961	2961	0.9866666666666667	archive		1			
sqlite_sqlite3_O2	sqlite	sqlite3	O2	local_main;wulver	data/raw/sqlite_sqlite3_O2_sym	data/stripped/sqlite_sqlite3_O2_stripped	1	1	data/bir/sqlite_sqlite3_O2.bir	35856557	1	2517	schemaA:functions=name->addr		2326	2072	119	2055	0		train	train	train	train	train	0		1	1	2072	119	2055	0	1	4fe0aa2fb8f650b63083912f2b45748aaf56e9da	4fe0aa2fb8f650b63083912f2b45748aaf56e9da	1	1	DYN	1	2514	2514	1.0	archive		1			
sqlite_sqlite3_O3	sqlite	sqlite3	O3	local_main;wulver	data/raw/sqlite_sqlite3_O3	data/stripped/sqlite_sqlite3_O3_stripped	1	1	data/bir/sqlite_sqlite3_O3.bir	48271635	1	2406	flat:addr->name		2248	1989	120	1971	0			train	train	train		0		1	1	1989	120	1971	0	1	c0e30f856f00a733ba8e624c4199f7854059987c	c0e30f856f00a733ba8e624c4199f7854059987c	1	1	EXEC	1	2402	2402	0.9966666666666667	archive		1			
strace_strace_O0	strace	strace	O0	local_main;wulver	data/raw/strace_strace_O0_sym	data/stripped/strace_strace_O0_stripped	1	1	data/bir/strace_strace_O0.bir	14865708	1	1985	schemaA:functions=name->addr		6485	6196	147	3852	0		train	train	train	train	train	0		1	1	6196	147	3852	0	1	16a666dee039dc5b89e46c75a470e68a0b9c0ae6	16a666dee039dc5b89e46c75a470e68a0b9c0ae6	1	1	DYN	1	4266	4266	1.0	archive		1			
strace_strace_O1	strace	strace	O1	local_main;wulver	data/raw/strace_strace_O1	data/stripped/strace_strace_O1_stripped	1	1	data/bir/strace_strace_O1.bir	10221092	1	1366	flat:addr->name		1330	1050	143	1044	0			train	train	train		0		1	1	1050	143	1044	0	1	8a4db741f5cd3cf51a11934c5e3ee032b61656c3	8a4db741f5cd3cf51a11934c5e3ee032b61656c3	1	1	DYN	1	1435	1435	1.0	archive	strace_strace_O3:0.925	1			dup_group_keeper:strace_strace_O3
strace_strace_O2	strace	strace	O2	local_main;wulver	data/raw/strace_strace_O2_sym	data/stripped/strace_strace_O2_stripped	1	1	data/bir/strace_strace_O2.bir	10221092	1	1359	schemaA:functions=name->addr		1330	1050	143	1021	0		train	train	train	train	train	0		1	1	1050	143	1021	0	1	8a4db741f5cd3cf51a11934c5e3ee032b61656c3	8a4db741f5cd3cf51a11934c5e3ee032b61656c3	1	1	DYN	1	1435	1435	1.0	archive		1			
strace_strace_O3	strace	strace	O3	local_main;wulver	data/raw/strace_strace_O3	data/stripped/strace_strace_O3_stripped	1	1	data/bir/strace_strace_O3.bir	10221092	1	1366	flat:addr->name		1330	1050	143	1044	0			train	train	train		0		1	1	1050	143	1044	0	1	8a4db741f5cd3cf51a11934c5e3ee032b61656c3	8a4db741f5cd3cf51a11934c5e3ee032b61656c3	1	1	DYN	1	1435	1435	1.0	archive	strace_strace_O1:0.925	0	duplicate_build_of:strace_strace_O1		
sysstat_cifsiostat_O0	sysstat	cifsiostat	O0	local_main:_p0_0_6_round3;wulver		data/stripped/_p0_0_6_round3/sysstat_cifsiostat_O0_stripped	0	1	data/bir/_p0_0_6_round3/sysstat_cifsiostat_O0.bir	467034	0											excluded		excluded		1	467034	1	1	39	65	37	1	1					EXEC	1	73		1.0	computed		1		excluded_in_wulver_v1(not in paper_clean)	
sysstat_cifsiostat_O1	sysstat	cifsiostat	O1	local_main:_p0_0_6_round3;wulver		data/stripped/_p0_0_6_round3/sysstat_cifsiostat_O1_stripped	0	1	data/bir/_p0_0_6_round3/sysstat_cifsiostat_O1.bir	467034	0											excluded		excluded		1	467034	1	1	39	65	37	1	1					EXEC	1	73		1.0	computed		1		excluded_in_wulver_v1(not in paper_clean)	
sysstat_cifsiostat_O2	sysstat	cifsiostat	O2	local_main:_p0_0_6_round3;wulver		data/stripped/_p0_0_6_round3/sysstat_cifsiostat_O2_stripped	0	1	data/bir/_p0_0_6_round3/sysstat_cifsiostat_O2.bir	467034	0											excluded		excluded		1	467034	1	1	39	65	37	1	1					EXEC	1	73		1.0	computed		1		excluded_in_wulver_v1(not in paper_clean)	
sysstat_cifsiostat_O3	sysstat	cifsiostat	O3	local_main:_p0_0_6_round3;wulver		data/stripped/_p0_0_6_round3/sysstat_cifsiostat_O3_stripped	0	1	data/bir/_p0_0_6_round3/sysstat_cifsiostat_O3.bir	467034	0											excluded		excluded		1	467034	1	1	39	65	37	1	1					EXEC	1	73		1.0	computed		1		excluded_in_wulver_v1(not in paper_clean)	
sysstat_iostat_O0	sysstat	iostat	O0	local_main:_p0_0_6_round3;wulver		data/stripped/_p0_0_6_round3/sysstat_iostat_O0_stripped	0	1	data/bir/_p0_0_6_round3/sysstat_iostat_O0.bir	1131511	0											excluded		excluded		1	1131511	1	1	73	67	71	1	1					EXEC	1	102		0.9863013698630136	computed		1		excluded_in_wulver_v1(not in paper_clean)	
sysstat_iostat_O1	sysstat	iostat	O1	local_main:_p0_0_6_round3;wulver		data/stripped/_p0_0_6_round3/sysstat_iostat_O1_stripped	0	1	data/bir/_p0_0_6_round3/sysstat_iostat_O1.bir	1131511	0											excluded		excluded		1	1131511	1	1	73	67	71	1	1					EXEC	1	102		0.9863013698630136	computed		1		excluded_in_wulver_v1(not in paper_clean)	
sysstat_iostat_O2	sysstat	iostat	O2	local_main:_p0_0_6_round3;wulver		data/stripped/_p0_0_6_round3/sysstat_iostat_O2_stripped	0	1	data/bir/_p0_0_6_round3/sysstat_iostat_O2.bir	1131511	0											excluded		excluded		1	1131511	1	1	73	67	71	1	1					EXEC	1	102		0.9863013698630136	computed		1		excluded_in_wulver_v1(not in paper_clean)	
sysstat_iostat_O3	sysstat	iostat	O3	local_main:_p0_0_6_round3;wulver		data/stripped/_p0_0_6_round3/sysstat_iostat_O3_stripped	0	1	data/bir/_p0_0_6_round3/sysstat_iostat_O3.bir	1131511	0											excluded		excluded		1	1131511	1	1	73	67	71	1	1					EXEC	1	102		0.9863013698630136	computed		1		excluded_in_wulver_v1(not in paper_clean)	
sysstat_mpstat_O0	sysstat	mpstat	O0	local_main:_p0_0_6_round3;wulver		data/stripped/_p0_0_6_round3/sysstat_mpstat_O0_stripped	0	1	data/bir/_p0_0_6_round3/sysstat_mpstat_O0.bir	995973	0											excluded		excluded		1	995973	1	1	64	69	62	1	1					EXEC	1	93		1.0	computed		1		excluded_in_wulver_v1(not in paper_clean)	
sysstat_mpstat_O1	sysstat	mpstat	O1	local_main:_p0_0_6_round3;wulver		data/stripped/_p0_0_6_round3/sysstat_mpstat_O1_stripped	0	1	data/bir/_p0_0_6_round3/sysstat_mpstat_O1.bir	995973	0											excluded		excluded		1	995973	1	1	64	69	62	1	1					EXEC	1	93		1.0	computed		1		excluded_in_wulver_v1(not in paper_clean)	
sysstat_mpstat_O2	sysstat	mpstat	O2	local_main:_p0_0_6_round3;wulver		data/stripped/_p0_0_6_round3/sysstat_mpstat_O2_stripped	0	1	data/bir/_p0_0_6_round3/sysstat_mpstat_O2.bir	995973	0											excluded		excluded		1	995973	1	1	64	69	62	1	1					EXEC	1	93		1.0	computed		1		excluded_in_wulver_v1(not in paper_clean)	
sysstat_mpstat_O3	sysstat	mpstat	O3	local_main:_p0_0_6_round3;wulver		data/stripped/_p0_0_6_round3/sysstat_mpstat_O3_stripped	0	1	data/bir/_p0_0_6_round3/sysstat_mpstat_O3.bir	995973	0											excluded		excluded		1	995973	1	1	64	69	62	1	1					EXEC	1	93		1.0	computed		1		excluded_in_wulver_v1(not in paper_clean)	
sysstat_pidstat_O0	sysstat	pidstat	O0	local_main:_p0_0_6_round3;wulver		data/stripped/_p0_0_6_round3/sysstat_pidstat_O0_stripped	0	1	data/bir/_p0_0_6_round3/sysstat_pidstat_O0.bir	1148211	0											excluded		excluded		1	1148211	1	1	72	80	70	1	1					EXEC	1	103		1.0	computed		1		excluded_in_wulver_v1(not in paper_clean)	
sysstat_pidstat_O1	sysstat	pidstat	O1	local_main:_p0_0_6_round3;wulver		data/stripped/_p0_0_6_round3/sysstat_pidstat_O1_stripped	0	1	data/bir/_p0_0_6_round3/sysstat_pidstat_O1.bir	1148211	0											excluded		excluded		1	1148211	1	1	72	80	70	1	1					EXEC	1	103		1.0	computed		1		excluded_in_wulver_v1(not in paper_clean)	
sysstat_pidstat_O2	sysstat	pidstat	O2	local_main:_p0_0_6_round3;wulver		data/stripped/_p0_0_6_round3/sysstat_pidstat_O2_stripped	0	1	data/bir/_p0_0_6_round3/sysstat_pidstat_O2.bir	1148211	0											excluded		excluded		1	1148211	1	1	72	80	70	1	1					EXEC	1	103		1.0	computed		1		excluded_in_wulver_v1(not in paper_clean)	
sysstat_pidstat_O3	sysstat	pidstat	O3	local_main:_p0_0_6_round3;wulver		data/stripped/_p0_0_6_round3/sysstat_pidstat_O3_stripped	0	1	data/bir/_p0_0_6_round3/sysstat_pidstat_O3.bir	1148211	0											excluded		excluded		1	1148211	1	1	72	80	70	1	1					EXEC	1	103		1.0	computed		1		excluded_in_wulver_v1(not in paper_clean)	
sysstat_sadf_O0	sysstat	sadf	O0	local_main:_p0_0_6_round3;wulver		data/stripped/_p0_0_6_round3/sysstat_sadf_O0_stripped	0	1	data/bir/_p0_0_6_round3/sysstat_sadf_O0.bir	4018461	0											excluded		excluded		1	4018461	1	1	223	78	221	1	1					EXEC	1	557		1.0	computed		1		excluded_in_wulver_v1(not in paper_clean)	
sysstat_sadf_O1	sysstat	sadf	O1	local_main:_p0_0_6_round3;wulver		data/stripped/_p0_0_6_round3/sysstat_sadf_O1_stripped	0	1	data/bir/_p0_0_6_round3/sysstat_sadf_O1.bir	4018461	0											excluded		excluded		1	4018461	1	1	223	78	221	1	1					EXEC	1	557		1.0	computed		1		excluded_in_wulver_v1(not in paper_clean)	
sysstat_sadf_O2	sysstat	sadf	O2	local_main:_p0_0_6_round3;wulver		data/stripped/_p0_0_6_round3/sysstat_sadf_O2_stripped	0	1	data/bir/_p0_0_6_round3/sysstat_sadf_O2.bir	4018461	0											excluded		excluded		1	4018461	1	1	223	78	221	1	1					EXEC	1	557		1.0	computed		1		excluded_in_wulver_v1(not in paper_clean)	
sysstat_sadf_O3	sysstat	sadf	O3	local_main:_p0_0_6_round3;wulver		data/stripped/_p0_0_6_round3/sysstat_sadf_O3_stripped	0	1	data/bir/_p0_0_6_round3/sysstat_sadf_O3.bir	4018461	0											excluded		excluded		1	4018461	1	1	223	78	221	1	1					EXEC	1	557		1.0	computed		1		excluded_in_wulver_v1(not in paper_clean)	
sysstat_sar_O0	sysstat	sar	O0	local_main:_p0_0_6_round3;wulver		data/stripped/_p0_0_6_round3/sysstat_sar_O0_stripped	0	1	data/bir/_p0_0_6_round3/sysstat_sar_O0.bir	2063502	0											excluded		excluded		1	2063502	1	1	150	81	148	1	1					EXEC	1	255		1.0	computed		1		excluded_in_wulver_v1(not in paper_clean)	
sysstat_sar_O1	sysstat	sar	O1	local_main:_p0_0_6_round3;wulver		data/stripped/_p0_0_6_round3/sysstat_sar_O1_stripped	0	1	data/bir/_p0_0_6_round3/sysstat_sar_O1.bir	2063502	0											excluded		excluded		1	2063502	1	1	150	81	148	1	1					EXEC	1	255		1.0	computed		1		excluded_in_wulver_v1(not in paper_clean)	
sysstat_sar_O2	sysstat	sar	O2	local_main:_p0_0_6_round3;wulver		data/stripped/_p0_0_6_round3/sysstat_sar_O2_stripped	0	1	data/bir/_p0_0_6_round3/sysstat_sar_O2.bir	2063502	0											excluded		excluded		1	2063502	1	1	150	81	148	1	1					EXEC	1	255		1.0	computed		1		excluded_in_wulver_v1(not in paper_clean)	
sysstat_sar_O3	sysstat	sar	O3	local_main:_p0_0_6_round3;wulver		data/stripped/_p0_0_6_round3/sysstat_sar_O3_stripped	0	1	data/bir/_p0_0_6_round3/sysstat_sar_O3.bir	2063502	0											excluded		excluded		1	2063502	1	1	150	81	148	1	1					EXEC	1	255		1.0	computed		1		excluded_in_wulver_v1(not in paper_clean)	
sysstat_tapestat_O0	sysstat	tapestat	O0	local_main:_p0_0_6_round3;wulver		data/stripped/_p0_0_6_round3/sysstat_tapestat_O0_stripped	0	1	data/bir/_p0_0_6_round3/sysstat_tapestat_O0.bir	671789	0											excluded		excluded		1	671789	1	1	42	72	40	1	1					EXEC	1	71		1.0	computed		1		excluded_in_wulver_v1(not in paper_clean)	
sysstat_tapestat_O1	sysstat	tapestat	O1	local_main:_p0_0_6_round3;wulver		data/stripped/_p0_0_6_round3/sysstat_tapestat_O1_stripped	0	1	data/bir/_p0_0_6_round3/sysstat_tapestat_O1.bir	671789	0											excluded		excluded		1	671789	1	1	42	72	40	1	1					EXEC	1	71		1.0	computed		1		excluded_in_wulver_v1(not in paper_clean)	
sysstat_tapestat_O2	sysstat	tapestat	O2	local_main:_p0_0_6_round3;wulver		data/stripped/_p0_0_6_round3/sysstat_tapestat_O2_stripped	0	1	data/bir/_p0_0_6_round3/sysstat_tapestat_O2.bir	671789	0											excluded		excluded		1	671789	1	1	42	72	40	1	1					EXEC	1	71		1.0	computed		1		excluded_in_wulver_v1(not in paper_clean)	
sysstat_tapestat_O3	sysstat	tapestat	O3	local_main:_p0_0_6_round3;wulver		data/stripped/_p0_0_6_round3/sysstat_tapestat_O3_stripped	0	1	data/bir/_p0_0_6_round3/sysstat_tapestat_O3.bir	671789	0											excluded		excluded		1	671789	1	1	42	72	40	1	1					EXEC	1	71		1.0	computed		1		excluded_in_wulver_v1(not in paper_clean)	
tar2_tar_O0	tar2	tar	O0	wulver			0	0			0															0		1	0	1363			1	1												0	no_bir;no_matched_functions		
tar2_tar_O1	tar2	tar	O1	wulver			0	0			0															0		1	0	1006			1	1												0	no_bir;no_matched_functions		
tar2_tar_O2	tar2	tar	O2	wulver			0	0			0															0		1	0	953			1	1												0	no_bir;no_matched_functions		
tar2_tar_O3	tar2	tar	O3	wulver			0	0			0															0		1	0	888			1	1												0	no_bir;no_matched_functions		
tar_tar	tar	tar	default	local_main;wulver	data/raw/tar_tar_sym	data/stripped/tar_tar_stripped	1	1	data/bir/tar_tar.bir	7513709	1	888	schemaA:functions=name->addr		1169	752	218	746	0		val	val	val	val	val	0		1	1	752	218	746	0	1	ea8ded1379e102e00fd381bb12da350841675b05	ea8ded1379e102e00fd381bb12da350841675b05	1	1	DYN	1	893	893	1.0	archive		1			
tar_tar_O0	tar	tar	O0	local_main;wulver	data/raw/tar_tar_O0_sym	data/stripped/tar_tar_O0_stripped	1	1	data/bir/tar_tar_O0.bir	9950966	1	1229	schemaA:functions=name->addr		2874	2452	221	2444	0		train	train	train	train	train	0		1	1	2452	221	2444	0	1	31a7202d948e3280e551af20e69735565cf91727	31a7202d948e3280e551af20e69735565cf91727	1	1	DYN	1	1237	1237	1.0	archive		1			
tar_tar_O1	tar	tar	O1	local_main;wulver	data/raw/tar_tar_O1_sym	data/stripped/tar_tar_O1_stripped	1	1	data/bir/tar_tar_O1.bir	7072879	1	921	schemaA:functions=name->addr		1212	793	231	789	0		train	train	train	train	train	0		1	1	793	231	789	0	1	acbb362bb55faa59decaf55265d5736b67fd6169	acbb362bb55faa59decaf55265d5736b67fd6169	1	1	DYN	1	928	928	1.0	archive		1			
tar_tar_O2	tar	tar	O2	local_main;wulver	data/raw/tar_tar_O2_sym	data/stripped/tar_tar_O2_stripped	1	1	data/bir/tar_tar_O2.bir	7513709	1	888	schemaA:functions=name->addr		1169	752	218	746	0		train	train	train	train	train	0		1	1	752	218	746	0	1	ea8ded1379e102e00fd381bb12da350841675b05	ea8ded1379e102e00fd381bb12da350841675b05	1	1	DYN	1	893	893	1.0	archive		1			
tar_tar_O3	tar	tar	O3	local_main;wulver	data/raw/tar_tar_O3_sym	data/stripped/tar_tar_O3_stripped	1	1	data/bir/tar_tar_O3.bir	9065728	1	834	schemaA:functions=name->addr		1144	727	230	720	0		train	train	train	train	train	0		1	1	727	230	720	0	1	bc97dfa45286b798c2c5662c9fa7400a661736aa	bc97dfa45286b798c2c5662c9fa7400a661736aa	1	1	DYN	1	839	839	1.0	archive		1			
tar_tar_clang_O0	tar	tar_clang	O0	clang_train	clang_train/bins/tar_tar_clang_O0.debug	clang_train/bins/tar_tar_clang_O0	1	1	clang_train/bir/tar_tar_clang_O0.bir	10285864	1	1229	schemaA:functions=name->addr		1638	1221	219			1229															4354ad2aa1c8a9ba6a34e6cd796f45ca4e793977	4354ad2aa1c8a9ba6a34e6cd796f45ca4e793977	1	1	DYN	1	1236	1236	1.0	computed		1			
tar_tar_clang_O1	tar	tar_clang	O1	clang_train	clang_train/bins/tar_tar_clang_O1.debug	clang_train/bins/tar_tar_clang_O1	1	1	clang_train/bir/tar_tar_clang_O1.bir	6464080	1	783	schemaA:functions=name->addr		965	561	211			570															df31d8005c244641af42f943a36e14fed53d4a72	df31d8005c244641af42f943a36e14fed53d4a72	1	1	DYN	1	787	787	0.9966666666666667	computed		1			
tar_tar_clang_O2	tar	tar_clang	O2	clang_train	clang_train/bins/tar_tar_clang_O2.debug	clang_train/bins/tar_tar_clang_O2	1	1	clang_train/bir/tar_tar_clang_O2.bir	6454668	1	781	schemaA:functions=name->addr		949	545	211			554															7a58370065c28d454e5f3ca1beab11354a04b03b	7a58370065c28d454e5f3ca1beab11354a04b03b	1	1	DYN	1	785	785	0.9933333333333333	computed		1			
tar_tar_clang_O3	tar	tar_clang	O3	clang_train	clang_train/bins/tar_tar_clang_O3.debug	clang_train/bins/tar_tar_clang_O3	1	1	clang_train/bir/tar_tar_clang_O3.bir	6849868	1	777	schemaA:functions=name->addr		945	541	211			550															1af487fc2f44c74851aa343a29e8d07511a12654	1af487fc2f44c74851aa343a29e8d07511a12654	1	1	DYN	1	781	781	0.9933333333333333	computed		1			
tcsh_tcsh_O0	tcsh	tcsh	O0	local_main:_p0_0_6_round2;wulver		data/stripped/_p0_0_6_round2/tcsh_tcsh_O0_stripped	0	1	data/bir/_p0_0_6_round2/tcsh_tcsh_O0.bir	9396077	0											excluded		excluded		1	9396077	1	1	963	184	949	1	1					EXEC	1	967		1.0	computed		1		excluded_in_wulver_v1(not in paper_clean)	
tcsh_tcsh_O1	tcsh	tcsh	O1	local_main:_p0_0_6_round2;wulver		data/stripped/_p0_0_6_round2/tcsh_tcsh_O1_stripped	0	1	data/bir/_p0_0_6_round2/tcsh_tcsh_O1.bir	6537664	0											excluded		excluded		1	6537664	1	1	596	183	597	1	1					EXEC	1	836		0.99	computed		1		excluded_in_wulver_v1(not in paper_clean)	
tcsh_tcsh_O2	tcsh	tcsh	O2	local_main:_p0_0_6_round2;local_main:cross_project;wulver	data/cross_project/candidates/tcsh_tcsh_O2	data/stripped/_p0_0_6_round2/tcsh_tcsh_O2_stripped	1	1	data/bir/_p0_0_6_round2/tcsh_tcsh_O2.bir	6959247	0											excluded		excluded		1	6959247	1	1	553	183	552	1	1		78051804e6d9ce558065911f6770581067ca5032			EXEC	1	818	832	0.9966666666666667	computed		1		local_cross_project_dir;excluded_in_wulver_v1(not in paper_clean)	
tcsh_tcsh_O3	tcsh	tcsh	O3	local_main:_p0_0_6_round2;wulver		data/stripped/_p0_0_6_round2/tcsh_tcsh_O3_stripped	0	1	data/bir/_p0_0_6_round2/tcsh_tcsh_O3.bir	8805697	0											excluded		excluded		1	8805697	1	1	551	183	546	1	1					EXEC	1	809		0.9966666666666667	computed		1		excluded_in_wulver_v1(not in paper_clean)	
tdb_tdbbackup_O0	tdb	tdbbackup	O0	local_main:_p0_0_6_round2;wulver		data/stripped/_p0_0_6_round2/tdb_tdbbackup_O0_stripped	0	1	data/bir/_p0_0_6_round2/tdb_tdbbackup_O0.bir	80186	0											excluded		excluded		1	80186	1	1	10	32	9	1	1					EXEC	1	12		1.0	computed		1		excluded_in_wulver_v1(not in paper_clean)	
tdb_tdbbackup_O1	tdb	tdbbackup	O1	local_main:_p0_0_6_round2;wulver		data/stripped/_p0_0_6_round2/tdb_tdbbackup_O1_stripped	0	1	data/bir/_p0_0_6_round2/tdb_tdbbackup_O1.bir	69648	0											excluded		excluded		1	69648	1	1	6	33	5	1	1					EXEC	1	11		1.0	computed		1		excluded_in_wulver_v1(not in paper_clean)	
tdb_tdbbackup_O2	tdb	tdbbackup	O2	local_main:_p0_0_6_round2;wulver		data/stripped/_p0_0_6_round2/tdb_tdbbackup_O2_stripped	0	1	data/bir/_p0_0_6_round2/tdb_tdbbackup_O2.bir	67442	0											excluded		excluded		1	67442	1	1	7	33	5	1	1					EXEC	1	11		1.0	computed		1		excluded_in_wulver_v1(not in paper_clean)	
tdb_tdbbackup_O3	tdb	tdbbackup	O3	local_main:_p0_0_6_round2;wulver		data/stripped/_p0_0_6_round2/tdb_tdbbackup_O3_stripped	0	1	data/bir/_p0_0_6_round2/tdb_tdbbackup_O3.bir	69985	0											excluded		excluded		1	69985	1	1	7	33	5	1	1					EXEC	1	11		1.0	computed		1		excluded_in_wulver_v1(not in paper_clean)	
tdb_tdbdump_O0	tdb	tdbdump	O0	local_main:_p0_0_6_round2;wulver		data/stripped/_p0_0_6_round2/tdb_tdbdump_O0_stripped	0	1	data/bir/_p0_0_6_round2/tdb_tdbdump_O0.bir	51434	0											excluded		excluded		1	51434	1	1	8	19	7	1	1					EXEC	1	10		1.0	computed		1		excluded_in_wulver_v1(not in paper_clean)	
tdb_tdbdump_O1	tdb	tdbdump	O1	local_main:_p0_0_6_round2;wulver		data/stripped/_p0_0_6_round2/tdb_tdbdump_O1_stripped	0	1	data/bir/_p0_0_6_round2/tdb_tdbdump_O1.bir	36703	0											excluded		excluded		1	36703	1	1	5	20	4	1	1					EXEC	1	9		1.0	computed		1		excluded_in_wulver_v1(not in paper_clean)	
tdb_tdbdump_O2	tdb	tdbdump	O2	local_main:_p0_0_6_round2;wulver		data/stripped/_p0_0_6_round2/tdb_tdbdump_O2_stripped	0	1	data/bir/_p0_0_6_round2/tdb_tdbdump_O2.bir	35032	0											excluded		excluded		1	35032	1	1	5	20	3	1	1					EXEC	1	9		1.0	computed		1		excluded_in_wulver_v1(not in paper_clean)	
tdb_tdbdump_O3	tdb	tdbdump	O3	local_main:_p0_0_6_round2;wulver		data/stripped/_p0_0_6_round2/tdb_tdbdump_O3_stripped	0	1	data/bir/_p0_0_6_round2/tdb_tdbdump_O3.bir	31553	0											excluded		excluded		1	31553	1	1	4	20	2	1	1					EXEC	1	8		1.0	computed		1		excluded_in_wulver_v1(not in paper_clean)	
tdb_tdbrestore_O0	tdb	tdbrestore	O0	local_main:_p0_0_6_round2;wulver		data/stripped/_p0_0_6_round2/tdb_tdbrestore_O0_stripped	0	1	data/bir/_p0_0_6_round2/tdb_tdbrestore_O0.bir	60079	0											excluded		excluded		1	60079	1	1	9	18	8	1	1					EXEC	1	11		1.0	computed		1		excluded_in_wulver_v1(not in paper_clean)	
tdb_tdbrestore_O1	tdb	tdbrestore	O1	local_main:_p0_0_6_round2;wulver		data/stripped/_p0_0_6_round2/tdb_tdbrestore_O1_stripped	0	1	data/bir/_p0_0_6_round2/tdb_tdbrestore_O1.bir	53769	0											excluded		excluded		1	53769	1	1	5	18	3	1	1					EXEC	1	7		1.0	computed		1		excluded_in_wulver_v1(not in paper_clean)	
tdb_tdbrestore_O2	tdb	tdbrestore	O2	local_main:_p0_0_6_round2;wulver		data/stripped/_p0_0_6_round2/tdb_tdbrestore_O2_stripped	0	1	data/bir/_p0_0_6_round2/tdb_tdbrestore_O2.bir	54462	0											excluded		excluded		1	54462	1	1	5	18	3	1	1					EXEC	1	6		1.0	computed		1		excluded_in_wulver_v1(not in paper_clean)	
tdb_tdbrestore_O3	tdb	tdbrestore	O3	local_main:_p0_0_6_round2;wulver		data/stripped/_p0_0_6_round2/tdb_tdbrestore_O3_stripped	0	1	data/bir/_p0_0_6_round2/tdb_tdbrestore_O3.bir	54664	0											excluded		excluded		1	54664	1	1	4	18	2	1	1					EXEC	1	5		1.0	computed		1		excluded_in_wulver_v1(not in paper_clean)	
tdb_tdbtool_O0	tdb	tdbtool	O0	local_main:_p0_0_6_round2;wulver		data/stripped/_p0_0_6_round2/tdb_tdbtool_O0_stripped	0	1	data/bir/_p0_0_6_round2/tdb_tdbtool_O0.bir	333354	0											excluded		excluded		1	333354	1	1	35	47	34	1	1					EXEC	1	37		1.0	computed		1		excluded_in_wulver_v1(not in paper_clean)	
tdb_tdbtool_O1	tdb	tdbtool	O1	local_main:_p0_0_6_round2;wulver		data/stripped/_p0_0_6_round2/tdb_tdbtool_O1_stripped	0	1	data/bir/_p0_0_6_round2/tdb_tdbtool_O1.bir	203433	0											excluded		excluded		1	203433	1	1	10	46	8	1	1					EXEC	1	18		1.0	computed		1		excluded_in_wulver_v1(not in paper_clean)	
tdb_tdbtool_O2	tdb	tdbtool	O2	local_main:_p0_0_6_round2;wulver		data/stripped/_p0_0_6_round2/tdb_tdbtool_O2_stripped	0	1	data/bir/_p0_0_6_round2/tdb_tdbtool_O2.bir	202494	0											excluded		excluded		1	202494	1	1	8	46	6	1	1					EXEC	1	16		1.0	computed		1		excluded_in_wulver_v1(not in paper_clean)	
tdb_tdbtool_O3	tdb	tdbtool	O3	local_main:_p0_0_6_round2;wulver		data/stripped/_p0_0_6_round2/tdb_tdbtool_O3_stripped	0	1	data/bir/_p0_0_6_round2/tdb_tdbtool_O3.bir	233415	0											excluded		excluded		1	233415	1	1	7	46	5	1	1					EXEC	1	15		1.0	computed		1		excluded_in_wulver_v1(not in paper_clean)	
tengine_nginx_O0	tengine	nginx	O0	local_main;local_main:cross_project;wulver		data/stripped/tengine_nginx_O0	0	2	data/bir/tengine_nginx_O0.bir	26085159	1	569	schemaA:functions=name->addr	1757	4135	2813	945	0				excluded	xproject	excluded		1	26085159	1	1	2813	945		0	1	5cc9387de097f71c989b52c3957264f9fceae482				DYN	1	1754		1.0	archive		0	no_debug_elf;no_matched_functions	xproject_holdout(wulver_paper_clean);local_cross_project_dir	
tengine_nginx_O2	tengine	nginx	O2	local_main;local_main:cross_project;wulver		data/stripped/tengine_nginx_O2	0	2	data/bir/tengine_nginx_O2.bir	17097617	1	569	schemaA:functions=name->addr	1427	1909	590	943	0								1	17097617	1	1	590	943		0	1	732474ce4fc54fcf511796e3a43382d8af6f292b				DYN	1	1424		0.9966666666666667	archive		0	no_debug_elf;no_matched_functions	local_cross_project_dir	
tengine_nginx_clang_O1	tengine	nginx_clang	O1	clang_o1o3	clang_o1o3/bins/tengine_nginx_clang_O1.debug	clang_o1o3/bins/tengine_nginx_clang_O1	1	1	clang_o1o3/bir/tengine_nginx_clang_O1.bir	11346907	1	1431	schemaA:functions=name->addr		1548	226	946																						DYN	1	1435	1435	1.0	computed		0	no_matched_functions		
tengine_nginx_clang_O3	tengine	nginx_clang	O3	clang_o1o3	clang_o1o3/bins/tengine_nginx_clang_O3.debug	clang_o1o3/bins/tengine_nginx_clang_O3	1	1	clang_o1o3/bir/tengine_nginx_clang_O3.bir	12278942	1	1424	schemaA:functions=name->addr		1543	219	947																						DYN	1	1428	1428	1.0	computed		0	no_matched_functions		
texinfo_ginfo_O0	texinfo	ginfo	O0	local_main;wulver	data/raw/texinfo_ginfo_O0_sym	data/stripped/texinfo_ginfo_O0_stripped	1	1	data/bir/texinfo_ginfo_O0.bir	4841072	1	449	schemaA:functions=name->addr		626	358	131	352	0		train	train	train	train	train	0		1	1	358	131	352	0	1	ae89e561fae723692b28083299aeee9e580064f1	ae89e561fae723692b28083299aeee9e580064f1	1	1	DYN	1	453	453	1.0	archive		1			
texinfo_ginfo_O1	texinfo	ginfo	O1	local_main;wulver	data/raw/texinfo_ginfo_O1_sym	data/stripped/texinfo_ginfo_O1_stripped	1	1	data/bir/texinfo_ginfo_O1.bir	4841072	1	449	schemaA:functions=name->addr		626	358	131	352	0		train	train	train	train	train	0		1	1	358	131	352	0	1	ae89e561fae723692b28083299aeee9e580064f1	ae89e561fae723692b28083299aeee9e580064f1	1	1	DYN	1	453	453	1.0	archive		1			
texinfo_ginfo_O2	texinfo	ginfo	O2	local_main;wulver	data/raw/texinfo_ginfo_O2_sym	data/stripped/texinfo_ginfo_O2_stripped	1	1	data/bir/texinfo_ginfo_O2.bir	4841072	1	449	schemaA:functions=name->addr		626	358	131	352	0		train	train	train	train	train	0		1	1	358	131	352	0	1	ae89e561fae723692b28083299aeee9e580064f1	ae89e561fae723692b28083299aeee9e580064f1	1	1	DYN	1	453	453	1.0	archive		1			
texinfo_ginfo_O3	texinfo	ginfo	O3	local_main;wulver	data/raw/texinfo_ginfo_O3_sym	data/stripped/texinfo_ginfo_O3_stripped	1	1	data/bir/texinfo_ginfo_O3.bir	4841072	1	449	schemaA:functions=name->addr		626	358	131	352	0		train	train	train	train	train	0		1	1	358	131	352	0	1	ae89e561fae723692b28083299aeee9e580064f1	ae89e561fae723692b28083299aeee9e580064f1	1	1	DYN	1	453	453	1.0	archive		1			
texinfo_ginstall-info_O0	texinfo	ginstall-info	O0	local_main;wulver	data/raw/texinfo_ginstall-info_O0_sym	data/stripped/texinfo_ginstall-info_O0_stripped	1	1	data/bir/texinfo_ginstall-info_O0.bir	660571	1	56	schemaA:functions=name->addr		194	42	73	40	0		train	train	train	train	train	0		1	1	42	73	40	0	1	40aa1d3df446d185a76ed91d984ebcc5af91522e	40aa1d3df446d185a76ed91d984ebcc5af91522e	1	1	DYN	1	60	60	1.0	archive		1			
texinfo_ginstall-info_O1	texinfo	ginstall-info	O1	local_main;wulver	data/raw/texinfo_ginstall-info_O1_sym	data/stripped/texinfo_ginstall-info_O1_stripped	1	1	data/bir/texinfo_ginstall-info_O1.bir	660571	1	56	schemaA:functions=name->addr		194	42	73	40	0		train	train	train	train	train	0		1	1	42	73	40	0	1	40aa1d3df446d185a76ed91d984ebcc5af91522e	40aa1d3df446d185a76ed91d984ebcc5af91522e	1	1	DYN	1	60	60	1.0	archive	texinfo_ginstall-info_O3:1.0	1			dup_group_keeper:texinfo_ginstall-info_O3
texinfo_ginstall-info_O2	texinfo	ginstall-info	O2	local_main;wulver	data/raw/texinfo_ginstall-info_O2_sym	data/stripped/texinfo_ginstall-info_O2_stripped	1	1	data/bir/texinfo_ginstall-info_O2.bir	660571	1	56	schemaA:functions=name->addr		194	42	73	40	0		train	train	train	train	train	0		1	1	42	73	40	0	1	40aa1d3df446d185a76ed91d984ebcc5af91522e	40aa1d3df446d185a76ed91d984ebcc5af91522e	1	1	DYN	1	60	60	1.0	archive		1			
texinfo_ginstall-info_O3	texinfo	ginstall-info	O3	local_main;wulver	data/raw/texinfo_ginstall-info_O3_sym	data/stripped/texinfo_ginstall-info_O3_stripped	1	1	data/bir/texinfo_ginstall-info_O3.bir	660571	1	56	schemaA:functions=name->addr		194	42	73	40	0		train	train	train	train	train	0		1	1	42	73	40	0	1	40aa1d3df446d185a76ed91d984ebcc5af91522e	40aa1d3df446d185a76ed91d984ebcc5af91522e	1	1	DYN	1	60	60	1.0	archive	texinfo_ginstall-info_O1:1.0	0	duplicate_build_of:texinfo_ginstall-info_O1		
tig_tig_O0	tig	tig	O0	local_main:_p0_0_6_xrep;wulver		data/stripped/_p0_0_6_xrep/tig_tig_O0_stripped	0	1	data/bir/_p0_0_6_xrep/tig_tig_O0.bir	6441639	0															0		1	0				1	1					EXEC	1	825		1.0	computed		0	no_sub_graphs;no_matched_functions		
tig_tig_O1	tig	tig	O1	local_main:_p0_0_6_xrep;wulver		data/stripped/_p0_0_6_xrep/tig_tig_O1_stripped	0	1	data/bir/_p0_0_6_xrep/tig_tig_O1.bir	4069717	0															0		1	0				1	1					EXEC	1	613		0.9933333333333333	computed		0	no_sub_graphs;no_matched_functions		
tig_tig_O2	tig	tig	O2	local_main:_p0_0_6_xrep;wulver		data/stripped/_p0_0_6_xrep/tig_tig_O2_stripped	0	1	data/bir/_p0_0_6_xrep/tig_tig_O2.bir	4192917	0															0		1	0				1	1					EXEC	1	588		0.9933333333333333	computed		0	no_sub_graphs;no_matched_functions		
tig_tig_O3	tig	tig	O3	local_main:_p0_0_6_xrep;wulver		data/stripped/_p0_0_6_xrep/tig_tig_O3_stripped	0	1	data/bir/_p0_0_6_xrep/tig_tig_O3.bir	5147291	0															0		1	0				1	1					EXEC	1	558		0.9866666666666667	computed		0	no_sub_graphs;no_matched_functions		
time_time	time	time	default	local_main;wulver	data/raw/time_time_sym	data/stripped/time_time_stripped	1	1	data/bir/time_time.bir	90784	1	10	schemaA:functions=name->addr		70	7	29	5	0		test	test	test	test	test	0		1	1	7	29	5	0	1	63977445ed0fa7ffab65c49295741f7b18eb6d20	63977445ed0fa7ffab65c49295741f7b18eb6d20	1	1	DYN	1	14	14	1.0	archive		1			
time_time_O0	time	time	O0	local_main;wulver	data/raw/time_time_O0_sym	data/stripped/time_time_O0_stripped	1	1	data/bir/time_time_O0.bir	139446	1	19	schemaA:functions=name->addr		97	34	29	33	0		val	val	val	val	val	0		1	1	34	29	33	0	1	57fb9423cdd984c40db194ffe35c6dd6214ee67c	57fb9423cdd984c40db194ffe35c6dd6214ee67c	1	1	DYN	1	23	23	1.0	archive		1			
time_time_O1	time	time	O1	local_main;wulver	data/raw/time_time_O1_sym	data/stripped/time_time_O1_stripped	1	1	data/bir/time_time_O1.bir	91796	1	9	schemaA:functions=name->addr		71	7	33	6	0		train	train	train	train	train	0		1	1	7	33	6	0	1	bf3f0c9fcf7eaf06d31eb0ba55a3c9bbb89af743	bf3f0c9fcf7eaf06d31eb0ba55a3c9bbb89af743	1	1	DYN	1	13	13	1.0	archive		1			
time_time_O2	time	time	O2	local_main;wulver	data/raw/time_time_O2_sym	data/stripped/time_time_O2_stripped	1	1	data/bir/time_time_O2.bir	90784	1	10	schemaA:functions=name->addr		70	7	29	5	0		train	train	train	train	train	0		1	1	7	29	5	0	1	63977445ed0fa7ffab65c49295741f7b18eb6d20	63977445ed0fa7ffab65c49295741f7b18eb6d20	1	1	DYN	1	14	14	1.0	archive		1			
time_time_O3	time	time	O3	local_main;wulver	data/raw/time_time_O3_sym	data/stripped/time_time_O3_stripped	1	1	data/bir/time_time_O3.bir	100022	1	12	schemaA:functions=name->addr		70	7	33	5	0		train	train	train	train	train	0		1	1	7	33	5	0	1	50234c8893190495904dd72c0ebaf80a90e61db0	50234c8893190495904dd72c0ebaf80a90e61db0	1	1	DYN	1	16	16	1.0	archive		1			
tinycc_tcc_O0	tinycc	tcc	O0	local_main;wulver			0	0	data/bir/tinycc_tcc_O0.bir	5487784	1	514	schemaA:functions=name->addr		671	526	72	0								1	5487784	1	1	526	72		1	1												0	no_matched_functions		
tinycc_tcc_O1	tinycc	tcc	O1	local_main;wulver			0	0	data/bir/tinycc_tcc_O1.bir	4115032	1	392	schemaA:functions=name->addr		521	378	70	0								1	4115032	1	1	378	70		1	1												0	no_matched_functions		
tinycc_tcc_O2	tinycc	tcc	O2	local_main;wulver			0	0	data/bir/tinycc_tcc_O2.bir	4807844	1	369	schemaA:functions=name->addr		474	329	70	0								1	4807844	1	1	329	70		1	1												0	no_matched_functions		
tinycc_tcc_O3	tinycc	tcc	O3	local_main;wulver			0	0	data/bir/tinycc_tcc_O3.bir	6938785	1	371	schemaA:functions=name->addr		479	334	70	0								1	6938785	1	1	334	70		1	1												0	no_matched_functions		
tmux_tmux_O0	tmux	tmux	O0	local_main;wulver		data/stripped/tmux_tmux_O0	0	1	data/bir/tmux_tmux_O0.bir	19934552	1	996	schemaA:functions=name->addr		5044	4617	213	995	0			train	train	train		0		1	1	4617	213	995	0	1	7d749e05f431148e2831d6972ea7c731d7525111				DYN	1	2313		1.0	archive		0	no_debug_elf		
tmux_tmux_O2	tmux	tmux	O2	local_main;wulver		data/stripped/tmux_tmux_O2	0	1	data/bir/tmux_tmux_O2.bir	15408121	1	996	schemaA:functions=name->addr		1930	1504	212	955	0			train	train	train		0		1	1	1504	212	955	0	1	6d116c504b606a671a4fd4fe1f345099598709be				DYN	1	1794		0.9933333333333333	archive		0	no_debug_elf		
toybox_toybox_O2	toybox	toybox	O2	local_main:cross_project		data/cross_project/candidates/toybox_toybox_O2	0	1			0																												DYN	1	4					0	no_debug_elf;no_bir;no_labels;no_sub_graphs;no_matched_functions	local_cross_project_dir	
tree_tree_O0	tree	tree	O0	local_main;wulver	data/raw/tree_tree_O0_sym	data/stripped/tree_tree_O0	1	1	data/bir/tree_tree_O0.bir	1167130	1	108	schemaA:functions=name->addr		343	216	61	215	0		excluded	train	train	train	excluded	0		1	1	216	61	215	0	1	cfe345e01be9cff52e0f67ee35b01cea5e065d87	cfe345e01be9cff52e0f67ee35b01cea5e065d87	1	1	DYN	1	112	112	1.0	archive		1		excluded_in_local_split	
tree_tree_O1	tree	tree	O1	local_main;wulver	data/raw/tree_tree_O1_sym	data/stripped/tree_tree_O1_stripped	1	1	data/bir/tree_tree_O1.bir	882612	1	115	schemaA:functions=addr->name		210	81	62	81	0			train	train	train		0		1	0			81	0	1	0dc902e930746209959b8dfd1e0a2045c1215adf	0dc902e930746209959b8dfd1e0a2045c1215adf	1	1	DYN	1	112	112	1.0	archive		1			
tree_tree_O2	tree	tree	O2	local_main;wulver	data/raw/tree_tree_O2_sym	data/stripped/tree_tree_O2	1	1	data/bir/tree_tree_O2.bir	1039549	1	108	schemaA:functions=name->addr		216	84	64	82	0		excluded	train	train	train	excluded	0		1	1	84	64	82	0	1	1217421ba36b78165f9176e60087bc6d044d6ff3	1217421ba36b78165f9176e60087bc6d044d6ff3	1	1	DYN	1	112	112	1.0	archive		1		excluded_in_local_split	
tree_tree_O3	tree	tree	O3	local_main;wulver	data/raw/tree_tree_O3_sym	data/stripped/tree_tree_O3_stripped	1	1	data/bir/tree_tree_O3.bir	1129139	1	116	schemaA:functions=addr->name		233	100	64	82	0			train	train	train		0		1	0			82	0	1	f60f334377d4ce1e4f3105394d4099a703e1decc	f60f334377d4ce1e4f3105394d4099a703e1decc	1	1	DYN	1	113	113	0.99	archive		1			
units2_units_O0	units2	units	O0	wulver			0	0			0															0		1	0	149			1	1												0	no_bir;no_matched_functions		
units2_units_O1	units2	units	O1	wulver			0	0			0															0		1	0	148			1	1												0	no_bir;no_matched_functions		
units2_units_O2	units2	units	O2	wulver			0	0			0															0		1	0	149			1	1												0	no_bir;no_matched_functions		
units2_units_O3	units2	units	O3	wulver			0	0			0															0		1	0	149			1	1												0	no_bir;no_matched_functions		
units_units	units	units	default	local_main;wulver	data/raw/units_units_sym	data/stripped/units_units_stripped	1	1	data/bir/units_units.bir	1530329	1	139	schemaA:functions=name->addr		293	132	81	130	0		train	train	train	train	train	0		1	1	132	81	130	0	1	af3e9399bbe9b554efe8528108bd1c3a3277742f	af3e9399bbe9b554efe8528108bd1c3a3277742f	1	1	DYN	1	142	142	1.0	archive		1			
units_units_O0	units	units	O0	local_main;wulver	data/raw/units_units_O0_sym	data/stripped/units_units_O0_stripped	1	1	data/bir/units_units_O0.bir	1797719	1	139	schemaA:functions=name->addr		444	273	87	272	0		train	train	train	train	train	0		1	1	273	87	272	0	1	57764d1f4fa23bba20cc99623f9bd38861dcd323	57764d1f4fa23bba20cc99623f9bd38861dcd323	1	1	DYN	1	141	141	1.0	archive		1			
units_units_O1	units	units	O1	local_main;wulver	data/raw/units_units_O1_sym	data/stripped/units_units_O1_stripped	1	1	data/bir/units_units_O1.bir	1498103	1	139	schemaA:functions=name->addr		292	131	94	130	0		train	train	train	train	train	0		1	1	131	94	130	0	1	c861cefeebfbf09b39d4e56fed94360aadbe08fe	c861cefeebfbf09b39d4e56fed94360aadbe08fe	1	1	DYN	1	141	141	1.0	archive		1			
units_units_O2	units	units	O2	local_main;wulver	data/raw/units_units_O2_sym	data/stripped/units_units_O2_stripped	1	1	data/bir/units_units_O2.bir	1530329	1	139	schemaA:functions=name->addr		293	132	81	130	0		train	train	train	train	train	0		1	1	132	81	130	0	1	af3e9399bbe9b554efe8528108bd1c3a3277742f	af3e9399bbe9b554efe8528108bd1c3a3277742f	1	1	DYN	1	142	142	1.0	archive		1			
units_units_O3	units	units	O3	local_main;wulver	data/raw/units_units_O3_sym	data/stripped/units_units_O3_stripped	1	1	data/bir/units_units_O3.bir	1579952	1	139	schemaA:functions=name->addr		293	131	94	129	0		train	train	train	train	train	0		1	1	131	94	129	0	1	474dad3c5a13e6c33cd4cb428169a8a09aa53357	474dad3c5a13e6c33cd4cb428169a8a09aa53357	1	1	DYN	1	142	142	1.0	archive		1			
wdiff_wdiff_O0	wdiff	wdiff	O0	local_main;wulver	data/raw/wdiff_wdiff_O0	data/stripped/wdiff_wdiff_O0_stripped	1	1	data/bir/wdiff_wdiff_O0.bir	416512	1	51	flat:addr->name		209	87	59	43	0			train	train	train		0		1	1	87	59	43	0	1	fa9cc247221277b869a31b40523317f30e5d14a7	fa9cc247221277b869a31b40523317f30e5d14a7	1	1	EXEC	1	47	47	1.0	archive		1			
wdiff_wdiff_O1	wdiff	wdiff	O1	local_main;wulver	data/raw/wdiff_wdiff_O1	data/stripped/wdiff_wdiff_O1_stripped	1	1	data/bir/wdiff_wdiff_O1.bir	363408	1	40	flat:addr->name		145	25	58	24	0			train	train	train		0		1	1	25	58	24	0	1	6aec529d5423c2e2c77058369cc61cb23b7d2594	6aec529d5423c2e2c77058369cc61cb23b7d2594	1	1	EXEC	1	36	36	1.0	archive		1			
wdiff_wdiff_O2	wdiff	wdiff	O2	local_main;wulver	data/raw/wdiff_wdiff_O2	data/stripped/wdiff_wdiff_O2_stripped	1	1	data/bir/wdiff_wdiff_O2.bir	374410	1	42	flat:addr->name		146	28	57	27	0			train	train	train		0		1	1	28	57	27	0	1	dfb41fb8e6d89347e56834c170d94a3116b303f5	dfb41fb8e6d89347e56834c170d94a3116b303f5	1	1	EXEC	1	38	38	0.9285714285714286	archive		1			
wdiff_wdiff_O3	wdiff	wdiff	O3	local_main;wulver	data/raw/wdiff_wdiff_O3	data/stripped/wdiff_wdiff_O3_stripped	1	1	data/bir/wdiff_wdiff_O3.bir	381035	1	39	flat:addr->name		143	25	57	24	0			train	train	train		0		1	1	25	57	24	0	1	a0819dbad8437b4ecfedb0f83fe86f220a933cec	a0819dbad8437b4ecfedb0f83fe86f220a933cec	1	1	EXEC	1	35	35	0.96	archive		1			
wget_wget_O0	wget	wget	O0	local_main;wulver	data/raw/wget_wget_O0_sym	data/stripped/wget_wget_O0_stripped	1	1	data/bir/wget_wget_O0.bir	9317090	1	777	schemaA:functions=addr->name		1896	1536	186	0			train	train	train	train	train	0		1	1	1536	186		0	1	0800a3594e23d6a2c9158824b86c59b2dbabde01	0800a3594e23d6a2c9158824b86c59b2dbabde01	1	1	DYN	1	778	778	1.0	archive		0	no_matched_functions		
wget_wget_O2	wget	wget	O2	local_main:cross_project	data/cross_project/candidates/wget_wget_O2		1	0			0																									38bfd2ae5229af6901cdd6e6052775ef85e44184			DYN	1		581				0	no_stripped_elf;no_bir;no_labels;no_sub_graphs;no_matched_functions	local_cross_project_dir	
which2_which_O0	which2	which	O0	wulver			0	0			0															0		1	0	39			1	1												0	no_bir;no_matched_functions		
which2_which_O1	which2	which	O1	wulver			0	0			0															0		1	0	31			1	1												0	no_bir;no_matched_functions		
which2_which_O2	which2	which	O2	wulver			0	0			0															0		1	0	32			1	1												0	no_bir;no_matched_functions		
which2_which_O3	which2	which	O3	wulver			0	0			0															0		1	0	31			1	1												0	no_bir;no_matched_functions		
which_which	which	which	default	local_main;wulver	data/raw/which_which_sym	data/stripped/which_which_stripped	1	1	data/bir/which_which.bir	292180	1	25	schemaA:functions=name->addr		105	23	40	21	0		val	val	val	val	val	0		1	1	23	40	21	0	1	7eb7af5b0e09511e09a059bd2a13b9c4cb21c83a	7eb7af5b0e09511e09a059bd2a13b9c4cb21c83a	1	1	DYN	1	29	29	1.0	archive		1			
which_which_O0	which	which	O0	local_main;wulver	data/raw/which_which_O0_sym	data/stripped/which_which_O0_stripped	1	1	data/bir/which_which_O0.bir	359520	1	31	schemaA:functions=name->addr		140	61	39	60	0		train	train	train	train	train	0		1	1	61	39	60	0	1	01bef07c2c13f991e89b5245a680f02edbf1595b	01bef07c2c13f991e89b5245a680f02edbf1595b	1	1	DYN	1	35	35	1.0	archive		1			
which_which_O1	which	which	O1	local_main;wulver	data/raw/which_which_O1_sym	data/stripped/which_which_O1_stripped	1	1	data/bir/which_which_O1.bir	276361	1	23	schemaA:functions=name->addr		105	22	45	21	0		train	train	train	train	train	0		1	1	22	45	21	0	1	53f7079bc93521a5c94b63e8fa331f9bc99ecc72	53f7079bc93521a5c94b63e8fa331f9bc99ecc72	1	1	DYN	1	27	27	1.0	archive		1			
which_which_O2	which	which	O2	local_main;local_main:cross_project;wulver	data/raw/which_which_O2_sym	data/stripped/which_which_O2_stripped	2	1	data/bir/which_which_O2.bir	292180	1	25	schemaA:functions=name->addr		105	23	40	21	0		val	val	val	val	val	0		1	1	23	40	21	0	1	7eb7af5b0e09511e09a059bd2a13b9c4cb21c83a	7eb7af5b0e09511e09a059bd2a13b9c4cb21c83a	1	1	DYN	1	29	29	1.0	archive		1		local_cross_project_dir	
which_which_O3	which	which	O3	local_main;wulver	data/raw/which_which_O3_sym	data/stripped/which_which_O3_stripped	1	1	data/bir/which_which_O3.bir	299081	1	24	schemaA:functions=name->addr		103	21	43	19	0		train	train	train	train	train	0		1	1	21	43	19	0	1	c0d83f784d83570c477e4a6e59155ac8e0544294	c0d83f784d83570c477e4a6e59155ac8e0544294	1	1	DYN	1	28	28	1.0	archive		1			
xz_lzmainfo_O0	xz	lzmainfo	O0	local_main;wulver		data/stripped/xz_lzmainfo_O0	0	1	data/bir/xz_lzmainfo_O0.bir	763342	1	40	schemaA:functions=name->addr		272	216	26	79	0		train	train	train	train	train	0		1	1	216	26	79	0	1	69f9598ca4a6dc11a8e4e1425b6e88126a800442				DYN	1	120		1.0	archive		0	no_debug_elf		
xz_lzmainfo_O2	xz	lzmainfo	O2	local_main;wulver		data/stripped/xz_lzmainfo_O2	0	1	data/bir/xz_lzmainfo_O2.bir	350323	1	42	schemaA:functions=name->addr		99	45	25	7	0		train	train	train	train	train	0		1	1	45	25	7	0	1	10f43c7a4dc30823bae306856a9de1865ac7b1f5				DYN	1	92		1.0	archive		0	no_debug_elf		
xz_xz_O0	xz	xz	O0	local_main;wulver		data/stripped/xz_xz_O0	0	1	data/bir/xz_xz_O0.bir	6039556	1	138	schemaA:functions=name->addr		1390	1203	93	275	0		train	train	train	train	train	0		1	1	1203	93	275	0	1	4bb36ab009c6e2bbc8d36039c0d334612cd13769				DYN	1	677		1.0	archive		0	no_debug_elf		
xz_xz_O2	xz	xz	O2	local_main;wulver		data/stripped/xz_xz_O2	0	1	data/bir/xz_xz_O2.bir	4149531	1	138	schemaA:functions=name->addr		547	357	94	97	0		train	train	train	train	train	0		1	1	357	94	97	0	1	7070cf2ac620ed7b8d7434c596245d6a70595e15				DYN	1	445		0.9966666666666667	archive		0	no_debug_elf		
xz_xzdec_O0	xz	xzdec	O0	local_main;wulver		data/stripped/xz_xzdec_O0	0	1	data/bir/xz_xzdec_O0.bir	1660968	1	61	schemaA:functions=name->addr		374	319	25	121	0		train	train	train	train	train	0		1	1	319	25	121	0	1	2bdcaf3fe9a2f47e0fdd3e3c6ae948585f8026a4				DYN	1	180		1.0	archive		0	no_debug_elf		
xz_xzdec_O2	xz	xzdec	O2	local_main;wulver		data/stripped/xz_xzdec_O2	0	1	data/bir/xz_xzdec_O2.bir	907888	1	62	schemaA:functions=name->addr		134	81	24	30	0		train	train	train	train	train	0		1	1	81	24	30	0	1	7b97ca07866ee856fbab5fcb92be830ceee7bd48				DYN	1	135		1.0	archive		0	no_debug_elf		
zlib_example_O0	zlib	example	O0	local_main;wulver	data/raw/zlib_example_O0	data/stripped/zlib_example_O0	1	2	data/bir/zlib_example_O0.bir	14602621	1	678	schemaA:functions=name->addr		1110	1094	4	507	0		train	train	train	train	train	0		1	1	1094	4	507	0	1	7b55985d910e35a7d218cd5b95223a654573f89a	e42a268d097943fdedcd12f02e033c42f6a74a16	0	1	EXEC	1	1220	162	1.0	archive		1			
zlib_example_O1	zlib	example	O1	local_main;wulver	data/raw/zlib_example_O1	data/stripped/zlib_example_O1_stripped	1	1	data/bir/zlib_example_O1.bir	1600495	1	152	flat:addr->name		186	126	27	125	0			train	train	train		0		1	1	126	27	125	0	1	f1a6909fcfff36465f3048d916fe0adc59d8bd95	f1a6909fcfff36465f3048d916fe0adc59d8bd95	1	1	EXEC	1	148	148	1.0	archive		1			
zlib_example_O2	zlib	example	O2	local_main;wulver	data/raw/zlib_example_O2	data/stripped/zlib_example_O2	1	2	data/bir/zlib_example_O2.bir	14128852	1	684	schemaA:functions=name->addr		886	870	4	387	0		train	train	train	train	train	0		1	1	870	4	387	0	1	dc39bf0f03920a688f8c376958c86070f96aa71f	c70c54960a933ee3e0b8a814b4edbf4bb41ac5c9	0	1	EXEC	1	1192	141	1.0	archive		1			
zlib_example_O3	zlib	example	O3	local_main;wulver	data/raw/zlib_example_O3	data/stripped/zlib_example_O3_stripped	1	1	data/bir/zlib_example_O3.bir	2356536	1	139	flat:addr->name		149	89	27	86	0			train	train	train		0		1	1	89	27	86	0	1	051bd7a8de9086e00c347dee362adba88fcaecb9	051bd7a8de9086e00c347dee362adba88fcaecb9	1	1	EXEC	1	135	135	1.0	archive		1			
zlib_example_clang_O0	zlib	example_clang	O0	clang_train	clang_train/bins/zlib_example_clang_O0.debug	clang_train/bins/zlib_example_clang_O0	1	1	clang_train/bir/zlib_example_clang_O0.bir	2344108	1	158	schemaA:functions=name->addr		213	158	25			158															8c178a3b9af90f788ee783788da1f088933f96d9	8c178a3b9af90f788ee783788da1f088933f96d9	1	1	DYN	1	161	161	1.0	computed		1			
zlib_example_clang_O1	zlib	example_clang	O1	clang_train	clang_train/bins/zlib_example_clang_O1.debug	clang_train/bins/zlib_example_clang_O1	1	1	clang_train/bir/zlib_example_clang_O1.bir	1480848	1	129	schemaA:functions=name->addr		136	81	25			80															06bc9bf175b5916044fb800e17f480e69facb2ce	06bc9bf175b5916044fb800e17f480e69facb2ce	1	1	DYN	1	132	132	1.0	computed		1			
zlib_example_clang_O2	zlib	example_clang	O2	clang_train	clang_train/bins/zlib_example_clang_O2.debug	clang_train/bins/zlib_example_clang_O2	1	1	clang_train/bir/zlib_example_clang_O2.bir	1754212	1	130	schemaA:functions=name->addr		132	77	25			76															72e66172e7116a00d575a76aec9af46541757dce	72e66172e7116a00d575a76aec9af46541757dce	1	1	DYN	1	133	133	1.0	computed		1			
zlib_example_clang_O3	zlib	example_clang	O3	clang_train	clang_train/bins/zlib_example_clang_O3.debug	clang_train/bins/zlib_example_clang_O3	1	1	clang_train/bir/zlib_example_clang_O3.bir	1803271	1	128	schemaA:functions=name->addr		130	75	25			74															2253c61e9b658af01906cce664dc87e77fadd4f0	2253c61e9b658af01906cce664dc87e77fadd4f0	1	1	DYN	1	131	131	1.0	computed		1			
zlib_minigzip_O0	zlib	minigzip	O0	local_main;wulver	data/raw/zlib_minigzip_O0	data/stripped/zlib_minigzip_O0	1	2	data/bir/zlib_minigzip_O0.bir	14554259	1	677	schemaA:functions=name->addr		1098	1082	4	503	0		train	train	train	train	train	0		1	1	1082	4	503	0	1	4d1fa963296ee28cc829f9a5dcaf7d660745af19	8fbab2e7c212eb8a8967b3d46b87312377c2cdcf	0	1	EXEC	1	1217	152	1.0	archive		1			
zlib_minigzip_O1	zlib	minigzip	O1	local_main;wulver	data/raw/zlib_minigzip_O1	data/stripped/zlib_minigzip_O1_stripped	1	1	data/bir/zlib_minigzip_O1.bir	1493499	1	142	flat:addr->name		182	108	36	107	0			train	train	train		0		1	1	108	36	107	0	1	190ccf424369d90990c3bea7d9f24251b47b0e2f	190ccf424369d90990c3bea7d9f24251b47b0e2f	1	1	EXEC	1	138	138	1.0	archive		1			
zlib_minigzip_O2	zlib	minigzip	O2	local_main;wulver	data/raw/zlib_minigzip_O2	data/stripped/zlib_minigzip_O2	1	2	data/bir/zlib_minigzip_O2.bir	14084708	1	683	schemaA:functions=name->addr		887	871	4	378	0		train	train	train	train	train	0		1	1	871	4	378	0	1	487b082041beb20058c31184a6b8381b5888c078	429d9df240caaaf9031f6a1ceaf7f28296e138d1	0	1	EXEC	1	1199	131	1.0	archive		1			
zlib_minigzip_O3	zlib	minigzip	O3	local_main;wulver	data/raw/zlib_minigzip_O3	data/stripped/zlib_minigzip_O3_stripped	1	1	data/bir/zlib_minigzip_O3.bir	2212797	1	129	flat:addr->name		145	72	35	69	0			train	train	train		0		1	1	72	35	69	0	1	59daa18acf8751d8cd2a8ef415e53934ac445d53	59daa18acf8751d8cd2a8ef415e53934ac445d53	1	1	EXEC	1	125	125	1.0	archive		1			
zlib_minigzip_clang_O0	zlib	minigzip_clang	O0	clang_train	clang_train/bins/zlib_minigzip_clang_O0.debug	clang_train/bins/zlib_minigzip_clang_O0	1	1	clang_train/bir/zlib_minigzip_clang_O0.bir	2252453	1	148	schemaA:functions=name->addr		215	147	33			148															4613f36f3b74b9bf706b9df695ef779520b84777	4613f36f3b74b9bf706b9df695ef779520b84777	1	1	DYN	1	151	151	1.0	computed		1			
zlib_minigzip_clang_O1	zlib	minigzip_clang	O1	clang_train	clang_train/bins/zlib_minigzip_clang_O1.debug	clang_train/bins/zlib_minigzip_clang_O1	1	1	clang_train/bir/zlib_minigzip_clang_O1.bir	1301064	1	119	schemaA:functions=name->addr		124	58	32			58															97af880d39068cad475eb46fdeb4c48d30f4fd71	97af880d39068cad475eb46fdeb4c48d30f4fd71	1	1	DYN	1	122	122	1.0	computed		1			
zlib_minigzip_clang_O2	zlib	minigzip_clang	O2	clang_train	clang_train/bins/zlib_minigzip_clang_O2.debug	clang_train/bins/zlib_minigzip_clang_O2	1	1	clang_train/bir/zlib_minigzip_clang_O2.bir	1550648	1	120	schemaA:functions=name->addr		121	55	32			55															23d5a8e7c6b3b043e1b6deea5c0576e14510238e	23d5a8e7c6b3b043e1b6deea5c0576e14510238e	1	1	DYN	1	123	123	1.0	computed		1			
zlib_minigzip_clang_O3	zlib	minigzip_clang	O3	clang_train	clang_train/bins/zlib_minigzip_clang_O3.debug	clang_train/bins/zlib_minigzip_clang_O3	1	1	clang_train/bir/zlib_minigzip_clang_O3.bir	1586128	1	118	schemaA:functions=name->addr		119	53	32			53															001b9883ab8c516f72ebeec6f011cb0f273b1e21	001b9883ab8c516f72ebeec6f011cb0f273b1e21	1	1	DYN	1	121	121	1.0	computed		1			
zsh_zsh_O0	zsh	zsh	O0	wulver			0	0			0															0		1	0				1	1												0	no_bir;no_sub_graphs;no_matched_functions		
zsh_zsh_O1	zsh	zsh	O1	wulver			0	0			0															0		1	0				1	1												0	no_bir;no_sub_graphs;no_matched_functions		
zsh_zsh_O2	zsh	zsh	O2	wulver			0	0			0															0		1	0				1	1												0	no_bir;no_sub_graphs;no_matched_functions		
zsh_zsh_O3	zsh	zsh	O3	wulver			0	0			0															0		1	0				1	1												0	no_bir;no_sub_graphs;no_matched_functions		
zstd_zstd_O0	zstd	zstd	O0	local_main;local_main:_p0_0_6_xrep;wulver		data/stripped/_p0_0_6_xrep/zstd_zstd_O0_stripped	0	1	data/bir/_p0_0_6_xrep/zstd_zstd_O0.bir	45947716	1	1494	schemaA:functions=name->addr		0	0		0								0		1	1				1	1					EXEC	1	2433		1.0	computed		0	no_sub_graphs;no_matched_functions		
zstd_zstd_O1	zstd	zstd	O1	local_main:_p0_0_6_xrep;wulver		data/stripped/_p0_0_6_xrep/zstd_zstd_O1_stripped	0	1	data/bir/_p0_0_6_xrep/zstd_zstd_O1.bir	28512687	0															0		1	0				1	1					EXEC	1	1107		0.9766666666666667	computed		0	no_sub_graphs;no_matched_functions		
zstd_zstd_O2	zstd	zstd	O2	local_main;local_main:_p0_0_6_xrep;wulver		data/stripped/_p0_0_6_xrep/zstd_zstd_O2_stripped	0	1	data/bir/_p0_0_6_xrep/zstd_zstd_O2.bir	22498124	1	1497	schemaA:functions=name->addr			0		0								0		1	0				1	1					EXEC	1	1050		0.9766666666666667	computed		0	no_sub_graphs;no_matched_functions		
zstd_zstd_O3	zstd	zstd	O3	local_main:_p0_0_6_xrep;wulver		data/stripped/_p0_0_6_xrep/zstd_zstd_O3_stripped	0	1			0															0		1	0				1	1					EXEC	1	990					0	no_bir;no_sub_graphs;no_matched_functions		
